id,depth,nlits,attempt,timeout,status,solve_s,conflicts,proof_bytes,proof_lines,proof_sha,checker,verify_s,verified,elapsed_s,when,tail
3,0,14,1,600.0,UNSAT,1.1,26821,1969076,,f84ada183e0b9f7c2fd8b49eba29a3182e6308be91290ae6fc4f57cfff6f0c5c,drat-trim,0.6,True,1.8,21:04:59,
0,0,14,1,600.0,UNSAT,1.2,30385,2271916,,c9ad396cf635bb269a4e946a4f8bf675a0e8264dbe33e098df4703bd325e0e95,drat-trim,0.8,True,2.2,21:04:59,
4,0,14,1,600.0,UNSAT,1.6,40480,2645850,,37a287898aafc990323f13f892708319d12f21b7fbddf61b608022ca302062c8,drat-trim,1.1,True,2.8,21:05:00,
1,0,14,1,600.0,UNSAT,1.7,40219,2684014,,c0428f58f410b218278bc14cededb0543a7b2141cac286cac5496087677ecd4a,drat-trim,1.0,True,2.8,21:05:00,
12,0,14,1,600.0,UNSAT,1.7,43241,2923038,,5b4cb6d9c7a5ffca3704a8b52c7374af601ba20130082d8971e219f91a84d1ac,drat-trim,1.2,True,3.1,21:05:00,
2,0,14,1,600.0,UNSAT,1.8,45635,3267058,,c8da73fa259c9bbe0db99509ed0575c20b063716877b7957a09cf133b77613bf,drat-trim,1.4,True,3.3,21:05:00,
9,0,14,1,600.0,UNSAT,2.4,58674,4121146,,e81447f3ea3ed56310fca9f3e70bb828ef79156ed1254930105c93c5661c6e14,drat-trim,1.8,True,4.3,21:05:01,
5,0,14,1,600.0,UNSAT,2.5,60924,4285829,,6cf0381d22839a37521a78d0946ca4a4d51bfee99e69649b8814b1d4801bbb70,drat-trim,1.9,True,4.6,21:05:02,
6,0,14,1,600.0,UNSAT,2.9,69382,4647231,,c6def25a9d389669bd27cd23d3c4de85625bed2f80a1431f5c3f339fab8eda7f,drat-trim,2.3,True,5.3,21:05:02,
13,0,14,1,600.0,UNSAT,3.3,78671,5279377,,68a3c0831e5c46bbe022b4d862cbc6ceffea5d087f196466846218d9e7c2bf7c,drat-trim,2.6,True,6.0,21:05:03,
16,0,14,1,600.0,UNSAT,1.9,46866,3215416,,9f88b23fed313c36a3eff346173ae02d95e9c55924200f3a463de55e57e394b2,drat-trim,1.5,True,6.2,21:05:03,
8,0,14,1,600.0,UNSAT,3.8,85683,5701334,,ee555816cc3600afcb7f1d5a07bbadf48299220ca9ac7c8cfa3628d5885e7009,drat-trim,2.8,True,6.8,21:05:04,
15,0,14,1,600.0,UNSAT,2.6,63666,4452381,,f6a986d878121b9bd0e5a034bf5783f7ccc639846cd57b528f4b638a0fa0c8aa,drat-trim,2.0,True,6.8,21:05:04,
10,0,14,1,600.0,UNSAT,3.9,89645,6124398,,99bdb1046be5d781ce767dafde72aba86809aa482995b7fb7d9dd33ec55f186d,drat-trim,3.1,True,7.1,21:05:04,
17,0,14,1,600.0,UNSAT,3.0,68750,4673620,,f494fe2967527703767e220f1d56a2b1f07c72b21cb4b145390665ab5593a4b2,drat-trim,2.2,True,8.1,21:05:05,
18,0,14,1,600.0,UNSAT,3.1,67946,4714965,,0e0db26ee69228ecc67afcd9addb7d16a433236d80a14b8842ec386c56deab3a,drat-trim,2.3,True,8.5,21:05:06,
26,0,14,1,600.0,UNSAT,1.2,30159,2177533,,c74d716769a1e4f0ed00c71b3a400b0adecb05b86c90b241491f31c1c94f02ed,drat-trim,0.9,True,8.8,21:05:06,
11,0,14,1,600.0,UNSAT,4.7,109183,7587658,,acf61182357f20d87e228b1827e4d7e2b69eaf35cf80c8ec2899bcf3cb46df59,drat-trim,4.1,True,8.9,21:05:06,
24,0,14,1,600.0,UNSAT,2.0,45980,3050134,,5956e083ffe73ce0287bd5352434c854d657c261cd3f2abf6df7dd68e52bf611,drat-trim,1.3,True,9.4,21:05:06,
32,0,14,1,600.0,UNSAT,0.4,8949,784802,,62873dd8c6ef7de2f49ab3e4f777545f29d5f79e0495cd82c4f3564016ab73f3,drat-trim,0.3,True,10.2,21:05:07,
20,0,14,1,600.0,UNSAT,3.5,78166,5183866,,9102bee58d310bc83204fc8a94e7ab073ca6ca90efcf3fa43a235d37446a07bc,drat-trim,2.5,True,10.3,21:05:07,
28,0,14,1,600.0,UNSAT,1.8,42068,2940054,,579ba7442d2989584b92170361e125391da38717552b340fcd33a74aa10827dc,drat-trim,1.3,True,11.2,21:05:08,
22,0,14,1,600.0,UNSAT,3.4,78409,5385570,,8e911355e888ef479eeb0c3303d8606d11c7aca62662003f5492abfb40fb9a3f,drat-trim,2.5,True,11.4,21:05:08,
33,0,14,1,600.0,UNSAT,1.0,25736,1808663,,6596bb089a988717f7ee86d1d80c59b92b5fd0092dab636da53bc6aea0f473ed,drat-trim,0.5,True,11.7,21:05:09,
34,0,14,1,600.0,UNSAT,0.9,19563,1413404,,3d00a2a0fde71516a9c7a1d66596a5edf384039a6d02b24dd418e2bffac95b02,drat-trim,0.6,True,11.7,21:05:09,
25,0,14,1,600.0,UNSAT,2.9,66019,4371718,,77ab6087b87557d9c29b7f3e4de4633f95227de39529ae043e81c2762bd704ad,drat-trim,2.1,True,11.8,21:05:09,
30,0,14,1,600.0,UNSAT,1.9,45844,3371223,,0850abd736b8df049ee025bcc156a09dedc290252d79754671ec6fd65aa4a3fb,drat-trim,1.5,True,12.3,21:05:09,
36,0,14,1,600.0,UNSAT,0.7,14968,1304444,,55ddb4232b97fa85c465acb1313df1905db93cb4091d0db9871b711041a574c9,drat-trim,0.5,True,12.6,21:05:10,
35,0,14,1,600.0,UNSAT,0.9,21559,1607694,,881999382b04286c0d2b5cf9d6dc6971c85e7333cc169ead4f9f0a28df8733be,drat-trim,0.6,True,12.8,21:05:10,
38,0,14,1,600.0,UNSAT,0.7,13320,859171,,2ac31445b78107faab8958e6dffaee784f3d14d74d201d01923e9e31de68f566,drat-trim,0.4,True,12.8,21:05:10,
37,0,14,1,600.0,UNSAT,0.7,14959,1220763,,73c223d31168d26095c08ab74c9e03efb3516899f60ec5454705e71cacced9e8,drat-trim,0.5,True,12.9,21:05:10,
29,0,14,1,600.0,UNSAT,2.5,60727,4139561,,e125506b77436221d802b620d9c371d074c020c27df986c92ebf30372d5910aa,drat-trim,1.8,True,12.9,21:05:10,
7,0,14,1,600.0,UNSAT,6.9,154752,10661373,,59601c813d477a9360e15d7c136be6846552c2ddd13c11777bba31b53445e850,drat-trim,6.2,True,13.3,21:05:10,
14,0,14,1,600.0,UNSAT,6.3,136530,9909226,,76c3075f92f6e4e736d25d627e6eb1db1ec4f979e8f45e1000b7a7fa5a11424d,drat-trim,5.3,True,13.5,21:05:10,
39,0,14,1,600.0,UNSAT,1.2,29058,1853847,,4ab13da9fbe4e33f027dacccac5f3102d3f12d7e149f5d3a6068323c986396f2,drat-trim,0.9,True,13.9,21:05:11,
48,0,14,1,600.0,UNSAT,1.2,29243,1970852,,e4636109dbdc9b4a1191b8732dbb9a28a850b31f7c2f20a2407a99b496cc8af6,drat-trim,0.7,True,15.7,21:05:13,
19,0,14,1,600.0,UNSAT,7.1,143352,10586953,,18652fe15102cd806d45c96ccb8e1ded270b713fdb3b70ae53ef332d31bdc841,drat-trim,5.6,True,16.0,21:05:13,
40,0,14,1,600.0,UNSAT,2.3,52353,3454785,,fbf847c586e8813414d780d2f079d0a97d3eb9c817acde6614b0e1eb15c5614c,drat-trim,1.8,True,16.4,21:05:13,
50,0,14,1,600.0,UNSAT,0.4,8334,457375,,49b5250003d626124c1ab88b430267c24b799e8367da7be39af6b8b16576d93c,drat-trim,0.3,True,16.6,21:05:14,
41,0,14,1,600.0,UNSAT,2.5,61368,3936807,,590910b16a9b45a86bd8450f17ac0efc77a4b6c2222935de21987b15a6b9ce16,drat-trim,1.8,True,16.8,21:05:14,
49,0,14,1,600.0,UNSAT,1.1,27880,1885021,,f11f0fcd34ca5a7518571ae0600ef37d9cf18b7d9d9085d57193dd5405783e04,drat-trim,0.7,True,17.5,21:05:15,
51,0,14,1,600.0,UNSAT,0.6,12391,1068505,,c2f96ef1cdd58e60b1122a83fab91be9d01845ef84d07694d26fc5b42992e342,drat-trim,0.4,True,17.5,21:05:15,
46,0,14,1,600.0,UNSAT,2.8,61103,4157560,,9706a22e6bc6fb82934e2c7c894767cb0393024a08618d8abd4ba8fbe67415d7,drat-trim,2.0,True,18.0,21:05:15,
47,0,14,1,600.0,UNSAT,2.7,61168,4073606,,744580cd50f0cfffb2fdb1c7eaa443d589ea033aab260f401c4a17e1d557d10c,drat-trim,2.0,True,18.2,21:05:15,
42,0,14,1,600.0,UNSAT,3.2,75752,4962200,,1dc7566bab7993d811f159a8b4f24cc062284c8c67db959fa691180268056a86,drat-trim,2.4,True,18.3,21:05:15,
45,0,14,1,600.0,UNSAT,3.2,76714,4918397,,1b480b66652c7d8f2b29006cbc0b92343b97f399e2521cc64bf15fe73dec4cfe,drat-trim,2.3,True,18.4,21:05:15,
27,0,14,1,600.0,UNSAT,6.1,126083,9083327,,08f5eaca1400c6a9e0b02e8c18de47ced397727ab4e32f70f035e0df834cbca7,drat-trim,5.2,True,18.4,21:05:15,
44,0,14,1,600.0,UNSAT,3.8,88129,5577444,,766714220b45f2f26e55eafb00fcbac2ac02f603bdc8373e1717cd3f250ae23f,drat-trim,2.6,True,19.3,21:05:16,
54,0,14,1,600.0,UNSAT,1.1,29527,2013797,,932d3c7226cc172c69ffe47704ebd735e3b6914c37cbff2e8a488f1b223e11a5,drat-trim,0.8,True,19.4,21:05:16,
43,0,14,1,600.0,UNSAT,3.7,82703,5837402,,34a9efbd10fe255e9f87cb5e7095c418e6401b980cd488bb740ce48888a94dc8,drat-trim,2.9,True,19.5,21:05:17,
56,0,14,1,600.0,UNSAT,1.2,28334,1996423,,7d50fb5a8135a1866d694bef4e39fba8ac57cb5d9dca0407ec8930fcf3bb35e2,drat-trim,0.7,True,20.0,21:05:17,
21,0,14,1,600.0,UNSAT,8.6,161131,11451364,,e24e85fed7dc3134f1ba0a3887301e9cfef3bdbcbb5adeee9a4e0b89e3f03617,drat-trim,7.1,True,20.3,21:05:17,
57,0,14,1,600.0,UNSAT,1.4,31747,2333753,,45b27c69fe1b5dbca954a7727b731be5000c11ce5bb787c22394d9f97c476ad3,drat-trim,0.9,True,20.4,21:05:17,
64,0,14,1,600.0,UNSAT,0.3,7336,408628,,117279cc45716df59a3b1091ada099cf6fb8dbbb37fca9cfb611061fb7608eca,drat-trim,0.2,True,20.5,21:05:18,
65,0,14,1,600.0,UNSAT,0.4,9258,774955,,8e9cf5eab9f05d92221286157099c900593bbd6fe9ff956833ab44fdcda62baf,drat-trim,0.3,True,21.0,21:05:18,
53,0,14,1,600.0,UNSAT,2.4,58466,3807323,,7a0e7e5cc88dcab557c9538f437762c18a01c774434c2232cf0fa12144804951,drat-trim,1.7,True,21.0,21:05:18,
66,0,14,1,600.0,UNSAT,0.3,8294,464908,,27ed57f8f7bc17447cce9aae5a332a4e8ad4498f68b00187c6af9a2c863cb604,drat-trim,0.3,True,21.0,21:05:18,
52,0,14,1,600.0,UNSAT,2.6,60031,3834651,,7c8196ad73a6793c050a7007103a0df8e0070bd3ac57b6af7e691e38d59e1e13,drat-trim,1.8,True,21.0,21:05:18,
60,0,14,1,600.0,UNSAT,1.6,41130,2628979,,bdcc8e5d74527cc2a4eae5187dc26be8b11ec7b1bdaae58ef05d7b8c2330dc31,drat-trim,1.1,True,21.1,21:05:18,
71,0,14,1,600.0,UNSAT,0.3,8469,460525,,16e0f1b8216a917f7dd5d17d263c413fe75e3fc20893eeff4440d8f6b731012b,drat-trim,0.2,True,21.6,21:05:19,
67,0,14,1,600.0,UNSAT,0.8,17790,1200803,,26eaeb1be33e3b6b4c0bf21d7663dfe8671e6f3dcb56a680174734ecc8931586,drat-trim,0.5,True,21.8,21:05:19,
69,0,14,1,600.0,UNSAT,0.5,9614,800042,,1d409d54dbf3b4d697452be302c16b5ba63047d8e66c1825567b257b506fc591,drat-trim,0.3,True,21.8,21:05:19,
70,0,14,1,600.0,UNSAT,0.6,12853,837184,,2236501255a73d54816f8e2a7c08d0e0f9e8e0e2c0c0e0be19856303c506b957,drat-trim,0.3,True,22.0,21:05:19,
68,0,14,1,600.0,UNSAT,0.6,12738,801809,,94749c2cb6261623fbc35719fd306ee12e3f61f04ce3ac49575433685f344947,drat-trim,0.4,True,22.0,21:05:19,
55,0,14,1,600.0,UNSAT,2.9,68063,4640067,,129b14eb3a89c4b3296e6eb76f58242a163d8a84fc65129342739995df511ac3,drat-trim,1.9,True,22.3,21:05:19,
58,0,14,1,600.0,UNSAT,2.6,59426,3985440,,4b6e527ce26eab4f753e97cfc1f55e670d1ae7220cdc770527ccf8c685a7b7c2,drat-trim,1.8,True,22.6,21:05:20,
76,0,14,1,600.0,UNSAT,0.6,12323,953489,,4021399fbdbafd52aac7a0e4dd0e70781bcb1ee96a5aa55282678efd3db63cd9,drat-trim,0.4,True,22.9,21:05:20,
80,0,14,1,600.0,UNSAT,0.2,5965,350057,,46fc90a50d03f516aa8377ae4a0f5704a277eee60ded67df8de337497915bdf3,drat-trim,0.2,True,23.4,21:05:20,
72,0,14,1,600.0,UNSAT,1.5,37795,2637385,,a3836c9d27ff4fd40d200ce714e3aa7431870cf6629a9e4288ab0c799f59fafc,drat-trim,1.0,True,23.7,21:05:21,
81,0,14,1,600.0,UNSAT,0.7,16629,1202361,,1191f32418474b3c6db3b8039511a60bdbda56767436b757b29d9b99e8255bb5,drat-trim,0.5,True,24.6,21:05:22,
82,0,14,1,600.0,UNSAT,0.7,15883,1234204,,5ffc000d64cfdb84b4464ae58b5f973474af9ea454eef00dad9b01bb3a472af1,drat-trim,0.5,True,24.9,21:05:22,
73,0,14,1,600.0,UNSAT,2.2,49395,3564931,,b906f0f65b5620487d71943305e9eb2aedcb5cccb1610b7802a8de39511997ee,drat-trim,1.5,True,25.5,21:05:23,
84,0,14,1,600.0,UNSAT,0.4,9146,743538,,ea4b94d338961a3daea430b32e6ef9888cb1c8f9c26e1ea848e12215cabcbb78,drat-trim,0.3,True,25.6,21:05:23,
23,0,14,1,600.0,UNSAT,10.8,212810,15851666,,7efc453fbf535308efd9e13b308546c589b5252f78a117e2dd01f2e10aa97c47,drat-trim,9.1,True,26.0,21:05:23,
83,0,14,1,600.0,UNSAT,0.8,18990,1368566,,9eb712ac7cc7b58d22b82cecb9231aa32d0a5a15e83bb7bc3850dea42205490f,drat-trim,0.5,True,26.0,21:05:23,
77,0,14,1,600.0,UNSAT,2.6,60727,3838026,,19f8586ffdb91f91722e6076f4985187d5658b708c86f236a9922f09177aa8eb,drat-trim,1.9,True,26.5,21:05:24,
75,0,14,1,600.0,UNSAT,2.7,64571,4307012,,c8d7ed1b0e6850bb75044825d50df4ac3493540fb12d7f1919cdceab3cebcf7c,drat-trim,2.1,True,26.6,21:05:24,
85,0,14,1,600.0,UNSAT,0.8,18131,1351368,,a6182b7f63190b641a2f20eafc376ddaa60d5cef3bc9d4015a5f371e2d026f59,drat-trim,0.5,True,26.7,21:05:24,
87,0,14,1,600.0,UNSAT,0.5,10571,698465,,c21228840cfce51529ccf5aef2552955594dbd840acff3df81ab30d1b92615d2,drat-trim,0.3,True,26.9,21:05:24,
74,0,14,1,600.0,UNSAT,3.1,75146,4923208,,6d584c4688f9a9235dbd59c3d4cb3a91d08063733a1114cb8ce749ebf24ef58e,drat-trim,2.1,True,27.1,21:05:24,
78,0,14,1,600.0,UNSAT,2.8,65713,4159581,,e615c55cbb82f67a6628bd389b3fa4fb03133e09eeae700115ce23af2b32aba8,drat-trim,2.0,True,27.1,21:05:24,
86,0,14,1,600.0,UNSAT,1.0,26961,1865247,,3c354306da00025d0b2f9e73e5e97e02527cd59296d9acf6e97c9c66d38c7318,drat-trim,0.6,True,27.3,21:05:24,
61,0,14,1,600.0,UNSAT,4.5,94623,7079522,,c7e3674e5ec70a4667fa6e484aaaf39870adc4b3b2a09e11adc98ac32af5957a,drat-trim,3.7,True,27.5,21:05:24,
88,0,14,1,600.0,UNSAT,0.8,19619,1433850,,70858fc4fc561888c5849737cc5400539d0455a99ecae47823260a2e0cc24726,drat-trim,0.6,True,27.5,21:05:24,
79,0,14,1,600.0,UNSAT,3.0,70112,4576295,,c7349e34ffcb3d6d92d838cfbe0211a7c5aff2807232506e098544b913bca85b,drat-trim,2.0,True,27.7,21:05:25,
63,0,14,1,600.0,UNSAT,4.5,99394,6754883,,89bc6228a6b7b2cdd58f61264f1672d51a36b627b1e526cdeeccb2691cf2870c,drat-trim,3.7,True,27.7,21:05:25,
59,0,14,1,600.0,UNSAT,5.5,119081,8319079,,c9a2000689ec7b2b6242310f18f7a0cbf2c9ffec135407e8ae9b745dcd098d78,drat-trim,4.5,True,28.4,21:05:25,
96,0,14,1,600.0,UNSAT,0.8,18516,1424870,,c45bed876ca043fdec935bff5e4522f7022d97de641799bf1e5151ed4d7f8213,drat-trim,0.5,True,28.8,21:05:26,
62,0,14,1,600.0,UNSAT,5.2,117874,7921266,,e7aea326e8a5a8b641cc966f0d397c329cb2286e27dd2296b149ec284a6b5620,drat-trim,4.2,True,28.9,21:05:26,
31,0,14,1,600.0,UNSAT,11.2,225860,16148063,,6d96f8338c55cf17b3ecf30e2d886abd3a4891ec449bdde16583fb0cfdc33ddb,drat-trim,9.1,True,29.2,21:05:26,
98,0,14,1,600.0,UNSAT,1.0,25894,1696770,,8cf3f1ef6025919e8b6ff5443c03302e71545673de8acd2b6ffc1c2d04099634,drat-trim,0.7,True,29.4,21:05:26,
93,0,14,1,600.0,UNSAT,1.6,37557,2439407,,eaf075d6cdc6ce92f15e185b08b968e9afc60473ba7df352274370efddcbff11,drat-trim,1.1,True,29.8,21:05:27,
101,0,14,1,600.0,UNSAT,0.6,12494,859949,,63a310e0a61f394780976a4555094c14da1a147ad5746756aa31471d51d7c5b6,drat-trim,0.4,True,29.8,21:05:27,
100,0,14,1,600.0,UNSAT,1.0,18581,1441231,,af7b9d5b7c04d35298021de246bcff08af103b8bb142638cd5152d933e96ab87,drat-trim,0.5,True,29.8,21:05:27,
99,0,14,1,600.0,UNSAT,1.4,33927,2682601,,5997e03bff23208396e9773fb31ad26cd26f5958fa9ed750c5c3ab9d59544aad,drat-trim,0.8,True,30.0,21:05:27,
102,0,14,1,600.0,UNSAT,0.7,15718,1290086,,0ff73621323d042f1aba4ec1032a50a9c9adc1387f2454cae422f581206fb0cd,drat-trim,0.4,True,30.0,21:05:27,
97,0,14,1,600.0,UNSAT,1.8,43024,2923141,,5d3b7cbc12ad903f384f754dfa9b2e044eb015e8598487e57bdfb5e3a43ad842,drat-trim,1.0,True,30.3,21:05:27,
92,0,14,1,600.0,UNSAT,2.2,54334,3707458,,dc920f428fa2c28e657c2146da244147c23c926443f4e518edfeb361c445eaee,drat-trim,1.4,True,30.4,21:05:27,
89,0,14,1,600.0,UNSAT,2.7,65073,4229428,,b570e75ab5481e7025e40c67b1dd3e0671c6c8ee8b58393211998b11eb2d4b1f,drat-trim,1.7,True,30.9,21:05:28,
94,0,14,1,600.0,UNSAT,2.3,57562,3586402,,4241f73e8306a003251670857a6863edabcf88398dff3a396bb55c0dcfa94ed8,drat-trim,1.6,True,31.0,21:05:28,
90,0,14,1,600.0,UNSAT,2.6,62643,4001064,,e223d3da30fd0d545df5b3ee77e5e6cce1049c706ba74d04124ca8c271621b7c,drat-trim,1.9,True,31.1,21:05:28,
103,0,14,1,600.0,UNSAT,1.1,27148,1956996,,3b60f20bcf94e87691826249f07ceb69edf53e7105c99496c20d10aefd1750c9,drat-trim,0.8,True,31.1,21:05:28,
114,0,14,1,600.0,UNSAT,0.3,7617,518097,,0988e84607123932dc0d1ee3d70cffb3fab4d93c9a8cf03bd31847ba465c6206,drat-trim,0.3,True,31.7,21:05:29,
115,0,14,1,600.0,UNSAT,0.6,11992,846812,,8ea7ff2daacb45882ca990dcb68d938e7b952119ac174242bd48789b009f3049,drat-trim,0.4,True,32.1,21:05:29,
113,0,14,1,600.0,UNSAT,0.8,18099,1329248,,24533ae5c23a3921e3fa8e28c5fd36b3c3c9c7a1cc32200836479203314e8bea,drat-trim,0.5,True,32.3,21:05:29,
112,0,14,1,600.0,UNSAT,0.9,21988,1541957,,40adf0c4abf784c4c4bb250f58bd75158b0e7a1132e00c4d88be84239ce27c85,drat-trim,0.6,True,32.6,21:05:30,
106,0,14,1,600.0,UNSAT,1.7,36141,2509156,,af7b36e298f3ea65ce1c86877356e685e2f03e2818d51ce1eb63ce4ef008bb14,drat-trim,1.1,True,32.6,21:05:30,
110,0,14,1,600.0,UNSAT,1.6,35730,2569113,,7177309ae43eded0f28aefb8620c54d13fa081b88a2da0cc865b8d324e723e79,drat-trim,1.1,True,33.0,21:05:30,
105,0,14,1,600.0,UNSAT,1.9,45390,2894681,,f9c2a9ea353a701dab6d9b57732a4da24419ffa85ec58422fab5ec111c23b11c,drat-trim,1.3,True,33.0,21:05:30,
91,0,14,1,600.0,UNSAT,3.7,83987,5241331,,fbed3721e1c41921da57af11d1df1cd7b1f8ed9ff89191141552acf5c97c3d93,drat-trim,2.6,True,33.2,21:05:30,
120,0,14,1,600.0,UNSAT,0.7,13346,1010669,,b0c3f804cdb9b06a8029f51a0f639183817a57c5465944ed7593bb8db7941641,drat-trim,0.4,True,33.6,21:05:31,
95,0,14,1,600.0,UNSAT,3.8,90000,5637136,,8aefc72f1495e3cbcb4e038c6b4f0605bba45c5008f9fdbb647407d8fa43bc15,drat-trim,2.6,True,33.8,21:05:31,
104,0,14,1,600.0,UNSAT,2.7,64384,4192724,,05562a167fee4c12e6b21bedd6012dadcf3c25bbae1e3c5cd01ce0d7434b4315,drat-trim,1.7,True,34.0,21:05:31,
118,0,14,1,600.0,UNSAT,1.1,26007,1646700,,4f260088751a7fc84bd4fa27c3705f814b558e05129f128f20d65dc58b1e7767,drat-trim,0.7,True,34.0,21:05:31,
108,0,14,1,600.0,UNSAT,2.7,61387,4055687,,770ede959ae4c2562a3760505d3cab94a38541b24dfdce8f292d0aca75b20f69,drat-trim,1.7,True,34.3,21:05:31,
116,0,14,1,600.0,UNSAT,1.6,41353,2519473,,6c7480407e2f589fe331688f4a2dc9eaf3b3a79a9a38d789ed78e049efbe298e,drat-trim,1.1,True,34.4,21:05:31,
121,0,14,1,600.0,UNSAT,1.0,19675,1449589,,46a88b57916ff93f03d83c654ce6d03a3599c8e9b206341eb44374f27582fd77,drat-trim,0.6,True,34.6,21:05:32,
109,0,14,1,600.0,UNSAT,2.7,58553,4173211,,f75d41f8708d825ae7b8488b304d3c0da9db337c5d42127c80994c316b5cd7b0,drat-trim,1.9,True,34.6,21:05:32,
117,0,14,1,600.0,UNSAT,1.7,43204,2731488,,cdfa39a1f36be191f2829da309919c0279cf3eda26f500cf7a19786a365ba808,drat-trim,1.2,True,35.1,21:05:32,
119,0,14,1,600.0,UNSAT,1.7,39704,2539073,,d20285d2d02d7783dd9c002a7fc6bbee9328dea4b0340db8062845031bb8cead,drat-trim,0.9,True,35.1,21:05:32,
124,0,14,1,600.0,UNSAT,1.0,23826,1703505,,04ba07f93e40c4df8f0ed250cfc1d861e6123592a9b245dbbc8a6f6b9e0ed8b6,drat-trim,0.4,True,35.1,21:05:32,
130,0,14,1,600.0,UNSAT,0.9,20647,1480551,,9868c67932ce5c0df23f9768547f43ae698bfa19733e42fcaadce290f80a5ecb,drat-trim,0.6,True,36.1,21:05:33,
131,0,14,1,600.0,UNSAT,0.9,19357,1523267,,578cf92fde9c2f1377036768801269b014864260f585a9c4a04e9a0fafd5fef0,drat-trim,0.6,True,36.2,21:05:33,
128,0,14,1,600.0,UNSAT,1.3,32547,2314869,,d189c26937ab407c8aecac171c59d8fa75e38ca592cb2c552b1ebe21ff20bbf5,drat-trim,0.9,True,36.5,21:05:34,
125,0,14,1,600.0,UNSAT,1.9,42353,3091554,,6e4862525275a51368758b3fb2c1eee170ebb0c122083445b70f82719795ad97,drat-trim,1.3,True,36.9,21:05:34,
123,0,14,1,600.0,UNSAT,2.3,54319,3633626,,fc400f9c821e63a0c1db4b039f2e739711921f3a77e208528344563edeab7c9b,drat-trim,1.6,True,37.1,21:05:34,
129,0,14,1,600.0,UNSAT,1.8,43507,2863098,,0177b09518fde1c840130cd665c2f7c92de98021510e9384f3103590a26fd069,drat-trim,1.1,True,37.3,21:05:34,
122,0,14,1,600.0,UNSAT,2.6,58242,3997580,,25b82b3ff6c59a93323e86970df16c7d13dc5e2eb785ba30455bf7c049115ecb,drat-trim,1.8,True,37.4,21:05:34,
137,0,14,1,600.0,UNSAT,0.7,17917,1358563,,93548d314e4cd0a0ca904f03483b5b84a5c9be09a4d0874c6b7eced141868a8d,drat-trim,0.6,True,37.8,21:05:35,
111,0,14,1,600.0,UNSAT,4.4,95380,6555160,,4342d116c9ae0e429bb1a70fe5b56193227427422d9e2ecdd7a77d6fc5cf3acf,drat-trim,3.0,True,37.8,21:05:35,
136,0,14,1,600.0,UNSAT,1.1,25594,1712821,,b84eb4588aa16bfe47cfbb6cf30be3bd488c73a7ff2eb9b42488561b07884191,drat-trim,0.7,True,38.0,21:05:35,
107,0,14,1,600.0,UNSAT,4.9,110985,7258845,,df837c7ca8d224589fa8595c2f117b53a4e2a2875d45c837f3e695aff35a814b,drat-trim,3.7,True,38.5,21:05:36,
140,0,14,1,600.0,UNSAT,1.2,30520,2025929,,fed3361efa2d8babf3913636b16aa39c4dda258079cf837ac6344efe3c9ca789,drat-trim,0.8,True,39.4,21:05:36,
138,0,14,1,600.0,UNSAT,1.5,36599,2466139,,76a95e118ca41962b2a5f0cca2783f73dcef0cbbd5382af392bbb22e67a133c4,drat-trim,1.0,True,39.5,21:05:37,
139,0,14,1,600.0,UNSAT,2.0,43860,2920064,,31eb997406b43067c7704ba16f029d6f9594835a19ce6cba3cf94de106692fcf,drat-trim,1.2,True,40.3,21:05:37,
145,0,14,1,600.0,UNSAT,1.2,26848,2038564,,1df868d1f9ce3d1dd88aac5ab6540a877c8351fb3a1128106834567fc5127153,drat-trim,0.8,True,40.5,21:05:37,
135,0,14,1,600.0,UNSAT,2.8,67083,4490201,,8ea57b3c238215e0d47a5901e51f713c21dcdf7f53ec6b7c5242ccbb9e0a7aee,drat-trim,2.0,True,40.9,21:05:38,
126,0,14,1,600.0,UNSAT,4.0,91781,6624851,,d524ae6d20fe3df7edbf966e64dbe754cad4b60ec1874fd9abef0de5236eda37,drat-trim,3.2,True,41.1,21:05:38,
127,0,14,1,600.0,UNSAT,4.1,93189,6529771,,a568097024ecc41ecade822657b475f24403e758bf53ea362d0935797416d59e,drat-trim,3.1,True,41.3,21:05:38,
149,0,14,1,600.0,UNSAT,0.9,18756,1552580,,156fa31cc7eba54e2ace0da2e0691e9d3e067da68c353fc21bcd8a2e2858a9cf,drat-trim,0.5,True,41.9,21:05:39,
141,0,14,1,600.0,UNSAT,2.8,65135,4558159,,6b59e6ed937983e35d92453652ccb9dfceb34d1f4f3eeed5eb1e392867a3d9c7,drat-trim,2.0,True,42.2,21:05:39,
144,0,14,1,600.0,UNSAT,2.7,66389,4443278,,6ec4b862c9978ca52c38008d5c9329c2035f08f0016bf78b7ade3d23f1840e52,drat-trim,2.0,True,42.7,21:05:40,
132,0,14,1,600.0,UNSAT,4.5,101722,6674483,,241cd85bae1efcffcb20bdabc1641e1246dd5a2e103a92feea116af93f31512c,drat-trim,3.4,True,43.0,21:05:40,
142,0,14,1,600.0,UNSAT,3.1,69559,5049991,,e43349f152f1c013b5991bb0a88ed1ee9364c5c7ffeec1d7e5674a8de2d79f0c,drat-trim,2.1,True,43.1,21:05:40,
148,0,14,1,600.0,UNSAT,1.6,38802,2683752,,c35ff52f8204f146de5601a32c6abd2992f9b0945fd2399b225e1205ef56bbe7,drat-trim,1.2,True,43.2,21:05:40,
133,0,14,1,600.0,UNSAT,4.8,106446,7106379,,0b4a11452274c14afadc9130f5d5afbb985763e117451ce47148335dd113da1c,drat-trim,3.6,True,43.5,21:05:41,
153,0,14,1,600.0,UNSAT,1.2,27109,2060174,,672433827e20559515105ae45fbe259ae38273ceb7e6f3d2bd0da7c2d65d27ad,drat-trim,0.8,True,43.8,21:05:41,
157,0,14,1,600.0,UNSAT,0.6,13207,914302,,c8024309b348f428cdbfa4ed75d069e6b73a48d1cf258abe9361c202bca5c602,drat-trim,0.4,True,44.1,21:05:41,
152,0,14,1,600.0,UNSAT,1.8,42844,2903101,,2b66b29c0e06c34b39246fb017a788177e63c632c7c9a3f54738235f30e35501,drat-trim,1.1,True,44.2,21:05:41,
134,0,14,1,600.0,UNSAT,5.1,121997,7797755,,2dc76ce5e2ee339d19d937644efcd3a888845effac77d79679dd704fcac7cdd1,drat-trim,4.0,True,44.2,21:05:41,
156,0,14,1,600.0,UNSAT,1.4,33354,2315299,,1ca841e4b398b082636fb97cc655888549e80b7f0cddde09d6ea7a53da33b4f1,drat-trim,0.9,True,45.2,21:05:42,
160,0,14,1,600.0,UNSAT,1.1,28929,1816582,,d63cc2ed00a6fb208088edd23b11efa285ada85efe74a33898f9b425d191311f,drat-trim,0.7,True,45.6,21:05:43,
163,0,14,1,600.0,UNSAT,1.3,30207,2236231,,8b344c276465f97fc12bb4aa09e7afdc4a54a6a51432d24764c529f81030d0f1,drat-trim,0.9,True,46.4,21:05:43,
161,0,14,1,600.0,UNSAT,1.5,41888,2614858,,7b333e799015221ae77e18b7b6ee6ee603727ec9bf66685967db2fc6e75135ff,drat-trim,1.0,True,46.7,21:05:44,
150,0,14,1,600.0,UNSAT,3.4,73330,5372455,,2e5ee1c2ed2e6257675f8a2f272a4ba79cc02f88de2592011b6623ece4908f5b,drat-trim,2.4,True,46.8,21:05:44,
162,0,14,1,600.0,UNSAT,1.7,42682,2715376,,722ca71d23f5173d26f27c789d75b3d6f7ca68475e34096efd4f36d9df93e152,drat-trim,1.1,True,47.0,21:05:44,
143,0,14,1,600.0,UNSAT,5.1,108855,7937263,,2d9d4f644ab78e9132287605cb6157764f69e0b7b667f8616f221b4a894c41c6,drat-trim,4.3,True,47.3,21:05:44,
164,0,14,1,600.0,UNSAT,1.7,44994,2919508,,f9c5e81ea2166b55fe7b8037a9212d0b8030d1b1238fb15eb2d6365ad35d9410,drat-trim,1.2,True,48.2,21:05:45,
158,0,14,1,600.0,UNSAT,3.7,83329,6070703,,180b75bd9b63e989629e09e50c853a348b3ded53211a57d27c1fc68eea74745c,drat-trim,2.9,True,49.8,21:05:47,
168,0,14,1,600.0,UNSAT,2.0,45964,3325392,,60f14001f876e6c7fbcd1e1245549b243717b120967355805a56cfe865adebc6,drat-trim,1.4,True,50.2,21:05:47,
147,0,14,1,600.0,UNSAT,5.9,128405,9116365,,c39f634c1028c0a96db6c78169d8960be7eba0a2e835328b550280bbfeb12bb1,drat-trim,5.0,True,50.4,21:05:47,
146,0,14,1,600.0,UNSAT,6.4,135695,9321918,,a5e648aa45013ee2f88d52ca6d1f27ab86022e74d9a22abbcdc6197e569a5a93,drat-trim,5.5,True,51.4,21:05:48,
165,0,14,1,600.0,UNSAT,3.8,86813,5697583,,d7e733166afc078144059e6752f3d2806d23a3791652eadc9fbd09d4f19e397b,drat-trim,2.7,True,52.1,21:05:49,
154,0,14,1,600.0,UNSAT,5.9,128787,8712859,,248608ae5618d03800480a092a2e6d3551ceb430fff6577a85e9d9f73bc97594,drat-trim,4.7,True,52.8,21:05:50,
151,0,14,1,600.0,UNSAT,6.4,132267,9333394,,64e4fa2c6a32fe2ab996f2aa87f3964d9deb282fd665df19004192d2bd1cd116,drat-trim,5.3,True,52.8,21:05:50,
170,0,14,1,600.0,UNSAT,4.0,92373,6204219,,d2e626cfdc61ed44a465ae73c7f2bdf323eeacee525b16acac0b498d3cc910f7,drat-trim,3.1,True,54.4,21:05:51,
166,0,14,1,600.0,UNSAT,4.6,105668,6854710,,0b764ce78edf5d081def04d735ed1cb0906d09d6fc6e2c458bf6a0dce6bcd27d,drat-trim,3.5,True,54.5,21:05:52,
172,0,14,1,600.0,UNSAT,2.8,66314,4535428,,575ef3b2088874022e084e0e45c5326242f0d07e7ecd3c72384c65ee218b32bc,drat-trim,2.3,True,54.9,21:05:52,
169,0,14,1,600.0,UNSAT,4.4,91095,6262167,,70e12408e5329c036ab6f09bd45d3d57a80240253e72745c59d4d7fab1a84b1b,drat-trim,3.6,True,55.0,21:05:52,
176,0,14,1,600.0,UNSAT,2.2,51736,3460709,,b36cd4e12e47d57376dd15236e2cac748413bb35e09dbd064f4af4b56ea254bf,drat-trim,1.4,True,55.8,21:05:53,
159,0,14,1,600.0,UNSAT,6.6,132228,9674212,,7bccdea7b37533623cdb3005f6696e2d8c7855f90d96fc264e25c11ce44592fb,drat-trim,5.6,True,55.8,21:05:53,
171,0,14,1,600.0,UNSAT,4.1,91685,6131992,,c33d8e7b34352b599dd2d63a5cd34607eaaf4ba7d3835c81f5b0c23d23ebb2e2,drat-trim,3.6,True,56.0,21:05:53,
167,0,14,1,600.0,UNSAT,5.3,120896,8362433,,cc5deba5faa4958e1e59d311271db772db3bc4fb716f9ae7c1076908aacdba7b,drat-trim,4.0,True,56.1,21:05:53,
155,0,14,1,600.0,UNSAT,7.2,156348,10708894,,7f6746941746ab4ba32a2c745a85c49dea926188130d10645da872839f9a55d5,drat-trim,6.0,True,56.1,21:05:53,
177,0,14,1,600.0,UNSAT,2.6,61618,4329928,,9364bebbd58953c37099dc82bd8a4d9d3494fd6b7888eccd7686e6afd070b3a7,drat-trim,2.0,True,57.4,21:05:54,
174,0,14,1,600.0,UNSAT,4.5,96616,6789793,,ebb6d848570e97d2e30666be59a87af5fd04958a05d81ddea9968fad5a5b7bdc,drat-trim,3.5,True,58.5,21:05:56,
173,0,14,1,600.0,UNSAT,4.9,97676,6993011,,3ba47d89299dcd1e6bcd2a4a04e8e1a89670692e131989b8f7dbae43e1398a2e,drat-trim,3.9,True,59.0,21:05:56,
184,0,14,1,600.0,UNSAT,2.0,49590,3440832,,5403e940c1483f50d108969dfcff603cc86975f77790af9fc8e67b26b2105965,drat-trim,1.4,True,59.1,21:05:56,
179,0,14,1,600.0,UNSAT,2.7,65634,4408243,,d9737b67a7002ecfa159e31d1378bf492fe0b39e1a203d8d2bb777181c8f40b4,drat-trim,2.0,True,59.2,21:05:56,
187,0,14,1,600.0,UNSAT,2.1,50587,3519577,,3ae017a572aba668388cdfa7cc88b95e904b015f364bb8c178c9106f96a3fa3b,drat-trim,1.6,True,59.8,21:05:57,
180,0,14,1,600.0,UNSAT,3.1,73106,4915286,,8301e4e19f58b436f12cdf28d06a5bdc60670bd660a8c4e44fa15dcff4a862fc,drat-trim,2.5,True,60.1,21:05:57,
185,0,14,1,600.0,UNSAT,2.4,57540,3723027,,08e09b35b9cdf104f3efba1ea824a8a5fd9d6103d36d0130a9d50f7b19baecca,drat-trim,1.8,True,60.2,21:05:57,
192,0,14,1,600.0,UNSAT,0.8,15386,1109116,,6a659af7247d5cf98e31de983cd136402af0b62bea967f7c838c4df645cadf2e,drat-trim,0.4,True,60.4,21:05:57,
183,0,14,1,600.0,UNSAT,2.7,63580,4372432,,e000c54fc5b043c005798bf68209eed5c7321011fa0d2cd16c3e36a334becd89,drat-trim,2.0,True,60.5,21:05:58,
193,0,14,1,600.0,UNSAT,0.5,9747,734426,,4fd3561effc5ea062c38ae2627b0c9eaffc4168564101b6f1ad161d029d768ef,drat-trim,0.3,True,60.7,21:05:58,
194,0,14,1,600.0,UNSAT,0.5,12773,794645,,1d594d05ae42c06ea743df00f41e006ab710d27f0986695ace8abc013150c4c5,drat-trim,0.4,True,61.1,21:05:58,
175,0,14,1,600.0,UNSAT,5.2,115045,8075253,,b70cdcd516ce470ed7fc7a645fc6e2e5957464772034d47814fb208edb643614,drat-trim,4.9,True,61.5,21:05:59,
188,0,14,1,600.0,UNSAT,2.6,62134,4331899,,e5ef11cd1d281a096eff1758e2f1a085a19586f4ac36098bd7d7b1bb66141f5e,drat-trim,1.9,True,61.9,21:05:59,
195,0,14,1,600.0,UNSAT,1.1,30407,2082856,,07805dad0052b73bb093bbb8406806db94f033a0087870eb850e09e28fe05a76,drat-trim,0.7,True,62.0,21:05:59,
178,0,14,1,600.0,UNSAT,5.4,115453,8168433,,09cd21bb3f4ca14bfa83dc46b452f736d767bb386a0354a85fab0b67c7368b9e,drat-trim,4.7,True,62.9,21:06:00,
200,0,14,1,600.0,UNSAT,1.1,25884,1619826,,9e83782ecbdde1673d2b650525d77e057bc65cb10b7afc07c971bbab27e66ffb,drat-trim,0.6,True,63.2,21:06:00,
186,0,14,1,600.0,UNSAT,4.1,90653,6318711,,948a5ee93c54737a42ec704b2e3f3eb6a47d6dc9228eaf3eef12db149fd26d91,drat-trim,3.2,True,63.4,21:06:00,
202,0,14,1,600.0,UNSAT,1.0,26172,1675989,,af68c52d5dc58fd4794afb247d404a7924d4f3adbca6c14f36d5aaa54949ce0b,drat-trim,0.7,True,63.7,21:06:01,
191,0,14,1,600.0,UNSAT,2.8,66833,4376139,,1be9571f3f738d50df34f8ddb3f9bba9c44ceb25b698b78a7080536ff7137ed7,drat-trim,2.0,True,63.9,21:06:01,
201,0,14,1,600.0,UNSAT,1.4,36537,2260098,,6272ab5c15f0ae8ad809162b1e76011cdfdf0148ea5df7d615358a7c2f06263f,drat-trim,0.8,True,64.2,21:06:01,
181,0,14,1,600.0,UNSAT,5.5,123647,8549695,,3016e5a4607513bb020a0ff43288226f7dd6313bdfcb2ca8b84121d93724ce6d,drat-trim,4.3,True,64.7,21:06:02,
189,0,14,1,600.0,UNSAT,3.6,83222,5738843,,3cbaa3e64ce07e8fed53b2f4153061336e40c98036746cd45b6144609f28ee2a,drat-trim,2.6,True,64.8,21:06:02,
208,0,14,1,600.0,UNSAT,0.9,19016,1355407,,86cc8676b365ec7e05510288e5dd9152b6b699b3483ae405a43810b8b71a216a,drat-trim,0.5,True,65.5,21:06:03,
203,0,14,1,600.0,UNSAT,1.6,40517,2397993,,7cf03f19b8073ab0620a159aba373b59a0943b49fd06732e95f49afdbb9fb1a2,drat-trim,1.1,True,65.7,21:06:03,
210,0,14,1,600.0,UNSAT,0.6,13327,718495,,f09901154a1d13d9e12b014857c05649f749d75d9cd6f9f930ffb5dc516cf7b4,drat-trim,0.4,True,65.8,21:06:03,
209,0,14,1,600.0,UNSAT,0.7,16382,1146349,,31ec0ab8ac569cad76e42f9a2ad87281bef93dbf35cb3d335622e4e2ce27e1b2,drat-trim,0.4,True,65.8,21:06:03,
197,0,14,1,600.0,UNSAT,3.3,79888,5253658,,5741fb6cd728969d95ab22ebfc357b255d73965e7f7ca9088f7b2fab3a9d9e88,drat-trim,2.4,True,66.2,21:06:03,
199,0,14,1,600.0,UNSAT,3.1,71987,4880778,,12d3fc2cbe457f4d3108759575659b9eec7757da47db36b145da3186fcb45cc2,drat-trim,2.2,True,66.3,21:06:03,
198,0,14,1,600.0,UNSAT,3.4,81944,5456603,,e59236d9ac5382a92c3537b54bd1b06fdb4db301df9e78eed1fc0bada73df47c,drat-trim,2.4,True,66.6,21:06:04,
196,0,14,1,600.0,UNSAT,3.8,85645,5684933,,324a49293a8e4bb84ad8648ef226862d5c6057def8933c6906fb6348a44ac88f,drat-trim,2.6,True,66.7,21:06:04,
211,0,14,1,600.0,UNSAT,1.0,22027,1503783,,4ca5529ca2c72372c4dca6d3bd4b37e721d334a04364c6ac2198ed3bceca8d90,drat-trim,0.6,True,67.3,21:06:04,
204,0,14,1,600.0,UNSAT,2.6,63282,4346507,,c4d069b72390d582af9802a420a5e26de2e354a5bcd8171d2781db2d9000e11b,drat-trim,1.7,True,67.5,21:06:05,
217,0,14,1,600.0,UNSAT,1.0,23395,1521480,,3e841b2f07ece29785f183b2af1ea2829f1d68a8f2897895e770437109c30726,drat-trim,0.6,True,68.2,21:06:05,
216,0,14,1,600.0,UNSAT,1.3,32754,2262544,,92518ec0aa970e8863e76830ba673b57e7a6003202c5409864e834820beeace4,drat-trim,0.8,True,68.4,21:06:05,
218,0,14,1,600.0,UNSAT,1.6,38884,2445984,,6f696678d8ca9aadbadaaaf8f9d8819f61764b850dd4571c433627a88ed63cc5,drat-trim,1.0,True,69.3,21:06:06,
205,0,14,1,600.0,UNSAT,3.4,79532,5175588,,75e98ba845821989018da3d6cd700c999900ab5e956f059389f087fffd9feb1f,drat-trim,2.7,True,69.5,21:06:07,
206,0,14,1,600.0,UNSAT,3.4,83034,5370938,,77dfa0eb7108d8f9d515f4246d53fceebe89fab490e9ca58c4f3d14acfe93192,drat-trim,2.6,True,69.7,21:06:07,
219,0,14,1,600.0,UNSAT,1.7,42502,2831063,,b85f5a51c9b1c862bf91b598ee24537b4d4143b89dfad39f457ae9b51646fe6f,drat-trim,1.1,True,70.1,21:06:07,
212,0,14,1,600.0,UNSAT,2.8,66400,4325687,,4dc29dc991cb8a205f121109082d88572cf1189eb5694608134c492e35bbf0dc,drat-trim,1.9,True,70.4,21:06:07,
190,0,14,1,600.0,UNSAT,6.4,133988,9256943,,cd176db10785db2b7fb4abea8093df058c89deeaf87db1b8b9edaa1f6e7f08c5,drat-trim,5.6,True,71.0,21:06:08,
207,0,14,1,600.0,UNSAT,4.3,98592,6783372,,63de3d8205ac4822b17ff9cf2a545ac5db749373992ed62c1b5e861d67b8ca45,drat-trim,3.4,True,71.6,21:06:09,
214,0,14,1,600.0,UNSAT,4.3,95225,6330825,,d93f26a760c1d89e52e48f88fe13848e4e23bf179c47055bdcbc6b72f9075591,drat-trim,3.4,True,73.5,21:06:11,
215,0,14,1,600.0,UNSAT,4.5,98114,6588359,,f450070b8694f109bcd4ed5cae99488d9da5d1a007206c98cb52989bc5d14ea6,drat-trim,3.4,True,74.0,21:06:11,
220,0,14,1,600.0,UNSAT,4.0,86687,5919593,,abfc709f571e1b78423bb0da7e8400cff6137198acf95a9619c602cef3e8af60,drat-trim,3.0,True,74.5,21:06:12,
226,0,14,1,600.0,UNSAT,2.7,65936,4331520,,06522a90463ba64d658d9d96c85befd9ae8f64125cbb1c01de358025c0901d9d,drat-trim,2.0,True,74.8,21:06:12,
224,0,14,1,600.0,UNSAT,3.2,71802,4817120,,36bd45e377799ea195a8e5570edcb59f1412f85a43909b8b5b7b4bc449c0d007,drat-trim,2.2,True,74.9,21:06:12,
222,0,14,1,600.0,UNSAT,3.8,88696,5818366,,e1416e3a8cb267ae5fb9e22481223e96cd7014352de8f314fb508355ab8aad73,drat-trim,2.9,True,75.2,21:06:12,
223,0,14,1,600.0,UNSAT,3.6,87451,5829981,,aa82d1d2eb590825270d2554d7d76a1059e73998e0d408a3f340dbff28d4c06e,drat-trim,2.8,True,75.7,21:06:13,
221,0,14,1,600.0,UNSAT,4.4,97672,6680249,,80653fe47fea48b60cf6c692f283acfad257299e54b0281a56d414f9c6360d45,drat-trim,3.2,True,75.8,21:06:13,
213,0,14,1,600.0,UNSAT,5.9,126676,8493539,,57d0d6b2034a555ff2ebe27ea75f99f1fcd0f5c6ac6849244cd48ea61cbc11db,drat-trim,4.7,True,76.3,21:06:13,
228,0,14,1,600.0,UNSAT,3.6,79333,5362526,,c1aef0a77a06c9c7eaf1ba6e8694a03bd342f0a6d04ba527b1a38d474753c9eb,drat-trim,2.7,True,77.5,21:06:15,
234,0,14,1,600.0,UNSAT,2.3,52914,3652678,,284a7ddebfed18ab95846aa39949459df242630c5356bbcd44a3bbaabbb18b74,drat-trim,1.8,True,79.0,21:06:16,
232,0,14,1,600.0,UNSAT,2.9,67695,4630572,,22fa71441173ce7ebf51ecb6e8c779c607ca297994aa31f549a29c773bf54096,drat-trim,2.1,True,79.5,21:06:17,
230,0,14,1,600.0,UNSAT,4.0,88262,6068579,,49032dfd7eff724ae723a9d53759dd79d0bb2a3241a0938c084c5a1c0981ddfd,drat-trim,2.8,True,80.2,21:06:17,
227,0,14,1,600.0,UNSAT,5.4,118177,8143648,,492dce39d23f5fbfae319b5a6a23f281b084f544c10d8c3455d693d407c707ea,drat-trim,4.7,True,80.5,21:06:18,
240,0,14,1,600.0,UNSAT,1.4,34669,2379869,,c5648ce265d4b1fdb9607346b54dd8aec8285404a4203ba3f74f76940a5822e0,drat-trim,0.9,True,81.3,21:06:18,
241,0,14,1,600.0,UNSAT,1.5,38279,2543722,,35dc0f55ca85a88bbfddf90f92d3cdbc89f4492b7d15727c11feeffc6efa6fb6,drat-trim,1.0,True,82.0,21:06:19,
182,0,14,1,600.0,UNSAT,14.6,280825,20314782,,1d89e2e39ad2c67588a9d7c6efc91c2b1164d1a1f41abfe49fcb6abdb535a5c4,drat-trim,12.8,True,82.4,21:06:19,
233,0,14,1,600.0,UNSAT,4.3,94064,7027337,,0c905fc30fb35dc5060953c17c29c6dfc518fb64746c1baf10f79b17bc640e3a,drat-trim,3.6,True,82.8,21:06:20,
236,0,14,1,600.0,UNSAT,4.2,91871,6367991,,c3b4eca03e8c90b4461becf40ea89718383fa50ab2d6c02ff1d119bd96b36832,drat-trim,3.2,True,83.2,21:06:20,
238,0,14,1,600.0,UNSAT,4.2,93884,6391369,,96c33c60b72e6c8ccb6ff82511dd6253b8a0852761c04e2c56cde0b48cc88dde,drat-trim,3.3,True,84.0,21:06:21,
235,0,14,1,600.0,UNSAT,4.8,105492,7232072,,25e6b29df1c7cb96b237b75aad81e8d5bdc046f48a5dde7d7996b36586fcee89,drat-trim,4.2,True,84.1,21:06:21,
244,0,14,1,600.0,UNSAT,1.7,43787,2895176,,f4812ab9e3235c393985d61753b5b6236705320c140f20aecb5c383ab4dbb119,drat-trim,1.2,True,84.3,21:06:21,
248,0,14,1,600.0,UNSAT,1.9,45958,3309601,,538c02ac1987133adfb9b0a1dd8a259d6c7aa3bad5fc98602e8df42abde6b61e,drat-trim,1.4,True,86.5,21:06:24,
242,0,14,1,600.0,UNSAT,3.7,86931,6082938,,0b1c9ee824ccebde0d7fa8af816721abd491470fef6137687ca8493608ecd467,drat-trim,2.8,True,86.8,21:06:24,
243,0,14,1,600.0,UNSAT,3.4,81294,5483918,,355016e2611a0357392824c2e872dfe3bdd223e82cd872f16efc10431a95e889,drat-trim,2.8,True,86.8,21:06:24,
245,0,14,1,600.0,UNSAT,2.8,68968,4446440,,e2dd054a5b0d90d435d3917ce3905a4f26f1e519ea39db344bcc31f189b2be87,drat-trim,1.9,True,86.9,21:06:24,
246,0,14,1,600.0,UNSAT,4.1,93105,6268616,,6bc35c931e40fc07b570a5eb406b325c5231d8622ffe68b601dbea1c7f2b435d,drat-trim,3.2,True,89.7,21:06:27,
231,0,14,1,600.0,UNSAT,8.0,161659,11439497,,aeec7ec2e7a0820c9d4aaa580c7aa969f8d856110233bbd5eba847657a7320d8,drat-trim,7.7,True,89.9,21:06:27,
225,0,14,1,600.0,UNSAT,10.9,226964,16186591,,c3ed9d11eeaba550fbbcafe783b473a981244c315933398da48f7801305012e2,drat-trim,9.4,True,89.9,21:06:27,
229,0,14,1,600.0,UNSAT,9.3,184776,13285181,,077ad4a4d15b4938a0c5113e3985c81daea3b3957c00fe6278a09d4e305599b3,drat-trim,9.2,True,90.1,21:06:27,
252,0,14,1,600.0,UNSAT,2.3,52592,3613532,,4d3cac7dd3a1a17c6e636d3982809a8314f0eb766d01f9a41d7210b6e8540454,drat-trim,1.6,True,90.4,21:06:27,
247,0,14,1,600.0,UNSAT,4.5,96052,6918315,,8d6c220ce02f684f1821dbd236e10caae1cf3a322088e1a5d56ff2616f5b8b05,drat-trim,3.7,True,91.0,21:06:28,
256,0,14,1,600.0,UNSAT,0.9,20859,1542108,,5615d30966179d9f69e5af2fb99a915cc0c60495424a4728d9ebbed9d97e9390,drat-trim,0.6,True,91.4,21:06:28,
250,0,14,1,600.0,UNSAT,4.0,89146,6106462,,4d097bcdc8bcc0a421dcdd5b9dad8aeb562c994c90a46ff44a0d4bcac960c4f6,drat-trim,3.5,True,91.6,21:06:29,
257,0,14,1,600.0,UNSAT,1.1,26007,1798326,,bfe5171ee245ba4798150c014f4b51640ef70c1cc603e389607dffe2594f04f3,drat-trim,0.7,True,91.7,21:06:29,
258,0,14,1,600.0,UNSAT,1.6,39361,2689746,,2ee97d525202fceec4d30845abfa2955009c9a16107a2f601a4c6579acca9d83,drat-trim,1.1,True,92.6,21:06:30,
251,0,14,1,600.0,UNSAT,4.8,103203,7315481,,4a6708302634155cc673a1e5c1946ea4a8e4dd3fc0ba8408087de62a3025c36e,drat-trim,3.7,True,92.8,21:06:30,
261,0,14,1,600.0,UNSAT,1.1,26078,1850733,,4941d34d21f002980e59c06e36c300e4e32bbef7e067f8449003d607a9e54aa1,drat-trim,0.7,True,92.8,21:06:30,
259,0,14,1,600.0,UNSAT,2.0,48305,3120229,,bed406e17336ebe72fbe1bdb1e937f12cb94f5965c0c20fca3d90ba59343557b,drat-trim,1.4,True,93.5,21:06:31,
264,0,14,1,600.0,UNSAT,1.2,30199,2056970,,9218fd9694ef0f1108cccab23c076fe98990ae9c790918bd293b17d4b7aaaabd,drat-trim,0.8,True,93.8,21:06:31,
260,0,14,1,600.0,UNSAT,2.1,46856,3204509,,13a9956c65809de917ed3b18577d64eb4ab8287fded2367bfd6458586b0c5877,drat-trim,1.5,True,94.0,21:06:31,
254,0,14,1,600.0,UNSAT,4.2,91358,6414319,,80af4cb1a8b38ef28bbf55ca47f6b2d3f15694abe97dae1450a738db0da8ce1b,drat-trim,3.3,True,94.3,21:06:31,
265,0,14,1,600.0,UNSAT,1.1,26446,1804142,,f6511c3bda4cbc58ae339e3782be7f3766a50dedc5ceb216669e3c7d38ca1db5,drat-trim,0.8,True,94.5,21:06:32,
255,0,14,1,600.0,UNSAT,4.3,92627,6590994,,b1ab06cc1be5d75068ce74ee4444fff58865cad5398c0394bfe4f41eff7b0a5d,drat-trim,3.7,True,95.0,21:06:32,
269,0,14,1,600.0,UNSAT,1.0,20754,1548001,,6524d3408041bcba70759394b07a3df3483e35020d046c18d4366e3d090c0e30,drat-trim,0.6,True,95.3,21:06:32,
266,0,14,1,600.0,UNSAT,1.6,39792,2663167,,e425b216d1465cfb9b85efeaee6234910dbfdbced419a66c393e2b8447956738,drat-trim,1.0,True,95.4,21:06:32,
239,0,14,1,600.0,UNSAT,9.1,186720,13221038,,89cccbc60cfdf756db01ec69e7b376b52ec343085f01225ab4754fa85eac7ee7,drat-trim,8.9,True,95.5,21:06:33,
237,0,14,1,600.0,UNSAT,10.5,212387,15585520,,e2a966ef7a660ebd604f3e8dedb60aa1581844f15629e4f5b29f37ee426cb5d6,drat-trim,9.4,True,95.7,21:06:33,
268,0,14,1,600.0,UNSAT,1.6,37855,2620078,,e8c9efe90a648eadb7afca03e76e5ec701374a4f6a8a47d5c5d0903d3a7558fd,drat-trim,1.2,True,96.3,21:06:33,
262,0,14,1,600.0,UNSAT,3.0,69460,5243793,,a54db07c97983724c94351178a996e9947a1358ac0f0a18066bda138a71f4107,drat-trim,2.4,True,96.8,21:06:34,
267,0,14,1,600.0,UNSAT,2.8,65250,4236483,,dbac9003f4f8f46864d306d632f02cc13b2faf8890e9bb0a6bc22d128a441863,drat-trim,1.9,True,97.4,21:06:34,
272,0,14,1,600.0,UNSAT,1.8,43251,2867666,,3276c2e5d1202bdb1a0838c7fc5694740fab922930323e6836c5191527020f57,drat-trim,1.2,True,97.5,21:06:35,
270,0,14,1,600.0,UNSAT,3.2,69733,5217347,,7aaff1be8186fcaed7c12686b0ce500c265fd264c00fff4e24f951941a8aa12a,drat-trim,2.6,True,99.8,21:06:37,
263,0,14,1,600.0,UNSAT,4.5,95093,7224919,,f504fe76338f14b969b42a2c96c764f5c2f3888384b352273aa58bea24e593a0,drat-trim,3.8,True,100.0,21:06:37,
274,0,14,1,600.0,UNSAT,2.8,63612,4534621,,5137d3cb0884ce115891a4c1d630a043ab6deaed9e565d4e3fd2c9f55a20f208,drat-trim,2.2,True,100.2,21:06:37,
271,0,14,1,600.0,UNSAT,3.6,82152,5763254,,2e486b4f586ef184000bd5d0c17e4a5687797eedda1576ee95a6f4bae3658cc3,drat-trim,2.5,True,100.4,21:06:37,
273,0,14,1,600.0,UNSAT,3.1,69631,5161114,,b3d496053fb5e2f2537fea4658517685eb918a945307d1e529ce94fb6f202298,drat-trim,2.5,True,100.8,21:06:38,
281,0,14,1,600.0,UNSAT,2.0,48332,3334464,,a236ba5c3b80780c730d2acea211fb91dcfce2c017bbe86a8673d3fb98b8eb28,drat-trim,1.3,True,100.8,21:06:38,
276,0,14,1,600.0,UNSAT,3.6,86954,5948404,,377edc281abe87a188433f9c104105eafa7cc93e2723b7399ec79b984cdb0094,drat-trim,3.0,True,102.2,21:06:39,
253,0,14,1,600.0,UNSAT,8.9,185412,12856978,,05309402b01ab0597c8da8d334e3df70ed90e9c0f3b269dcdd263cac8c4ccb5d,drat-trim,7.2,True,102.8,21:06:40,
280,0,14,1,600.0,UNSAT,3.2,73172,5091519,,607d1412bd62f4fafd9a998493fe6ac6025cebd68e95da695a4eaf068d0c1af2,drat-trim,2.3,True,103.0,21:06:40,
278,0,14,1,600.0,UNSAT,3.8,87799,5936305,,1a668633ad8502497476ae46c83ec022b159f1ca493876414f3d090bfea2328c,drat-trim,2.8,True,103.0,21:06:40,
275,0,14,1,600.0,UNSAT,4.5,97168,7093125,,5e312ce21ea8a38850a72d10a9fa3dee308e3fb48d3df6674ae9a513a1758c56,drat-trim,3.5,True,103.4,21:06:40,
289,0,14,1,600.0,UNSAT,2.7,63917,4223367,,6d67f2796741971aba0eb8e8a64754a97726f0c7586d898f75b15b4e7991fa9e,drat-trim,1.9,True,107.4,21:06:44,
286,0,14,1,600.0,UNSAT,3.7,85334,5686622,,6f32d3afce6b512a0b4587724961dac011c85f2585d4b0c92f95af24ba8e1902,drat-trim,3.1,True,107.6,21:06:45,
288,0,14,1,600.0,UNSAT,3.1,69561,5199282,,0ef14ac56499cf8efe2064fce16190099fcd4f158bbcdebfb27eec70873bc345,drat-trim,2.3,True,107.6,21:06:45,
282,0,14,1,600.0,UNSAT,4.2,93919,6392456,,49ce4c295ab39ba8bd689c881a5bd3927d333e3db6d22df40ae784a4de182de7,drat-trim,3.8,True,107.8,21:06:45,
249,0,14,1,600.0,UNSAT,12.8,248305,17877249,,786cf9e6ea9ef93476ab2ad09314357426cec743192054f04d235d2c585a2ed1,drat-trim,11.2,True,108.0,21:06:45,
292,0,14,1,600.0,UNSAT,2.9,66923,4605596,,2552c0dafb2923deceea8326eadbe53777c709754143af0d84013e6ecc04f49a,drat-trim,2.3,True,108.6,21:06:46,
284,0,14,1,600.0,UNSAT,4.6,101128,7096868,,2f0167941a43b2b7c4c3c751d73e2deda01b60e9c701e4b299836eb5aad13069,drat-trim,3.8,True,108.8,21:06:46,
279,0,14,1,600.0,UNSAT,6.6,139447,10174525,,8c8142b71d4b4f951582bdacc1d799f17890589398806665aa494ff07307935b,drat-trim,6.3,True,109.7,21:06:47,
296,0,14,1,600.0,UNSAT,1.2,27766,1954598,,4a9bfe9f4c49b1a1546aa58345df7089e51126f2b712e669370ffee99fbd4e60,drat-trim,0.8,True,109.7,21:06:47,
297,0,14,1,600.0,UNSAT,1.6,38360,2705044,,c77dde95ee99b50ae38c81557c99301575ab1fb6fa94b055728a534f2ef88401,drat-trim,1.1,True,110.7,21:06:48,
283,0,14,1,600.0,UNSAT,6.0,123628,9018887,,f8fe8af475d273fb710c47145d0df09ec8bdebebd6f2f80d92ec8c593b1f7fa6,drat-trim,4.7,True,110.7,21:06:48,
290,0,14,1,600.0,UNSAT,4.7,100308,6767581,,db21dce5884212765104b316884b6e3ea181a4d287f23e580b6a1212c053d4ba,drat-trim,3.9,True,111.7,21:06:49,
293,0,14,1,600.0,UNSAT,2.6,59385,4109531,,0bdfcb6b01797c71fada44fc529b093d884854ae083b3cbb9a364f93fe6787ba,drat-trim,1.9,True,112.1,21:06:49,
298,0,14,1,600.0,UNSAT,2.6,59067,4043733,,68deb4f00ec3f169ef4cea80c2408d51f4d26266bee782d895c2c4590f07da02,drat-trim,1.9,True,113.1,21:06:50,
277,0,14,1,600.0,UNSAT,9.6,204525,14243099,,9014cd90a51e512542effaeca62f39541b3b5ca2a269ce672257df2c39bb7fae,drat-trim,8.3,True,113.7,21:06:51,
300,0,14,1,600.0,UNSAT,2.8,63655,4487335,,fe9773c4d722f259aeffd2af58e5d5e462b1317f05fbc1348713a1d93d3f2d4a,drat-trim,2.1,True,114.6,21:06:52,
301,0,14,1,600.0,UNSAT,2.9,67691,4671394,,9a6382b50322c46267644f2749d46b525abc6577b34950a7e87461a3db54238e,drat-trim,2.1,True,114.7,21:06:52,
287,0,14,1,600.0,UNSAT,8.4,173383,12421841,,64587d70f032421d423482527c789a7e77b346f5d782eacbf773ade9d8bebae1,drat-trim,8.1,True,117.3,21:06:54,
304,0,14,1,600.0,UNSAT,3.4,79689,5240405,,5e7f73983f63f94c942465fb7b6aea65d5d2a3bd2365a1bfc2bc22b5a5283ed6,drat-trim,2.8,True,117.9,21:06:55,
305,0,14,1,600.0,UNSAT,3.7,79248,5456639,,92ad3eb540d74226bc38d25595a1d765733b92bcb3c0f0f273f640565f7821f8,drat-trim,2.8,True,118.6,21:06:56,
291,0,14,1,600.0,UNSAT,8.6,177722,12344814,,d321fce1301561f555f249b79119890faa8ed023112895b0792c25daa6e31381,drat-trim,7.4,True,119.1,21:06:56,
294,0,14,1,600.0,UNSAT,6.1,130046,8575047,,b9889df8fdbf367776b1ff53deacc6423b28b02ab1c0da92f887786669677cbe,drat-trim,5.5,True,119.2,21:06:56,
295,0,14,1,600.0,UNSAT,6.3,133016,9514543,,a0c0ae316b06d00f45dd9361843fc2727c1103fdfc70b43078ccc000ae89fccb,drat-trim,5.3,True,119.2,21:06:56,
308,0,14,1,600.0,UNSAT,3.1,72226,5312577,,f42d90507283a549a4115d79438fe048dd646cba76653b9e9293f08dec15de22,drat-trim,2.3,True,120.1,21:06:57,
302,0,14,1,600.0,UNSAT,5.2,116779,7857292,,94158209a3a8350a7a30d792f65c8ba5c6b4ed3ab0890a16d4bb164dc610baf4,drat-trim,4.3,True,120.3,21:06:57,
299,0,14,1,600.0,UNSAT,6.3,136975,9892789,,84b006aa92abdb826c42f3952219663bd41b729ab2f41b3f1c4e2aca16cc93c1,drat-trim,5.5,True,120.6,21:06:58,
306,0,14,1,600.0,UNSAT,4.6,100403,7067274,,645050610f75cef965bf07cf83b80bcb77a375637fcded25def87bc5cbd6b672,drat-trim,3.5,True,121.4,21:06:58,
303,0,14,1,600.0,UNSAT,6.6,133321,9740853,,6e05be286b19b6b989e8cbee92f3f5e402bcb30bc8b489ef8cbb7eabe68344a7,drat-trim,5.4,True,122.7,21:07:00,
307,0,14,1,600.0,UNSAT,5.0,106467,7642373,,7a82adfd58bfbcf7e06080762528d205ac6e1de376f27c87025bb3e23560c2bc,drat-trim,4.3,True,123.1,21:07:00,
320,0,14,1,600.0,UNSAT,0.3,7226,588280,,6cb819033fec33c16dff99224726b5ec7967946681f6b221a5feafbd8c4536c7,drat-trim,0.3,True,123.4,21:07:00,
309,0,14,1,600.0,UNSAT,5.1,107185,7576918,,2b07a637cd1251c129705215115130a21d2e2756b4c6fe4ddc2706db13401ac6,drat-trim,3.6,True,123.4,21:07:00,
312,0,14,1,600.0,UNSAT,2.9,67405,4718942,,7dae64ec0fd1124727d905d9143c5e55504e68952d1cbc2af728827d843b2b6b,drat-trim,2.1,True,123.8,21:07:01,
321,0,14,1,600.0,UNSAT,0.4,9931,732858,,5b2eb53486f2571e0fbc47233df614d22eefefbe35c89f6fbd80de521f6c8059,drat-trim,0.3,True,124.0,21:07:01,
313,0,14,1,600.0,UNSAT,3.0,68616,4854705,,be086af690595797903015d7c251f4681b33ab157dab5829c039c0491334a9aa,drat-trim,2.0,True,124.0,21:07:01,
322,0,14,1,600.0,UNSAT,0.6,13164,810345,,705bbbf37da8d7acb4053291c00bcdd2d58ef540b19b596a6cafcdbbb9b1947d,drat-trim,0.4,True,124.4,21:07:01,
323,0,14,1,600.0,UNSAT,1.0,20476,1541369,,464c4320dae6416221af8b73758e5ad02e078d9c48170389183edb139bf232fb,drat-trim,0.6,True,125.0,21:07:02,
285,0,14,1,600.0,UNSAT,13.5,260586,18732584,,b7bc21fb67b6804a20cc0a2fde5f344c7e34c6f0441e809ef043b0fdd4b51945,drat-trim,11.5,True,125.5,21:07:03,
310,0,14,1,600.0,UNSAT,4.8,102591,7738971,,8054a609c97497f5782807a15800eeaa0a91fd53f1a23695bfef5db71492f496,drat-trim,3.7,True,125.9,21:07:03,
326,0,14,1,600.0,UNSAT,1.2,30319,2110368,,fc251fac76f67c09dc6e649b7202bff8a59a894b6c5e97946c0acf662807cc79,drat-trim,0.8,True,126.0,21:07:03,
328,0,14,1,600.0,UNSAT,1.2,30010,1950026,,126f3f8a8a0136d29d9dc0df59bfcdc86697aff405bec699239c6a57b62e2a36,drat-trim,0.7,True,126.8,21:07:04,
329,0,14,1,600.0,UNSAT,1.3,33539,2308686,,264aba213f15c606f247dcf2085e72c874612cd2bb0d302335e14f610d14f14d,drat-trim,0.8,True,127.7,21:07:05,
331,0,14,1,600.0,UNSAT,1.1,29307,1883285,,cf33a50d96917bef043ee35941ecb51864aef02427495638105e7501448c770e,drat-trim,0.8,True,127.8,21:07:05,
330,0,14,1,600.0,UNSAT,1.2,30289,2201190,,a987e32d16f5ddf313f7e85bc03d514768a18e1155f569330344597ae35d1f1c,drat-trim,0.8,True,127.9,21:07:05,
317,0,14,1,600.0,UNSAT,4.4,96775,6767715,,e7160abf86275e3fe2ce4811193b1493288157cf427b4d6026e34a86a47e2a0d,drat-trim,3.3,True,128.0,21:07:05,
315,0,14,1,600.0,UNSAT,4.7,99201,6902857,,da47c2bd76b93f3c15f22b05b6bdf738c9672a3f2d9da7d2eb12fa3861276478,drat-trim,4.1,True,128.0,21:07:05,
316,0,14,1,600.0,UNSAT,4.6,96416,6736329,,ff2393af8ebc797a568b9b9491974c0668578a7500862c761ce3c39333e66230,drat-trim,3.5,True,128.1,21:07:05,
327,0,14,1,600.0,UNSAT,2.2,51370,3492175,,0fa887020eaeea4dadcf68bfe4bea6a960201dcdf16e28e28750aaa0a43ce678,drat-trim,1.6,True,128.2,21:07:05,
324,0,14,1,600.0,UNSAT,2.6,63781,4267656,,42cc92a574da3a95253e16bf0135a17220929c777461f47a10234896b056df19,drat-trim,1.7,True,128.3,21:07:05,
325,0,14,1,600.0,UNSAT,3.0,68193,4853300,,77404bc95e71a20a122c68722c76bf7c1b6f5b84c763b98fbee18e0d2995c91a,drat-trim,2.0,True,128.9,21:07:06,
311,0,14,1,600.0,UNSAT,6.3,124306,9579878,,29c8a4cb7a91e113ab2bfb02f4406e2b7c492ca80b0bc4d31443b5ca5550515f,drat-trim,5.4,True,129.6,21:07:07,
338,0,14,1,600.0,UNSAT,1.0,22732,1566451,,5ce652cf381dd3ccce67525497cbbf2ec86bfe3d548aca25a6eb065d0c4aad19,drat-trim,0.6,True,129.8,21:07:07,
336,0,14,1,600.0,UNSAT,1.2,28576,1841404,,20447d8b0c963d225931b780a5f417563aa134c8bc13363dfaf9b22c902030a7,drat-trim,0.7,True,129.8,21:07:07,
337,0,14,1,600.0,UNSAT,1.3,30590,2124469,,00a778c946a08a7b5059004f341ef2e5d9324b6d5c06c2203d4c2179a07df4ad,drat-trim,0.8,True,130.1,21:07:07,
339,0,14,1,600.0,UNSAT,1.4,35066,2461468,,de83fbb8f5f4d03a3c2e23259682b0ecb3adab2111aa27a88bb5264966b3e302,drat-trim,0.8,True,130.3,21:07:07,
332,0,14,1,600.0,UNSAT,2.7,60922,3934194,,64ed2344c1b23461f57d070001ada6cf3ed034292c4538a0ea819a738f660dc1,drat-trim,1.8,True,131.3,21:07:08,
318,0,14,1,600.0,UNSAT,6.1,130443,9527769,,48c0712c4d130acb8b3de7498dbf57166139ac9e38427ecec40cd3f07b7ebb5c,drat-trim,4.9,True,131.7,21:07:09,
344,0,14,1,600.0,UNSAT,1.1,28494,1825631,,bf035cb172ed78637dbbbf7daeefedcfe5cb9490b5efe31689087d1b4e82420d,drat-trim,0.8,True,131.7,21:07:09,
314,0,14,1,600.0,UNSAT,7.2,151207,10358371,,0ad55b793d3457d8d8ba345f464ef4b1a842da9429c4c9a99745d814ba12c0cd,drat-trim,5.6,True,132.0,21:07:09,
345,0,14,1,600.0,UNSAT,1.6,39405,2662934,,2ed5c2ca524c1f89aad55650f9e507562b8cc979b125952f99ba4337d5500698,drat-trim,1.0,True,132.7,21:07:10,
346,0,14,1,600.0,UNSAT,1.6,41436,2580705,,3a57c169f5c3cf5dd44664be83fed131b13c5d7b00823df31f904dd6fa0190c8,drat-trim,1.0,True,132.9,21:07:10,
340,0,14,1,600.0,UNSAT,3.0,69646,4918018,,9c0ca5ac390ba2ac5af4ed40bfee4df373497a1fecb58cccf0d33f2d2d59c0ec,drat-trim,2.2,True,133.5,21:07:10,
347,0,14,1,600.0,UNSAT,1.4,35421,2283743,,9e4ca51e8faf72e024ab3a2024cc820869b4fb7146bbc849268fa4571056064e,drat-trim,0.9,True,133.6,21:07:11,
333,0,14,1,600.0,UNSAT,3.8,82909,5441574,,d4689eb69d014a6264584f2bdc084be2a620ddb38cb3efc20c6d56e62abc3451,drat-trim,2.9,True,134.4,21:07:11,
341,0,14,1,600.0,UNSAT,3.3,69912,4939039,,683dc6aa59797ec98cf04d5d2a11c628637a8d589cfdbbf3200cafeae6692dc7,drat-trim,2.2,True,134.4,21:07:11,
335,0,14,1,600.0,UNSAT,4.6,100730,6675463,,d2bdb3ee46d3d0824502753579426949f4f34ea45f2cdc86a2206812779a1cca,drat-trim,3.2,True,135.7,21:07:13,
352,0,14,1,600.0,UNSAT,1.7,41024,2759620,,8c2dc134349e3f187f4c2963a53004d2a49355742b90c05103e4a9355bd5a4a7,drat-trim,1.1,True,135.8,21:07:13,
348,0,14,1,600.0,UNSAT,2.8,64127,4256343,,e420e2e582d306c8c41fabaa01bf990a50ddee1ec5facbd6daea4e0778a212f3,drat-trim,2.0,True,136.5,21:07:14,
342,0,14,1,600.0,UNSAT,3.9,93502,5997176,,86856f2ac3520bfc252ea904eeaed30d8c64f054363d2a915d09e1cfa2500c18,drat-trim,2.9,True,136.6,21:07:14,
353,0,14,1,600.0,UNSAT,1.9,47135,3005206,,b2b0311c2b9a7f3343b6c0df3c8296559c7299a3d18fa5dac49c5f03e8033024,drat-trim,1.4,True,136.7,21:07:14,
319,0,14,1,600.0,UNSAT,8.5,170225,12205491,,c25c44ef4e3f615e7f2fb55c6d351a1fff87c3c06044d8088eb6affbf8063a07,drat-trim,6.9,True,136.8,21:07:14,
349,0,14,1,600.0,UNSAT,3.1,73735,5163021,,c8f9e84d3c9bc950845239f4f43ce7b95d6a5232aba988b2a2b99c7084862102,drat-trim,2.2,True,137.1,21:07:14,
334,0,14,1,600.0,UNSAT,5.5,123651,7901614,,875e784b67c9dbac715261351ce00056da9c7d94d7d9bf56ccd5fddfd869aa49,drat-trim,4.2,True,137.5,21:07:15,
343,0,14,1,600.0,UNSAT,5.0,116366,7872948,,17b96bc124bc8715e8f34ed3c29100891979c65f56ec7fbd1684a92944d55039,drat-trim,3.7,True,138.5,21:07:16,
354,0,14,1,600.0,UNSAT,3.1,73660,4974019,,41d6b0db767d5b46c17a3751ec589714fc2c0aceba7d67dc2d3f1eed23e62f5e,drat-trim,2.4,True,139.1,21:07:16,
350,0,14,1,600.0,UNSAT,4.4,95829,6693283,,f891af5a5735fd4d457d822486b322e9e429796e8da777f5767eb280e2d77a23,drat-trim,2.8,True,139.2,21:07:16,
351,0,14,1,600.0,UNSAT,4.1,93915,6440775,,9cf481ccaeeeb2bd3ae629636656a20dfe426204e39e027d68e2847278f1e00b,drat-trim,3.2,True,140.0,21:07:17,
356,0,14,1,600.0,UNSAT,3.2,74986,5022478,,a75290c42d8959b2ebc312e2906a2102ff05d68a90249d2c5b3ce9ad2a0605de,drat-trim,2.4,True,140.0,21:07:17,
361,0,14,1,600.0,UNSAT,2.4,57497,3701603,,1deb43775fbf3a1ec9022d354238e74b3143dc399ef4e775a73895db28942540,drat-trim,1.8,True,141.0,21:07:18,
360,0,14,1,600.0,UNSAT,2.8,67326,4487910,,1aede5445f223eafe8681dd42fefcd50695fceb177b5bf1931c725e898eea8f4,drat-trim,1.9,True,141.2,21:07:18,
355,0,14,1,600.0,UNSAT,4.0,91104,6073222,,f1c8c12238d0209ac6baf408ed527d8dbbee58bf844c1ff8fd16f9635a111ed9,drat-trim,3.6,True,142.0,21:07:19,
357,0,14,1,600.0,UNSAT,3.6,83343,5612801,,71a816fde5fbadd9491936ec93f1b71aeb846e5ae3e9501f4a74a441d831088c,drat-trim,2.6,True,142.0,21:07:19,
364,0,14,1,600.0,UNSAT,2.8,66194,4258965,,f1cb035337c1aa9c219e8050ede3d829fb810901ddef95bcd4085f8fef8ba07d,drat-trim,2.0,True,142.3,21:07:19,
365,0,14,1,600.0,UNSAT,2.8,63864,4454957,,e791762ee360866bf4d9c20f961df737abc64b11565604d4bc4eb20de04cbbb8,drat-trim,1.9,True,143.2,21:07:20,
358,0,14,1,600.0,UNSAT,4.7,104697,7136551,,9d9ff80cbe2019dc06af3f0c478282547278b61f2e67ea3ec5b0e124dec04f3f,drat-trim,3.7,True,144.2,21:07:21,
369,0,14,1,600.0,UNSAT,2.8,66731,4265557,,05cf862681e41a858bcab7d08e02f632eabc893aea3f6888eb2f80683fafb0fb,drat-trim,2.0,True,144.9,21:07:22,
368,0,14,1,600.0,UNSAT,3.1,73854,4889612,,3cfc18c5cb3bc5de4041c21fc9b67aa6369b3ff86a3f13ac688c375a7e0a281f,drat-trim,2.3,True,145.5,21:07:22,
362,0,14,1,600.0,UNSAT,5.0,107276,7397035,,089df3535e51375ce807790aacc0f4764a4d170b98ffd7764d807af0ae26f005,drat-trim,3.9,True,145.8,21:07:23,
373,0,14,1,600.0,UNSAT,2.3,52331,3435200,,bcdcdf0922505530d437f2e38849298b399e0cf489e7563a99556057a0153f38,drat-trim,1.6,True,145.8,21:07:23,
366,0,14,1,600.0,UNSAT,4.8,107906,7319671,,3426d8b7206c4b3ca9c31d35a1c89a5ffa6e059fd19ab7c2e838bdf725cda957,drat-trim,3.7,True,147.6,21:07:25,
372,0,14,1,600.0,UNSAT,3.3,75669,4830523,,e8e69133f6a4006c662480ef1626c8adf562cf768a1f580e409391e4447de43d,drat-trim,2.4,True,147.8,21:07:25,
370,0,14,1,600.0,UNSAT,3.7,90623,6034779,,a27319e27388aa63a247a22e426dffa8cdac80a98fab6ab8aa937a299da671b0,drat-trim,3.1,True,147.9,21:07:25,
376,0,14,1,600.0,UNSAT,2.1,49210,3435509,,913b9dc97b1170031fe77babc0bf56c2e57f6c844316448e2a81467672036831,drat-trim,1.5,True,147.9,21:07:25,
363,0,14,1,600.0,UNSAT,6.1,129747,9053834,,1f1de1cedc1222488a39f6e155872057fae328253445548e0ebf9ac5582a7c84,drat-trim,4.9,True,148.1,21:07:25,
371,0,14,1,600.0,UNSAT,4.0,90524,5851737,,16d25eca30fc8992475a56a137df272073d8f63266cd7cff2664c123df21e7d3,drat-trim,3.3,True,148.6,21:07:26,
385,0,14,1,600.0,UNSAT,0.9,20324,1500455,,29cea14d06b06be407cb01861633bb0b846b5c01abb74d6578329a4398c860e2,drat-trim,0.6,True,149.5,21:07:27,
386,0,14,1,600.0,UNSAT,0.8,18839,1319874,,754ae5dfb68e8a77619aa1bd2c5abfc876b530b1288303eda15ae33cc1919724,drat-trim,0.5,True,149.9,21:07:27,
384,0,14,1,600.0,UNSAT,1.3,31996,2143303,,b2fd08355e1834d3d6827e25e7165cdc77dca5a548848b224271a470b8cc3f17,drat-trim,0.8,True,150.1,21:07:27,
380,0,14,1,600.0,UNSAT,2.6,63228,4190090,,08dca1d338d9fb5b83e85b1717269b6fbdf76997e14ea84bd8e5e50d84fc0d2f,drat-trim,1.8,True,150.2,21:07:27,
387,0,14,1,600.0,UNSAT,0.9,23533,1706852,,5e81b50e881e5d9f7cda4db458440029d3d608544840d1a9b5e44342c3bf0203,drat-trim,0.6,True,151.1,21:07:28,
377,0,14,1,600.0,UNSAT,3.6,84483,5566073,,fdd9a9349a44305e217b3a79d05d45c86dd7254c1718cd7047aceb7ecf0deab3,drat-trim,2.8,True,151.2,21:07:28,
359,0,14,1,600.0,UNSAT,8.0,160604,11113957,,13f0434964f70048735d990bf17d47c6fa3293e698e44bf274a68cd22df32a28,drat-trim,7.0,True,151.5,21:07:29,
381,0,14,1,600.0,UNSAT,2.4,57240,3724092,,c64774d09b570fc1f7e5167da9ec12f112e177d8cb14fa489f8101e10a2cc4b3,drat-trim,1.6,True,151.8,21:07:29,
374,0,14,1,600.0,UNSAT,5.5,115401,8046976,,039ebd78c2f392660ae4bb3f733916d22d39741399573c8bbfd69448ecb52f88,drat-trim,4.5,True,152.3,21:07:29,
392,0,14,1,600.0,UNSAT,1.2,31520,2144354,,7dca8b876b36e0d7bf89c642cbdec82918885c02ef9463eace82a1a6041e628f,drat-trim,0.8,True,153.2,21:07:30,
393,0,14,1,600.0,UNSAT,1.1,28810,1884503,,7ef7bd1e8880df223fe6b78ed72a992bb5f1f2fbc8eaae7c12b897c2b96aae75,drat-trim,0.7,True,153.4,21:07:30,
394,0,14,1,600.0,UNSAT,1.0,26692,1619558,,4c701a606ecaf956f79d4d7542b9420e7f1791f8380aaac4f151217d291ae8da,drat-trim,0.5,True,153.4,21:07:30,
367,0,14,1,600.0,UNSAT,7.8,162898,11182245,,4afba0ed09b726dbe54703f67f4d1a51c3b0f20c57a8e2af77f2e82071e50249,drat-trim,6.5,True,153.5,21:07:30,
395,0,14,1,600.0,UNSAT,0.7,17796,1310295,,2c0f9e3230543618e78f4d78330105b7ba3faa3a67f34f97ff4e1fad23e6139a,drat-trim,0.4,True,153.5,21:07:31,
378,0,14,1,600.0,UNSAT,4.5,97019,7056908,,8e8394f6ad5be08b6e3e901ab924fb46962e1f68bc5089a69d92d062b7ca7c4f,drat-trim,3.6,True,153.5,21:07:31,
400,0,14,1,600.0,UNSAT,0.2,3125,228335,,7b3f468526577bc3e6c86326d7751adde1682397b1d8def091ff78d7a46268f9,drat-trim,0.2,True,153.9,21:07:31,
389,0,14,1,600.0,UNSAT,2.3,58235,3849289,,506e453317adef34a86782b11b10d5ac462442a2fbe4d24c236c29e71885eb22,drat-trim,1.5,True,153.9,21:07:31,
401,0,14,1,600.0,UNSAT,0.3,5593,333987,,5a05d752ba992e26a0cf1cecc2e5edd819c5b792d7aa34a537c14883f36d6db4,drat-trim,0.2,True,154.0,21:07:31,
390,0,14,1,600.0,UNSAT,2.4,57185,3627614,,4848ad71d83a828f668c88daabc18d57728653f16f29a51e2e80e9acc7365c87,drat-trim,1.5,True,154.1,21:07:31,
388,0,14,1,600.0,UNSAT,2.4,63229,4205524,,00dbc4bd8283582def3b039c1997a9c645fade6b36ea6fcd17af2b26e5d7bbea,drat-trim,1.9,True,154.3,21:07:31,
379,0,14,1,600.0,UNSAT,4.8,101376,7404466,,176b60c779351383c82a9fc712c42006dd403590302b8087164fbe64f16c1c09,drat-trim,3.8,True,154.4,21:07:31,
402,0,14,1,600.0,UNSAT,0.4,8929,663900,,2e8deec70ae7591186422a6b40f4c594b2beeb9e5bc7062d463d0ed01ec61c6a,drat-trim,0.3,True,154.5,21:07:32,
403,0,14,1,600.0,UNSAT,0.5,9804,805112,,e82126da5f98fc4ddc72dc4bfc6aad48ffb3d9b9012f42e5145e84eaef9cadeb,drat-trim,0.3,True,154.7,21:07:32,
391,0,14,1,600.0,UNSAT,2.3,57259,3767802,,f40b84ebab8bb5d5463c2b41e4228b6256b1195d532bedd14ff0169bb69a3f28,drat-trim,1.6,True,155.0,21:07:32,
375,0,14,1,600.0,UNSAT,6.4,136152,9671800,,d6eb0a77917315928e0dd1e67349e066a00ba87db0f035213e4850e4a58327b7,drat-trim,5.5,True,155.1,21:07:32,
382,0,14,1,600.0,UNSAT,4.1,91639,6309298,,46c1a170bb49af2a4deabb7d74ad7e6fd4a844d053a2c067b012bd22ce0c6f3a,drat-trim,3.2,True,155.2,21:07:32,
405,0,14,1,600.0,UNSAT,0.7,17707,1332387,,36feaf82fd6bfa38ba1510c602b6e19e54e884bc8a96f79505c61396496d6a47,drat-trim,0.5,True,155.3,21:07:32,
404,0,14,1,600.0,UNSAT,0.9,20745,1582830,,19626a51aba80c8be2ec51636a50add8e388a0b3c520a7f8ab3390ab4fc19915,drat-trim,0.6,True,155.5,21:07:33,
408,0,14,1,600.0,UNSAT,0.8,18433,1421464,,3bbc205082a224c920a1927f9ef290d65d3e9b51eb5d948cd1a43c49124fefc8,drat-trim,0.5,True,155.9,21:07:33,
410,0,14,1,600.0,UNSAT,0.5,12701,841069,,167aad70d87b0d9e88bc4f29b7b4bb6fdb22a0239b1715679156229e757f62e5,drat-trim,0.4,True,155.9,21:07:33,
406,0,14,1,600.0,UNSAT,1.2,26211,1763877,,bad4c3d75b122d526e2758c3f6a9ef9361d15f3320a18afac36496494baad30b,drat-trim,0.7,True,156.2,21:07:33,
407,0,14,1,600.0,UNSAT,1.1,27571,2012225,,dc7ba05d05cbb1efc4998cd701dbbc418ef5451b122d8841cb18443bf56ad67d,drat-trim,0.8,True,156.3,21:07:33,
409,0,14,1,600.0,UNSAT,1.2,30381,2030416,,e725dcd5983201b8a07fc1f8018a6adb2348f835543ff194d91005532aaff1c5,drat-trim,0.8,True,156.7,21:07:34,
411,0,14,1,600.0,UNSAT,1.0,26231,1653863,,f3c05cbfad18feec3d1098ec22e437dd26128da4247681a5b0814b21e97bffcb,drat-trim,0.7,True,156.8,21:07:34,
398,0,14,1,600.0,UNSAT,2.3,58312,3785435,,b91b94f343a9196a86f619ec05bdb58373fd0b41508d0d9bbd8d0d434a2ed6aa,drat-trim,1.6,True,157.3,21:07:34,
416,0,14,1,600.0,UNSAT,1.1,25725,1636252,,8e24f5eeeafdc31b2295811d8195e3a4437ae080965ebd3de8b69dfd8b288c4e,drat-trim,0.7,True,157.6,21:07:35,
418,0,14,1,600.0,UNSAT,0.9,19906,1408497,,f1d57ef00e12257264f9bfcd97346aedcdf1423df59709ceec2bf67148fe5a8d,drat-trim,0.5,True,157.8,21:07:35,
383,0,14,1,600.0,UNSAT,5.4,116648,8254343,,ef738b261ada5e3e9267875321e30a8cd0185f526f1e850eadcde817c1947e0e,drat-trim,4.4,True,157.8,21:07:35,
417,0,14,1,600.0,UNSAT,1.0,25293,1619352,,00ff09777ee5374c17694571c0881e7283c0b3c0fc59d063ddf67479620527fd,drat-trim,0.6,True,157.8,21:07:35,
397,0,14,1,600.0,UNSAT,2.6,65693,4254152,,6df6da20f01b6f809f167e6f115920d7cbbad44a9959a60f9b05dc86d34eebb8,drat-trim,1.9,True,157.9,21:07:35,
399,0,14,1,600.0,UNSAT,2.7,68834,4429905,,6bba160f0601624293c6cee1a7a2b7075d7aaa3905211321a2b487acd23ef2ff,drat-trim,1.9,True,158.1,21:07:35,
419,0,14,1,600.0,UNSAT,0.9,21084,1478804,,4c56cace94095770fa8c0bc0c568c0de2f21bd272cf972830ff1fa6e7f0ea224,drat-trim,0.6,True,158.2,21:07:35,
396,0,14,1,600.0,UNSAT,3.1,73638,4881853,,c2b09688981b69c109f57958a950c5ea7da3f3049772fa64826b7e2da722c81f,drat-trim,1.8,True,158.3,21:07:35,
412,0,14,1,600.0,UNSAT,2.6,65783,4121713,,cc035ae549e157c072f4bbf0022666878eb8594e55215f26e75fc670ee9cb2f2,drat-trim,1.7,True,159.5,21:07:37,
426,0,14,1,600.0,UNSAT,1.1,26800,1829697,,0cc77a573e058ffbe4ab153d3260f578db2b9e95d2d32c88072c01636a5f2d2a,drat-trim,0.7,True,159.7,21:07:37,
420,0,14,1,600.0,UNSAT,1.8,43453,3105858,,9bfb2ae432871edc85488db6188c4eba7f2b157ddcaa971cac29cc8318536479,drat-trim,1.2,True,159.8,21:07:37,
413,0,14,1,600.0,UNSAT,2.7,66930,4285063,,d1a23ebce888ae0d4ec690f70bf9a88f1b08dc6b84496f07622798c78720f0d0,drat-trim,1.9,True,160.0,21:07:37,
427,0,14,1,600.0,UNSAT,1.4,36495,2327535,,a3f4d40d0b879ed89efe2c0d331c37907ff4035e0c57011b0d13b9dc0d439003,drat-trim,0.9,True,160.4,21:07:37,
425,0,14,1,600.0,UNSAT,1.6,37846,2438472,,b292e72edde3d13b72a06a90bc22c7612b55b55de0baf8bda48966cb85ca0be0,drat-trim,1.0,True,160.4,21:07:37,
432,0,14,1,600.0,UNSAT,0.4,8178,536822,,849cc163ae0a93c5e2e17918ed1b462b605e4c87da3cdd766b5b021b49d8b900,drat-trim,0.3,True,160.5,21:07:37,
415,0,14,1,600.0,UNSAT,2.7,63892,4230523,,c9931b9d516ea9f83e2c63ea5b96f954faa488c75ca57b03f37920a0a571cb1a,drat-trim,1.9,True,160.5,21:07:38,
433,0,14,1,600.0,UNSAT,0.3,7977,430562,,7aaa603da4a11e410a13ec714cdd79a92eec14a3b83e4a071226f0c234e0720e,drat-trim,0.3,True,160.6,21:07:38,
414,0,14,1,600.0,UNSAT,3.2,74183,4957090,,1f29cb42aaf1dd3742d97fd8ee4098a9a58c2936cf8f644cc71c021fd0df1a09,drat-trim,2.1,True,160.8,21:07:38,
424,0,14,1,600.0,UNSAT,1.9,46443,2938050,,50b73791285403085ad4beb2cc930ade13e10a6ba1d3822a8455f51c6732971f,drat-trim,1.2,True,160.9,21:07:38,
434,0,14,1,600.0,UNSAT,0.5,10719,803388,,0fc6ecc55e8371f034a5577208ecdd12eb1dc0e699eb84dd30c9f04a27913504,drat-trim,0.3,True,161.3,21:07:38,
435,0,14,1,600.0,UNSAT,0.6,13018,813852,,cde503ab1683dd694d697b144f3339c52cccd6423a78abdc4788d9ca80f92a1f,drat-trim,0.4,True,161.4,21:07:38,
440,0,14,1,600.0,UNSAT,0.8,18149,1312216,,4fc119de1eb4c03a040231322149f2e60874ca4170fdcae96415b657f8d7512d,drat-trim,0.6,True,162.2,21:07:39,
438,0,14,1,600.0,UNSAT,1.1,25872,1772345,,f16a54bef8265afef1bcd41fda7a34f4dd4359edb12fdd30b2b1b3739575c58c,drat-trim,0.9,True,162.6,21:07:40,
441,0,14,1,600.0,UNSAT,1.0,21088,1602385,,f2f35ee24b6bc11f2601dd214430a4ac48be746757a7a52eae76fafb87472cdd,drat-trim,0.6,True,162.8,21:07:40,
442,0,14,1,600.0,UNSAT,0.9,18894,1400046,,8a2aa9f8a77a95cb91a67c50f680714e95556d215becb66af019ed7fda8855e1,drat-trim,0.5,True,162.8,21:07:40,
421,0,14,1,600.0,UNSAT,3.4,78855,5196267,,802416451498a8a1bfb17d61267662b52365c114b9062cab8ad885c479ab5c3a,drat-trim,2.5,True,163.2,21:07:40,
422,0,14,1,600.0,UNSAT,3.3,76945,5245853,,3404f9b3bbe1de86e2e834e3224f13439de91da362789e51b0cc54f38f6e9735,drat-trim,2.6,True,163.5,21:07:41,
436,0,14,1,600.0,UNSAT,1.8,43958,2896873,,71ab8cab8dd3f82e5156b72b22608e8b8212cefe850a44954ee74203e6078eb6,drat-trim,1.4,True,163.6,21:07:41,
423,0,14,1,600.0,UNSAT,3.3,77114,5202259,,ea483010b6d0779c5d6fada2fe3174a3d0edb3f19b48b3ae5588de0fd436de01,drat-trim,2.5,True,163.6,21:07:41,
439,0,14,1,600.0,UNSAT,1.8,39191,2710912,,e2359aa39134c96c61e17e9126fd802722d03c7b2c870615e1a3cc6f5877aa76,drat-trim,1.3,True,163.8,21:07:41,
437,0,14,1,600.0,UNSAT,1.9,44184,3018559,,4d5040d184291ba993d075da8cf1c81b656d02c2382f3ff6443fb4bcafcf72b1,drat-trim,1.5,True,163.8,21:07:41,
443,0,14,1,600.0,UNSAT,1.1,25066,1584171,,bdf7ae50aa055d7e7fddddbf90191a08a693ecdd1ebbb61e54d696a47e6d42fb,drat-trim,0.7,True,164.0,21:07:41,
428,0,14,1,600.0,UNSAT,3.3,83700,5567389,,b33948a2869ab5eb687722774ef22bcde7bb629834d5e416460c64cd672cee66,drat-trim,2.8,True,164.4,21:07:41,
431,0,14,1,600.0,UNSAT,3.2,73747,5339372,,02fe6f4c6b0a729a599b4965c74811811b4c5533a73ed9f3d614a2617142db8c,drat-trim,2.4,True,165.4,21:07:42,
444,0,14,1,600.0,UNSAT,1.8,40339,2756647,,eb22991622bed6e17feda9f5e8a9318879a2abcab226b24a816ee25119dd2308,drat-trim,1.2,True,165.6,21:07:43,
430,0,14,1,600.0,UNSAT,3.6,84354,5404457,,390bba1fbe42f4d9a1ff3222cdae40d9474b19ec88642eaf146ebb228716cf38,drat-trim,2.7,True,166.0,21:07:43,
448,0,14,1,600.0,UNSAT,1.9,45401,2841287,,54f3d55566838d7f2310197dbb7d6f36f261f7c33b3cb6f7319e9bf7a83b0b1b,drat-trim,1.2,True,166.7,21:07:44,
450,0,14,1,600.0,UNSAT,2.1,48251,3450711,,dbd7e7d399d49830c60471a863c833c3371062677185ba2d85ec0378fc4252ee,drat-trim,1.3,True,167.1,21:07:44,
453,0,14,1,600.0,UNSAT,1.9,44728,2896275,,48f209cec9e7947aa1a64031120812aff650f4c05540deefea382f3ab38e4271,drat-trim,1.3,True,167.1,21:07:44,
449,0,14,1,600.0,UNSAT,2.1,48519,3566865,,956ad44829df6c277ee35b04cc9b738341ee351810d45528ff5cd2fc9723fbaf,drat-trim,1.4,True,167.2,21:07:44,
452,0,14,1,600.0,UNSAT,2.2,52372,3438701,,8a4b00f83d858841aec8f71d893836385e51b1bd60ea2368450178b50f4fbe6a,drat-trim,1.5,True,167.5,21:07:45,
429,0,14,1,600.0,UNSAT,5.5,118826,8170279,,13527f749420c20dacc38c45b6abf110f1e6625bc86fa38dd7e38473199960e3,drat-trim,4.0,True,167.8,21:07:45,
454,0,14,1,600.0,UNSAT,2.3,52150,3679744,,db81b17f89e47aa40e5f6ad8341f3ee7b00ebfd8d091e548f85cc5242d80f020,drat-trim,1.6,True,168.3,21:07:45,
445,0,14,1,600.0,UNSAT,3.5,72037,5181510,,904236f04c8fd02a4eb8847444d73fd6bfd553c0adb2a2c142b7dd7e67c6e1a6,drat-trim,2.3,True,168.6,21:07:46,
457,0,14,1,600.0,UNSAT,1.7,42435,2986439,,3ff41ceedbc97c8af0786b8b2ca54dcb4626195bf6dcb806a8b50d7dc8fba7ac,drat-trim,1.2,True,168.8,21:07:46,
456,0,14,1,600.0,UNSAT,2.0,51417,3371998,,b22226357fe9935492d2eacfeec46501a9b9e78931d2f83bbc16f52c265e6f64,drat-trim,1.4,True,169.1,21:07:46,
458,0,14,1,600.0,UNSAT,1.7,39545,2661771,,4f2f6b74cf47b99135aeb690574b08751ee999eb2ecbe14767e39ac29de09730,drat-trim,1.2,True,169.5,21:07:47,
451,0,14,1,600.0,UNSAT,3.3,74292,5292180,,ca2a638f0a3ad3e4c0b0dd9afb28dbec179bfe0a82d798b5b7b9a59f57980505,drat-trim,2.4,True,169.6,21:07:47,
446,0,14,1,600.0,UNSAT,3.9,86049,5646724,,e21f8f8f670c51d426d097ec1f8e2ed2b75b1488874814895ea123c6136b3ff9,drat-trim,2.8,True,169.6,21:07:47,
460,0,14,1,600.0,UNSAT,1.6,40214,2591712,,a4fdb5d8c959c078adb15f0773d4ba3054525f7823c7f31ca202fb3f6dec2c45,drat-trim,1.1,True,169.9,21:07:47,
461,0,14,1,600.0,UNSAT,1.9,45118,2879612,,57aae1ad2034fd77aedd565695ad890fcf2a5c9c9689708efada7976e8619703,drat-trim,1.2,True,170.3,21:07:47,
447,0,14,1,600.0,UNSAT,4.6,100408,6839063,,30519fcef6f9bc2076e9aa6acc547d685a0965ede59c7ea6f283a8004c454aab,drat-trim,3.3,True,171.1,21:07:48,
464,0,14,1,600.0,UNSAT,1.8,38749,2846185,,56c2e378ed0a2a3007b1f549d5632837924959d1e970990d81a9db465e5d82cd,drat-trim,1.1,True,171.3,21:07:48,
466,0,14,1,600.0,UNSAT,1.5,33333,2714511,,de657fa4a5b53ba20cf7e669b1034611dbb1890d6d15cb4378ebef2624f7a002,drat-trim,1.0,True,171.3,21:07:48,
462,0,14,1,600.0,UNSAT,2.4,54476,3931834,,e5a09d640a8e95a32036381797dd2c472e8cc6c8f506adc1a36ecb6faba7db1b,drat-trim,1.6,True,171.6,21:07:49,
455,0,14,1,600.0,UNSAT,3.5,80612,5530784,,d8a4f8691082751f5532ebf94fb9e4ae15ee03bd9977032db5bb634e3073d180,drat-trim,2.8,True,171.8,21:07:49,
468,0,14,1,600.0,UNSAT,1.6,40947,2804405,,a2071276a8bf98a26f83b7d2ab0a567e2ef94023390898de93d7299d653cbfe8,drat-trim,1.2,True,172.3,21:07:49,
470,0,14,1,600.0,UNSAT,1.7,42300,2920472,,78ccb0c5b89538130e286620dc2bd8370c23ae3e8834461b7a91c8cebdb73810,drat-trim,1.3,True,172.5,21:07:50,
472,0,14,1,600.0,UNSAT,1.5,35266,2605793,,e060d1dd7f24eea5bcfc16348b49eacf10d1e1e9e320c0dbb242e9be2f065ab2,drat-trim,1.0,True,172.9,21:07:50,
459,0,14,1,600.0,UNSAT,3.7,81897,5764837,,a55683da79cffed8d2afab2e111b42a70519aa8ef983116b1acc8c7914224c58,drat-trim,2.7,True,173.5,21:07:51,
476,0,14,1,600.0,UNSAT,1.4,31947,2379090,,a8c62e2d89dd08a5e4e16513469ecc668550a2dec261e8e6c2115ec2a1db2bd0,drat-trim,1.0,True,174.0,21:07:51,
474,0,14,1,600.0,UNSAT,2.4,55359,4011133,,3e6fae399dab266f940246b69bf333b84376ed2c90d85027753f10c3f3ab0cf2,drat-trim,1.5,True,175.1,21:07:52,
463,0,14,1,600.0,UNSAT,4.8,105779,7204682,,b43c4e513d5bf5fae843e17065f2b75b7c8cb53c1893ae1ae1856c677a1b25b6,drat-trim,4.2,True,176.8,21:07:54,
478,0,14,1,600.0,UNSAT,2.8,67403,4625157,,cce812f5262dd60ea1bfd63201e445a590b89ef792e882955bb45b2a73118dff,drat-trim,2.1,True,177.2,21:07:54,
469,0,14,1,600.0,UNSAT,4.6,100065,6828274,,b8d22706b9bbd4bf84f2d5928953f6745ca6e663ad80ae8f8b29e7b5634199c3,drat-trim,4.1,True,178.3,21:07:55,
480,0,14,1,600.0,UNSAT,3.8,81078,5512928,,46f8bc9590c1388b1430deba6bcfbd6d3caa55381d78511dcb84a08831686f40,drat-trim,2.9,True,179.6,21:07:57,
465,0,14,1,600.0,UNSAT,6.0,126583,8905814,,2f6cc3ff1162a85012737e8b50355eeadd455d8194e8e7720d7c8688b0fabd2f,drat-trim,5.3,True,180.0,21:07:57,
481,0,14,1,600.0,UNSAT,4.1,88006,6034850,,67ceac1463f876ed4346a4d66382d02fd6de78cc1397eeb326ca1e92e7dfbd11,drat-trim,3.5,True,181.1,21:07:58,
482,0,14,1,600.0,UNSAT,4.0,87973,6071963,,8632fa36839d4c220d288fe9d790312f6c7b97a63ceb6fe62ad7b7f3e3635478,drat-trim,3.5,True,181.6,21:07:59,
473,0,14,1,600.0,UNSAT,5.6,119926,8415386,,aec1a4bc1cb868c31a084af7bf0bacd37e93d0d20d1e654a9f57b9347b4f611b,drat-trim,4.8,True,181.6,21:07:59,
467,0,14,1,600.0,UNSAT,6.8,138607,10266904,,6bb3f26086bdd6db507ca1d309a8834a0b1e7cba476245e65fde65e2552b8197,drat-trim,5.8,True,181.7,21:07:59,
477,0,14,1,600.0,UNSAT,6.1,123621,8929656,,0ad4a9b196cc581df797d1d5ea43c6b2e1ece84d3865f329c14c65096d745a5c,drat-trim,5.1,True,183.1,21:08:00,
471,0,14,1,600.0,UNSAT,7.1,149976,10399651,,e87d6285c9635a5f204ee0928f20578ce8702cc945f2a1b4fc9fdc5424cee329,drat-trim,6.2,True,183.2,21:08:00,
479,0,14,1,600.0,UNSAT,6.2,124497,9406631,,94be14b676f248981eb0d86bf9d38cee87c9748679e3651dda3dec041db64b3b,drat-trim,5.1,True,183.9,21:08:01,
475,0,14,1,600.0,UNSAT,6.8,139390,10089963,,5871eff3be9e62d5b482ab51272b0ad56b328799c86968e24d5b5d972793f38b,drat-trim,5.8,True,183.9,21:08:01,
485,0,14,1,600.0,UNSAT,3.9,83921,5752515,,8f4a304a8bb52856fe0f1b25cf58d7df0842b409ebbae6c35d3d2ab2f8fa40e0,drat-trim,3.1,True,184.1,21:08:01,
486,0,14,1,600.0,UNSAT,5.0,98647,7281397,,41d1a76a9fb6fe8a8eee695c81355391e1d00821bdb67848e78a64863f771cf3,drat-trim,4.4,True,187.7,21:08:05,
483,0,14,1,600.0,UNSAT,6.8,132499,9454187,,ddaab0fee821a70a3e6ef1a6966877ca10ae19c75212be5d691a0a9d028a6dd0,drat-trim,6.3,True,188.3,21:08:05,
492,0,14,1,600.0,UNSAT,3.4,77994,5574811,,85ac2026aa9042c8dc7298aee962d90099511e712f511011afcad36f33e31692,drat-trim,3.4,True,188.5,21:08:06,
484,0,14,1,600.0,UNSAT,6.1,130880,9195947,,88747f0f49649f0dd74215ed3d1073892564b1c477ffbe9de7580c053df79465,drat-trim,5.6,True,188.6,21:08:06,
487,0,14,1,600.0,UNSAT,4.6,104654,7227224,,5081ea1a448d2303214400f6d0611dc63c35705320984da02496e029250893c4,drat-trim,5.0,True,189.3,21:08:06,
490,0,14,1,600.0,UNSAT,3.7,85690,5604579,,d86e07e80f1dcd86927bd512d7bc9a0ec56e4f69ff56783bd72ddf84d9fcd4b2,drat-trim,4.1,True,189.4,21:08:06,
488,0,14,1,600.0,UNSAT,5.0,114316,7814517,,9a9b4e8b5c92b9514674f28664b40d8388ff0888a4986c7fdb2c404082c07207,drat-trim,4.7,True,189.7,21:08:07,
496,0,14,1,600.0,UNSAT,3.6,70036,5070347,,40d859678b821708e7a9efde3cc54898bf984e4a5ca32a9062e954e7602cb1d2,drat-trim,3.2,True,190.7,21:08:08,
491,0,14,1,600.0,UNSAT,4.7,96270,6950820,,cade6d7b8390e942fbfdba65d2814736fe6f3da0bfc06047c267d672b2e680be,drat-trim,5.2,True,191.5,21:08:09,
493,0,14,1,600.0,UNSAT,4.5,91353,6043490,,58e1aeef9ab408fb87b318a8e304242124284a4b0bdd95c0813ab5416220160f,drat-trim,4.0,True,191.7,21:08:09,
489,0,14,1,600.0,UNSAT,5.4,106838,7632497,,f0ece4851f39ffa34ca88648472e73f150fa1b2c9ddc0d6b4d4385e11317bbe1,drat-trim,5.9,True,192.4,21:08:09,
498,0,14,1,600.0,UNSAT,3.1,61435,4428241,,3f1a61813a22a59a10e11c31aa6762467ffd973889152e4f36c66da953537f4a,drat-trim,2.4,True,193.3,21:08:10,
494,0,14,1,600.0,UNSAT,5.7,104511,7414103,,c5646810328854830ab421a9f84a62331fa37456edcd2a6453f02db9b5ead963,drat-trim,4.5,True,193.4,21:08:10,
495,0,14,1,600.0,UNSAT,6.0,100931,7424877,,4e88e6e859bc1f278a9b02353d9ddc04d55e5cbf9c0e80470b3d6b22abad5984,drat-trim,4.7,True,194.5,21:08:12,
500,0,14,1,600.0,UNSAT,3.5,69389,5055490,,c65fe1288a3c005e26ce4e9b2808ae852529e17d0df9f3a7907139046eefb319,drat-trim,2.7,True,194.7,21:08:12,
504,0,14,1,600.0,UNSAT,3.8,81500,5532843,,e568959dd0acc887f9f9211a6e32bd196925dbc84864ccce95b132d577ae6599,drat-trim,2.7,True,196.2,21:08:13,
512,0,14,1,600.0,UNSAT,1.2,27825,1719633,,0b174189212d3045afbc78539ceffb8fec35dd8bb1408ea824eae47bb88abc46,drat-trim,0.8,True,196.6,21:08:14,
506,0,14,1,600.0,UNSAT,3.1,67257,4662574,,4643e835f5907a22cfb8c51c7adb01538700caa29c2bb4cce14c340affc70322,drat-trim,2.4,True,197.1,21:08:14,
513,0,14,1,600.0,UNSAT,0.6,13720,765174,,b468b7da9bd8484a77ec47669dfbcc8c62824a5c94a82f3aaa8f045b3c48226c,drat-trim,0.4,True,197.2,21:08:14,
508,0,14,1,600.0,UNSAT,3.0,66130,4376552,,a03ca0aa7e373ea78cc83c58d6a63a32e8afa9357bb6253e84a464af4b7e22e1,drat-trim,2.1,True,197.6,21:08:15,
514,0,14,1,600.0,UNSAT,0.5,12981,845920,,daaeeedcdf8d14dc2ee46c1723e245ddef079f3f33d8f3e5d8aa54ff62ecb7e6,drat-trim,0.4,True,197.6,21:08:15,
502,0,14,1,600.0,UNSAT,5.3,102434,7371372,,adbf3d699914823bfa04798780cf4bba3e8ba2fc222ce8299b24f2783fb92543,drat-trim,4.2,True,198.9,21:08:16,
515,0,14,1,600.0,UNSAT,1.1,24744,1638427,,3e4ab367a716dc817272aad3c427281b8d56069fded94cd62887669d8df33cd1,drat-trim,0.8,True,199.0,21:08:16,
520,0,14,1,600.0,UNSAT,0.2,2903,311154,,96123773abcd2687236c304d2325808a5be98233fe93d5d242873050a0e24f3a,drat-trim,0.2,True,199.4,21:08:16,
521,0,14,1,600.0,UNSAT,0.4,7986,429399,,999d4bffd794c756cbb561d035237e213b0210fe95977b275e1cbaa678a99a90,drat-trim,0.3,True,200.1,21:08:17,
510,0,14,1,600.0,UNSAT,3.7,81416,5428086,,81a73b06a6c13e53f7641010beacba53dc02c16e8231f8857f67e5c842ece871,drat-trim,3.3,True,200.5,21:08:17,
522,0,14,1,600.0,UNSAT,0.4,6765,343746,,bd3afdc07ba79e16edd38d2b31b3f789c079aed653807f5ca1c436299be70615,drat-trim,0.2,True,200.8,21:08:18,
523,0,14,1,600.0,UNSAT,0.4,8690,458041,,9e59a3c41b928e62cf7c6bebc4a5702d09a0648da5f7344245ac671f6f099d8e,drat-trim,0.3,True,201.2,21:08:18,
516,0,14,1,600.0,UNSAT,2.9,64180,4290066,,cbf8fab34e1ef6b40690638e6c2223c455e0037e72a8e518869ae161fba10d34,drat-trim,2.5,True,202.7,21:08:20,
524,0,14,1,600.0,UNSAT,1.2,24312,1677566,,f9a8fce84663767d279596048cff2394d529a94f3ccffbd11a02081d7d862f95,drat-trim,0.9,True,202.9,21:08:20,
518,0,14,1,600.0,UNSAT,3.2,68088,4506809,,f2775a3a78ce1409e47169dc21bd4ef7c100a9f4863b5bd47bfae52c07fca5fd,drat-trim,2.7,True,203.5,21:08:21,
525,0,14,1,600.0,UNSAT,1.7,32185,2364065,,7d96d3fd5c212cf810726ff49ce0afeb0ca0fc8ae3ec04011016fdf3d1784a82,drat-trim,1.0,True,203.8,21:08:21,
501,0,14,1,600.0,UNSAT,7.6,142988,10709932,,990ce931ffda059bdb7ee2d8a2b5b5bb58818878a92e5a7f17ff80ba82ba3aa8,drat-trim,7.7,True,204.0,21:08:21,
517,0,14,1,600.0,UNSAT,3.6,78205,5068642,,8c3145420eee5dab2b8340ab46dcc5ef2cc9c38130ab3ef880d4d70284532809,drat-trim,2.8,True,204.0,21:08:21,
526,0,14,1,600.0,UNSAT,1.2,26366,1728383,,551b7c657ded1f0bdc24cbfa3f288e13190805b493de0330dfad2f6293e9e150,drat-trim,0.7,True,204.7,21:08:22,
530,0,14,1,600.0,UNSAT,0.7,15134,1189463,,09bd4f745abe3d039401719725b7367c3b42d3ea77bf90c4565682aff6554382,drat-trim,0.5,True,205.1,21:08:22,
529,0,14,1,600.0,UNSAT,0.8,19003,1463976,,35853e4adbf126bb9050dec43a0162d8d360998df3417a3b033d36e873f80d88,drat-trim,0.5,True,205.2,21:08:22,
531,0,14,1,600.0,UNSAT,0.7,16018,1207896,,5374b91be844ac648e115e59768839fe0e643ab5171b57ca1aaeff8568c70eaf,drat-trim,0.5,True,205.2,21:08:22,
528,0,14,1,600.0,UNSAT,1.1,27021,1765922,,75f9bedd9639f977bd6256950472c52e19006ac9d5495a20b5239c288608b2e5,drat-trim,0.7,True,205.3,21:08:22,
519,0,14,1,600.0,UNSAT,4.1,80701,5311025,,4e79ccbe4fb4a31fb930c66f62e30678ebd37fa0001c7fdb8ee56e9111c68f9e,drat-trim,2.7,True,205.7,21:08:23,
536,0,14,1,600.0,UNSAT,0.6,12204,765023,,7c8db1e3a2efcbef9d6e074cf58a4ec85471075be2e1001208e655afb4e49ccf,drat-trim,0.4,True,206.5,21:08:23,
499,0,14,1,600.0,UNSAT,9.0,162552,11605242,,5a0850e7c6724232dde0a0e14ab20e1059fea0a16673ab621e948db6c72ac5cb,drat-trim,9.1,True,206.5,21:08:24,
537,0,14,1,600.0,UNSAT,0.5,10415,727408,,223ae0eda13b15f82cb08d4c0a46ecb504e2ab1b06c1efb826702e504892adbb,drat-trim,0.4,True,206.5,21:08:24,
497,0,14,1,600.0,UNSAT,11.8,195118,14465974,,eeb6e3e45c0584aca182342d91662599eabc01993bd5db2ac8932c33fe312fb3,drat-trim,11.2,True,207.1,21:08:24,
539,0,14,1,600.0,UNSAT,0.6,14028,907561,,cb1be78969ea28175161f4d01fe0c27dbc944c091891789b2a2c66e6d720d403,drat-trim,0.5,True,207.6,21:08:25,
527,0,14,1,600.0,UNSAT,2.9,64396,4367444,,d0c503b869cbe44fa9418449d56ef8987b3239de9924209bad739f3d2dd605f0,drat-trim,2.2,True,208.1,21:08:25,
538,0,14,1,600.0,UNSAT,1.0,24371,1625843,,02ad5ba509b8a65d0e8878e72739df8722567c9b06de3cf9aa26c194889b63ca,drat-trim,0.7,True,208.2,21:08:25,
540,0,14,1,600.0,UNSAT,1.0,24706,1729183,,4da56f96bf4e600953d87d94a02c025e92ff109af846c599c94007d31e6638ac,drat-trim,0.7,True,208.2,21:08:25,
541,0,14,1,600.0,UNSAT,1.0,23972,1712346,,804c360a5bf07b73420c4cea4b61f73dc87f9c3057ee7c5b6e9d5eb2b2b2e320,drat-trim,0.7,True,208.9,21:08:26,
542,0,14,1,600.0,UNSAT,1.0,25926,1646481,,32e67218f415e25c7a269599c8a73799402a738d0b27365ad3035d1bd3095a63,drat-trim,0.7,True,209.4,21:08:26,
533,0,14,1,600.0,UNSAT,2.6,62327,4164982,,36cff13d06d692fffc33366ef407c3818632dee701464fa57b5305d08f6b7e3c,drat-trim,1.8,True,209.5,21:08:27,
543,0,14,1,600.0,UNSAT,1.2,28436,1868314,,c8b128b46fbb7bf467a8ced2d60f42c06338f5d02dbe1a24c98f8ca6bcab6802,drat-trim,0.7,True,210.0,21:08:27,
503,0,14,1,600.0,UNSAT,10.4,190594,13569053,,d3d194b65e9365c8c382e29beb43d2f8ad4ba7f889580abac48bd450c1946c90,drat-trim,10.2,True,210.1,21:08:27,
509,0,14,1,600.0,UNSAT,9.5,168200,11890635,,47b6812a42ed77dabd7703b801b842c33c4ecb971c4f5beaee5678648ffa51de,drat-trim,7.5,True,210.3,21:08:27,
545,0,14,1,600.0,UNSAT,1.4,32527,2225716,,f66d7a2fd1cd6a331db4afb19ce357dc768783d37170634588f5ce083e31284d,drat-trim,0.9,True,210.6,21:08:28,
505,0,14,1,600.0,UNSAT,10.6,194124,14034316,,486d1bed6a17e2093e9ba9270af1d6240ae1e7d589a3ed177608a50218fe8ab8,drat-trim,9.5,True,210.8,21:08:28,
544,0,14,1,600.0,UNSAT,1.8,43822,2766774,,e43687d941aa2c10cf9e009fafcc4efc62ea03e58cdac484b2c003e96b8cefe8,drat-trim,1.2,True,211.2,21:08:28,
534,0,14,1,600.0,UNSAT,3.6,84356,5583333,,0d34f32cc3a67f4a7c7d1ea6940d82486fa1c60fe503f54e7792f587cf19cf8a,drat-trim,2.6,True,211.4,21:08:28,
532,0,14,1,600.0,UNSAT,3.9,87637,5682114,,fe92ea2d82e8e454f8c8367f1374db60241572269be867562a22b27be9e89ed1,drat-trim,2.9,True,211.4,21:08:28,
548,0,14,1,600.0,UNSAT,1.3,35840,2344650,,4ec1296531525789327ba4f5d375d8fc7d62b08727138d993129fcc3b64211e2,drat-trim,0.9,True,211.7,21:08:29,
552,0,14,1,600.0,UNSAT,0.7,15844,1177499,,05da3df5b51cd47c8f1f2386e7ed4fdbf6336f0746f13b151d3d867aad03fe7d,drat-trim,0.5,True,211.9,21:08:29,
553,0,14,1,600.0,UNSAT,0.8,16388,1226887,,889caa76e97891eed11214a03f48aa047338182e5dbba8a1cb09566c631284f6,drat-trim,0.5,True,212.1,21:08:29,
511,0,14,1,600.0,UNSAT,9.4,164746,11943883,,1bbca2738b099ef322e961920e330d392cc50f86a7b9156ddeccaeb4d030d10b,drat-trim,8.2,True,212.3,21:08:29,
535,0,14,1,600.0,UNSAT,3.9,92937,6006936,,209a94a06ec120dc351a7dc1aedc9465079a613e65707ae066034a855db6f8a0,drat-trim,3.2,True,212.4,21:08:29,
549,0,14,1,600.0,UNSAT,1.5,38686,2548849,,6acca4d25fc66ab6cf067496f1d2f6a4549a0087638f200a36944c86923b59fe,drat-trim,1.1,True,212.6,21:08:30,
507,0,14,1,600.0,UNSAT,12.0,216384,15027998,,97e4960b6d965c5be6c564d8bff7386e19eccd7743ad0a34510c5093ecf5bf3c,drat-trim,9.2,True,213.0,21:08:30,
560,0,14,1,600.0,UNSAT,0.6,13303,917269,,c73a07c40492a3e38b0bc90b8721d1136c6de0717dd405ae342d4c5af469389b,drat-trim,0.4,True,213.4,21:08:30,
554,0,14,1,600.0,UNSAT,1.9,45894,3155490,,3f4cd58f7876503828b8a58b1ae37a6d2b3995af7bb7676cba3c9ce3e3cd6c69,drat-trim,1.4,True,214.4,21:08:31,
557,0,14,1,600.0,UNSAT,1.8,41664,2847730,,7d2a9766256f3dabe81eb6ef50529fd09c66fc31ce948f9f6886d0c186042335,drat-trim,1.0,True,214.5,21:08:31,
561,0,14,1,600.0,UNSAT,1.6,38960,2577945,,2033f32e6ed21e12c9f54581e783a46d2d6a4d580f5b34eafdc428fb9afba7d3,drat-trim,1.0,True,215.0,21:08:32,
546,0,14,1,600.0,UNSAT,3.5,76920,5279788,,c475d2d4df32b1a46a1ebb4d13cc4fe7dcf7537b1cdf632c59626dbad6ba6ca7,drat-trim,2.7,True,215.1,21:08:32,
556,0,14,1,600.0,UNSAT,2.4,57750,3551164,,5f5d35322976b2b2122e44be5f8d9430b1c3fa32f98a3977bb2128865989fef5,drat-trim,1.6,True,215.4,21:08:32,
564,0,14,1,600.0,UNSAT,1.3,31460,2230659,,e9aa6d8ee882b92af2cfade7237eb3ccf754de4364c49a2da4f4f3cd6d1ef400,drat-trim,0.9,True,215.7,21:08:33,
550,0,14,1,600.0,UNSAT,3.6,81672,5837020,,3be879f662f6391cca39b3cb627fc4ca194aae5bf43bc6c3a9b1d2d967588af1,drat-trim,2.6,True,216.3,21:08:33,
568,0,14,1,600.0,UNSAT,0.8,18219,1293262,,7389d554924706b6239e5e8dff72ba19f66fd3639b62fbc95ec200bfb75e17d7,drat-trim,0.6,True,216.5,21:08:34,
565,0,14,1,600.0,UNSAT,1.1,28947,1908547,,04c5f4114267a4965a6be72972d238317a7a2eacaf00194f48cecb9c534563ec,drat-trim,0.9,True,216.5,21:08:34,
569,0,14,1,600.0,UNSAT,0.6,14205,811332,,182921c99a1c28264eaa01c760f6e5a9c203aeb5e99639805f60f022c9a8ec5e,drat-trim,0.5,True,216.6,21:08:34,
547,0,14,1,600.0,UNSAT,3.9,85951,5782880,,ca97e6ab35ff9a84defa6210c21adb82405a731dd9e9acf71410aa2f8c8556c8,drat-trim,3.3,True,216.6,21:08:34,
551,0,14,1,600.0,UNSAT,3.9,87115,6133671,,5acce662c843d8264f4ccf05b1ed180c8ded81f0d34c25130b56b4241b702acf,drat-trim,3.2,True,217.3,21:08:34,
558,0,14,1,600.0,UNSAT,3.6,75694,5078401,,530118bcb35e608200b33876d33c2f9aad5eb4aa7058e283dca11276e428f56c,drat-trim,2.4,True,217.9,21:08:35,
567,0,14,1,600.0,UNSAT,1.9,44483,3072605,,1726ef9c0368a6eb5b340f65d2a29f3866cd5300d7edf745232d1703a533f9ca,drat-trim,1.5,True,218.3,21:08:35,
562,0,14,1,600.0,UNSAT,3.8,84200,5624075,,2137d2aa6b9dcefeddc4b132f3a408c200084941b16c3dfae13907a2d4c7b81e,drat-trim,2.8,True,219.2,21:08:36,
573,0,14,1,600.0,UNSAT,1.7,41448,2706747,,4e35b41f84052cd060ec3ed5722d6e82e56842f4f2c1311a182ab3357e1c7a4b,drat-trim,1.1,True,219.3,21:08:36,
570,0,14,1,600.0,UNSAT,2.1,47713,3179057,,e25b4d402a4d36c41aa73365ac4a40c217e618527ce386f640703e6ca017bfcc,drat-trim,1.6,True,219.4,21:08:36,
572,0,14,1,600.0,UNSAT,2.2,54258,3378134,,8f3bfcde9f9a81df78290b97594934cd78323d30968ffb86a967b619551ed0d4,drat-trim,1.4,True,220.1,21:08:37,
563,0,14,1,600.0,UNSAT,4.0,86435,5645262,,cc15a65e4142f4c536dfad46d7563e88b3ad933a833b25589a2ee2278301a471,drat-trim,3.3,True,220.3,21:08:37,
559,0,14,1,600.0,UNSAT,4.6,95091,6681182,,60aadcffc9338d27a1d20562dad23000097e445e944efaff7a4827495307764f,drat-trim,3.6,True,220.4,21:08:37,
566,0,14,1,600.0,UNSAT,3.7,83064,5715332,,9044c7cca90bac8b15da832bb3848e27f001073bdc71cff4fbbc65194236bc69,drat-trim,2.9,True,221.1,21:08:38,
555,0,14,1,600.0,UNSAT,5.8,126547,8494673,,6fc1d2e57ba2f841e86aa478dc8fbe4e83263ac32f11664a657c645c5b82cd74,drat-trim,4.8,True,222.0,21:08:39,
574,0,14,1,600.0,UNSAT,3.5,76168,5165719,,a3e211c872d90273798a3936e269d8b38b5885b4dd80feab5dfe8e21a44a1213,drat-trim,2.6,True,222.7,21:08:40,
576,0,14,1,600.0,UNSAT,3.3,75349,5019166,,c2ca515330c425aee0a2cb99ed3a5a0f2041a8c664a437e044760b240ad42f9d,drat-trim,2.6,True,223.2,21:08:40,
571,0,14,1,600.0,UNSAT,4.0,88677,5997444,,6cb66837f8ec37814ac0d25a817efbf6614be27dbba201487f0e7fe3b96cb41c,drat-trim,3.2,True,223.8,21:08:41,
578,0,14,1,600.0,UNSAT,3.2,76310,4999960,,6963b99bb2ce4fd1d528e07da8df4d63c96c5c2dcb7b5dfe202a2c6630010bf1,drat-trim,2.6,True,224.1,21:08:41,
580,0,14,1,600.0,UNSAT,3.4,77425,5452503,,206c270f0acfececa2c4dc5d99c3ce005c43f0ab48130ee29258f7d947aa8188,drat-trim,2.8,True,225.6,21:08:43,
586,0,14,1,600.0,UNSAT,2.9,66567,4452491,,a2ad4d5d7c4b3cf88e217e8ab37f34cc02df7f6d7a301e4fca05a3917626fb35,drat-trim,2.0,True,227.1,21:08:44,
582,0,14,1,600.0,UNSAT,4.8,102958,6942597,,ff1f564a26ba7fa749833c11d69177f9f229a52ee5d70c73932ee86360e98292,drat-trim,4.0,True,228.9,21:08:46,
590,0,14,1,600.0,UNSAT,2.9,66472,4602021,,3a6af75b850a3ef44c2c9199a1c11877cb3e6b9a924a5a420e02975f9e1150b1,drat-trim,2.3,True,229.3,21:08:46,
588,0,14,1,600.0,UNSAT,3.6,75639,5072656,,47ec9511996af288afec22c8d188a8c58c7f41564aa7fb98c50bc9b5222e9b7b,drat-trim,2.7,True,229.5,21:08:47,
584,0,14,1,600.0,UNSAT,5.6,119621,8089624,,30a93c1603601b30fa869a67c4301150092d162ff3e4874b56e78d5d80e8f449,drat-trim,4.5,True,230.4,21:08:47,
579,0,14,1,600.0,UNSAT,6.0,122938,8689381,,a11a049ca112e997f28d819d74431552701418c6a38b0e2c5cf003e297102bd9,drat-trim,5.2,True,230.4,21:08:47,
575,0,14,1,600.0,UNSAT,8.0,165162,11312382,,3003cfd617a9a2bec5f4a0067eef75bbc61d5dbee24ca12c086dfcba92a21104,drat-trim,7.2,True,231.8,21:08:49,
589,0,14,1,600.0,UNSAT,4.7,101692,6974932,,a92fe9611a89cd2b741db3cefd28d254d6edd36397d25894ef02184e71151294,drat-trim,4.2,True,232.7,21:08:50,
583,0,14,1,600.0,UNSAT,6.7,138520,10095772,,f5adf3ffb011cc16be927f232e765d920a32b25df4d1bb1fd434b31497b57d4b,drat-trim,6.1,True,233.1,21:08:50,
585,0,14,1,600.0,UNSAT,6.6,129251,9234498,,5c9fb056dbc4c5984ce8bcd08fddd15d29e945a64ccd2aa54ffd4cd1940e7b03,drat-trim,5.8,True,233.6,21:08:51,
581,0,14,1,600.0,UNSAT,8.4,163752,11406024,,171b221f05faaf6cad31f1171252f40e399f9bbb5073bb2fe6414b8f3d8603c7,drat-trim,6.8,True,234.6,21:08:52,
577,0,14,1,600.0,UNSAT,9.0,182092,12633389,,db23bd2ad295ba0909cbdd03ca642e04a1dd6c4b519349b5a69a3618ea073bd6,drat-trim,7.7,True,234.8,21:08:52,
587,0,14,1,600.0,UNSAT,6.4,132808,9297322,,1d32211498bf1d791306a8fff8cb0a7edd7213d8847928f0f0ba1f2bf7169014,drat-trim,5.8,True,234.8,21:08:52,
594,0,14,1,600.0,UNSAT,3.4,72837,4879080,,6d937f01d3c604d3dcb4dd344e1cc096c518f9babd802058826bada37f918a07,drat-trim,2.6,True,235.2,21:08:52,
592,0,14,1,600.0,UNSAT,5.1,99089,6809477,,297c8c061809572c5ba32e5bced3bf68118d51955614a6d61d01bf97ee660c29,drat-trim,3.9,True,236.0,21:08:53,
591,0,14,1,600.0,UNSAT,6.2,125512,8850791,,5a2cd8696a5c6079d0a38fcf10500593b1aae9970e6e33b4647ca3c487002f7d,drat-trim,4.8,True,236.6,21:08:54,
598,0,14,1,600.0,UNSAT,3.3,70958,5142350,,4559c8c2e1a5db87a26a5a18ae8b2d9a243d3fe6f64dfbcaa2da9c33888a5554,drat-trim,2.6,True,237.8,21:08:55,
600,0,14,1,600.0,UNSAT,3.3,74656,4979200,,56beea5406799dbd1ade4e5d00ee0a7a93b9676c9e8670384f4eaa417a5012d7,drat-trim,2.6,True,239.0,21:08:56,
596,0,14,1,600.0,UNSAT,5.0,103726,7258226,,29a9e9a822bd2798e2483ab8679fb1693bd3ffa53e714976421dd37a03f748e3,drat-trim,3.8,True,239.2,21:08:56,
595,0,14,1,600.0,UNSAT,5.2,111226,7738518,,6fdb3ff925d6c464f18b285b1500ed293c38dafbcaf739e8dca7cab649a58b2c,drat-trim,4.5,True,239.2,21:08:56,
593,0,14,1,600.0,UNSAT,5.6,111660,7677700,,ba0eff21df7272a99e3ae15493e0881cda968f290bd2014201f5c81cfaa0a817,drat-trim,4.5,True,239.3,21:08:56,
602,0,14,1,600.0,UNSAT,3.5,74667,5119840,,33ac8106b8f09628464d474ae1c1aa7d70c904d71c50742caccc712a1c8ebe27,drat-trim,2.8,True,241.1,21:08:58,
608,0,14,1,600.0,UNSAT,2.4,56544,4087272,,b373b87b90723710303286247e87f90fe3a099838f49f2d5d11ce0a4048dd751,drat-trim,1.7,True,241.9,21:08:59,
604,0,14,1,600.0,UNSAT,4.0,88279,6058887,,2e4f100b8cd1e6ada20bd2d95653b151c12a17fcc1176cb493bf6d97679d0c23,drat-trim,3.1,True,241.9,21:08:59,
606,0,14,1,600.0,UNSAT,3.3,75026,5113699,,b2b2578ad489faf1884641ed6e051f041154d51a367e039544df63375aef725c,drat-trim,2.7,True,242.0,21:08:59,
597,0,14,1,600.0,UNSAT,6.5,132883,9235983,,bb4101e2e468f776091461c76cd59dd7182448a277d841b85ccddc4e634f99e6,drat-trim,5.9,True,242.9,21:09:00,
609,0,14,1,600.0,UNSAT,2.5,56796,3844496,,9d98b4472a9163f21740f00f88a6eb0df1454b85ceb5c9e492630f48b9aad8ba,drat-trim,1.8,True,243.3,21:09:00,
601,0,14,1,600.0,UNSAT,5.2,108992,8186118,,99fc44fe2f0612b5a1987e52d3c4c1828c62233865b75cd982c2cbf30ab84227,drat-trim,4.6,True,243.4,21:09:00,
605,0,14,1,600.0,UNSAT,4.5,96969,7146802,,efdd9801f2ae4bdfd1a43368504a1185d2bc65b99129fa9e3b62197ebf2eebcf,drat-trim,3.7,True,243.4,21:09:00,
612,0,14,1,600.0,UNSAT,2.5,57456,3702542,,8d397553f9fe392c9e3a5631772546840417d293402d125c5776777fa8e77996,drat-trim,1.9,True,243.7,21:09:01,
616,0,14,1,600.0,UNSAT,1.9,44588,3118477,,5b8a14f1fe462abd093f50482c46e63b750f65b3a62b57095d176583361a1b84,drat-trim,1.3,True,245.2,21:09:02,
617,0,14,1,600.0,UNSAT,1.6,38653,2781633,,8fb255e36462bdff3e1fbebd8fcb2bcc23620bceeda8decc20ca0237ded2ba7f,drat-trim,0.9,True,245.5,21:09:02,
603,0,14,1,600.0,UNSAT,6.2,126173,9063685,,666ac246a30e24f0d5ba2c72c47583824079f7e131c0541687ecf9841023b489,drat-trim,5.4,True,246.4,21:09:03,
614,0,14,1,600.0,UNSAT,2.9,65700,4210881,,5262d40d8df2f83dcd99c3fcf3d5dc0c83aec0c935573e134f8f2fbb322724f9,drat-trim,2.3,True,247.1,21:09:04,
620,0,14,1,600.0,UNSAT,2.9,66723,4444409,,976829f5658011e2989ee39b0d898654a466b502a42241beeac8ac9c023cc013,drat-trim,2.0,True,248.3,21:09:05,
599,0,14,1,600.0,UNSAT,8.8,169158,11711611,,0094d270d76569719c4c00837a67a1d888fa2781e700b1aa6dfe64675223bc0f,drat-trim,8.3,True,249.8,21:09:07,
611,0,14,1,600.0,UNSAT,5.9,122388,8207948,,06176627440751dbf1e2cb40000237f1deea64028c528e6503dad85fe9df0899,drat-trim,4.8,True,249.9,21:09:07,
622,0,14,1,600.0,UNSAT,3.0,67059,4562071,,54de7f5dea6c9520a3d0503eb64d1eec648516b548b533a8992702c4bbeb46f0,drat-trim,2.3,True,250.4,21:09:07,
610,0,14,1,600.0,UNSAT,6.4,132608,9353149,,b2ea6c3d92a221d38c9baa08c9207a0f501eda54d091bb8411c7e9776e11ab20,drat-trim,5.9,True,251.5,21:09:09,
613,0,14,1,600.0,UNSAT,5.7,122344,8407309,,565f6614a0f75c62d2a556ff1c74a467fb19b04982e17d4ff60e3cb7e8abf778,drat-trim,5.0,True,252.0,21:09:09,
607,0,14,1,600.0,UNSAT,8.6,177053,12166138,,5dc75cf0a0cecc9d6f253a6548978702fa7c9ead524d60c369b89ca029acb50b,drat-trim,7.1,True,252.3,21:09:09,
621,0,14,1,600.0,UNSAT,5.0,100020,7131857,,0b70980cfb0a069ac1ea56a7ebc8e94e2e621e63b637b9b8a2b9851dd5db7481,drat-trim,4.4,True,253.1,21:09:10,
624,0,14,1,600.0,UNSAT,4.1,82042,5939647,,5a4767db44648433da34d791460c937476b68a3ac1c183a269cecd9e0535b0da,drat-trim,3.3,True,253.9,21:09:11,
615,0,14,1,600.0,UNSAT,6.7,128465,9586579,,a486b09a43ba3890e2548b7a231275b31670f9169492685fdd78e50fdb05d57e,drat-trim,5.7,True,254.3,21:09:11,
626,0,14,1,600.0,UNSAT,3.4,70743,5236900,,65e91aa38cf5772baffe8d2d5d13815350fe349f569919ebbc8e1fd947a9faf6,drat-trim,2.6,True,254.3,21:09:11,
619,0,14,1,600.0,UNSAT,6.0,123170,8425567,,d3be087a400a48ed85f9f0704c4ad8c2c989322f2be6c548f82474e3155cc096,drat-trim,5.0,True,254.4,21:09:11,
618,0,14,1,600.0,UNSAT,7.0,147995,10180349,,a6811c0745bf2a817b4369c5f3910a541896417a2a86d8fb1afeacb412a6687f,drat-trim,6.2,True,256.5,21:09:14,
634,0,14,1,600.0,UNSAT,2.9,62725,4523729,,35976fb62ebb27aa951ec39e1f3f6a0d106b6d7f85a0b862eb1c320df0d61734,drat-trim,2.3,True,259.1,21:09:16,
623,0,14,1,600.0,UNSAT,7.7,148952,10636340,,21f658df11b98e7de07eafe3c6e276de4154b41c3f66cca12112b9d05b6daed3,drat-trim,6.9,True,260.1,21:09:17,
640,0,14,1,600.0,UNSAT,0.1,2909,239843,,33d36f99d49de09263722650006fbaa7767a44085e8258688e50024b30c5e026,drat-trim,0.1,True,260.4,21:09:17,
636,0,14,1,600.0,UNSAT,3.8,78874,5671177,,34678bf91959433f2bbebd2b12d9b54c47f34d6baaf8b06ab7869bb244a96a79,drat-trim,3.0,True,261.2,21:09:18,
641,0,14,1,600.0,UNSAT,0.5,9010,902361,,7cc37801678034b8b623bfe24d540b0517c8f80c2823378ea069831c4fd24c8c,drat-trim,0.4,True,261.2,21:09:18,
642,0,14,1,600.0,UNSAT,0.4,6966,383554,,17af22e77589dfdb1b7c6d2350f87352a3733f48e3589a15ff3b23525c6f0e5e,drat-trim,0.3,True,261.8,21:09:19,
644,0,14,1,600.0,UNSAT,0.1,2906,188896,,896e03b9b0939991ea896c24b9999b948301708ace1e6d4a294e7a0e4abcbe6f,drat-trim,0.1,True,262.1,21:09:19,
645,0,14,1,600.0,UNSAT,0.3,6515,333861,,59c2dd2862a16a001949da3cad75e732e263de5051839d208599c87dfde47239,drat-trim,0.3,True,262.7,21:09:20,
643,0,14,1,600.0,UNSAT,1.1,20963,1742545,,d69940242e9ec3a722c7c7234c6b4b897346d4a973c1f24f6179c69d4dd27409,drat-trim,0.7,True,263.1,21:09:20,
646,0,14,1,600.0,UNSAT,0.4,8068,438433,,66ad90b97821a883869ea67b7a642d19166f4464f3ebe2a6ecfe5788cbc0c960,drat-trim,0.3,True,263.4,21:09:20,
632,0,14,1,600.0,UNSAT,5.8,123053,8223037,,1e1131c48f2d87317893b4ad994ef6f77468fad46fa3122751732e887aa3d0ea,drat-trim,5.6,True,263.7,21:09:21,
647,0,14,1,600.0,UNSAT,0.6,11662,813891,,81077627794235d462802ff10274951b20ecebf11a617b86f3129936c2a8848c,drat-trim,0.5,True,264.2,21:09:21,
649,0,14,1,600.0,UNSAT,1.3,30456,2185105,,ee8ecfc8c7ff064f3d4479787d7d7f303c411ea81b5afb7cbf33dbeed388a5b2,drat-trim,1.0,True,266.1,21:09:23,
629,0,14,1,600.0,UNSAT,7.8,152452,10974487,,41fa6bbea8d29721b6383749c18cbd940e2bcb211c11ea463b1b930375eeeddb,drat-trim,8.4,True,266.6,21:09:24,
648,0,14,1,600.0,UNSAT,1.9,42435,2989658,,d718fd4dfbb9ff0c4dde37ba1accbf568123413ca710749d607243a0c485d98d,drat-trim,1.5,True,266.8,21:09:24,
637,0,14,1,600.0,UNSAT,6.2,123735,9680656,,7d68bc3aa5ae25a360c69f0c6fd2c71d360d8487cd335bb8c2287223807929e3,drat-trim,6.3,True,266.9,21:09:24,
650,0,14,1,600.0,UNSAT,2.0,45440,2986969,,1f75f49a0b5649a53e87c7082406bf77ccbaf6a7e87e1827904da5bb300d58d2,drat-trim,1.6,True,267.8,21:09:25,
627,0,14,1,600.0,UNSAT,9.1,171622,12494495,,45db03621111244d993728b81299dba9c377658c37da7e9a6131fb645dce4f4c,drat-trim,9.5,True,268.4,21:09:25,
656,0,14,1,600.0,UNSAT,0.2,3209,274719,,eedbf5b32b661ba59cc30d461d2383910b364861b1fa9ef5c65c0314ee8ad6f6,drat-trim,0.1,True,268.8,21:09:26,
657,0,14,1,600.0,UNSAT,0.3,7862,476685,,f34afa4e15687f9963c52960e4e6c2eea29157d61f3f8a84eb70a5726ea45bed,drat-trim,0.3,True,269.4,21:09:26,
652,0,14,1,600.0,UNSAT,2.0,42182,3067851,,0727f16ac651e6bba552d108b1dd91b43332008b37d89e597880cad181583eb0,drat-trim,1.4,True,270.0,21:09:27,
658,0,14,1,600.0,UNSAT,0.5,10410,755944,,5769645d896e08332360f14c6926c21f2b51dad4ca8a55e9efbe9c0d5a67de82,drat-trim,0.4,True,270.3,21:09:27,
660,0,14,1,600.0,UNSAT,0.2,3181,239945,,104e0262a15266457ec61b5e3c4d8aaa9fc7fda5739d5b3c6f2abf38613afa33,drat-trim,0.2,True,270.7,21:09:28,
653,0,14,1,600.0,UNSAT,2.3,48532,3469760,,d9cd74b77b781ac5de40b701ff9b0ab74274285c5c867721866c315c791bc3f0,drat-trim,1.7,True,270.8,21:09:28,
651,0,14,1,600.0,UNSAT,2.7,58294,4130168,,18d9f59581316d7b57584f4950041226331af1ca24f36e1d86cd065b04f9a6d6,drat-trim,1.9,True,270.9,21:09:28,
661,0,14,1,600.0,UNSAT,0.3,5701,319344,,32bb2651612f77bb0f23576fa35a3992f406deae8f4a015749f1a55f2519d788,drat-trim,0.2,True,271.1,21:09:28,
628,0,14,1,600.0,UNSAT,10.0,184451,13183713,,f02a39c48204060c3669dc0c141d038a4ce2f01b00c1b8915da74587532faf23,drat-trim,11.4,True,271.3,21:09:28,
662,0,14,1,600.0,UNSAT,0.4,7061,348238,,7f32791b6cda7fe61bf9ec9d6081e2b3c569b998f3455b0193064c81981da715,drat-trim,0.2,True,271.5,21:09:28,
631,0,14,1,600.0,UNSAT,9.6,179841,13153888,,7dcea2cccfee01789cca66890c0f4f02d3cbce2da1b0f5114c27caa8d8826a5b,drat-trim,9.8,True,271.5,21:09:29,
659,0,14,1,600.0,UNSAT,1.0,22267,1603626,,684a3865fa8f0ea7d65f2a5d6d7f1c1bed3b7b8312313a3afe8e589703ca4690,drat-trim,0.6,True,271.6,21:09:29,
663,0,14,1,600.0,UNSAT,0.5,10359,789714,,6288d1cc0dbc7c18e7ee3efd13dd0938dcc9043ab1eb3decc2c7847f1cca959d,drat-trim,0.4,True,271.8,21:09:29,
654,0,14,1,600.0,UNSAT,3.3,69528,5127122,,79abc70bff7418a807cc19ac35f6b95537de6b223ff8c233821a51a018922ad4,drat-trim,2.8,True,273.0,21:09:30,
667,0,14,1,600.0,UNSAT,1.3,29837,2198761,,f5d53c257e95ffafa0fb9134750de8613fba6f513884ea6ac737468c4f8145d5,drat-trim,1.0,True,273.8,21:09:31,
638,0,14,1,600.0,UNSAT,9.7,169776,12030232,,a25c4433c9cc095b7e6e1e6a70697c4a78806a01bc453e37fda94b1626a5c0f9,drat-trim,8.3,True,274.5,21:09:32,
664,0,14,1,600.0,UNSAT,2.0,45658,3108656,,a10c084193a9bb2d6647b7a1247a232a42e813f0cfe3415f18aea98fc9f456c7,drat-trim,1.6,True,274.7,21:09:32,
655,0,14,1,600.0,UNSAT,3.8,77888,5643750,,2ed882d429fcca0563fb901b5abfd2817810cdf65026b07d56f0d99f933db227,drat-trim,3.1,True,274.8,21:09:32,
669,0,14,1,600.0,UNSAT,2.1,41776,3098477,,a0a529d25947b5080f3e6176ce67f75b5849ade28e5812f5e88b7989ddb29cfb,drat-trim,1.4,True,275.3,21:09:32,
666,0,14,1,600.0,UNSAT,2.4,50948,3493182,,e493754a3496d437bd55e149666d944b6bf6d7dfe701b60137af87007acbaa3f,drat-trim,1.6,True,275.4,21:09:32,
668,0,14,1,600.0,UNSAT,2.3,47520,3307929,,bf6f4cc38d01075a33fe0cc0392599e02f44f859e2ae39cdb6ebed06f6fec4b3,drat-trim,1.6,True,275.5,21:09:33,
665,0,14,1,600.0,UNSAT,2.7,57259,4063975,,44292e8cf26f443c0a0eab665cb7bc567cee20a3cf2793d5f5625fd2398e4e09,drat-trim,1.7,True,275.9,21:09:33,
639,0,14,1,600.0,UNSAT,10.6,173357,12819368,,3a3b2932d0d270c0013b5e6df5ea850c4d7e6c21c2c457ab0089e67880fc220d,drat-trim,8.1,True,278.0,21:09:35,
671,0,14,1,600.0,UNSAT,3.0,68256,5073273,,44e97c634afe2a961dec3bd6d26ce510a8b952f2eceb7ba63d6c0a83de219866,drat-trim,2.4,True,279.1,21:09:36,
670,0,14,1,600.0,UNSAT,4.1,85201,5680632,,c9b0b20e977e7dd1e9030822259ad25fffe822eb66f5a171d8e9e8c7af3977f1,drat-trim,3.2,True,280.3,21:09:37,
635,0,14,1,600.0,UNSAT,14.1,246090,17641073,,a8c6a440da68f2ea164fdb886dcefb5e4b172b6afdf51eeafdbbdf5059abe8ec,drat-trim,11.9,True,280.4,21:09:37,
676,0,14,1,600.0,UNSAT,2.9,63449,4435910,,7567f0955f4c11395918e9fb9a81bb0a293c55a53c273342314cbe0e4b62c542,drat-trim,2.4,True,280.7,21:09:38,
678,0,14,1,600.0,UNSAT,2.7,61212,4336679,,e1b5ac8ad2a3458acc6f5b1d7b9db9fcb0df76e3b227a55a9bc785b62b162ed9,drat-trim,2.2,True,280.8,21:09:38,
672,0,14,1,600.0,UNSAT,4.3,91985,6264548,,cf1d5b9bfd74280876bd0632af05e5d4c552b2a9b25d003fc7b1f02997179888,drat-trim,3.6,True,282.5,21:09:39,
684,0,14,1,600.0,UNSAT,2.1,45807,3306580,,8f2b317bccb17afafff6e58c312b4ace30857879230d1398b1bc434b4af53966,drat-trim,1.6,True,284.5,21:09:42,
682,0,14,1,600.0,UNSAT,2.7,61175,4282424,,7547a4df121f50eda0f1a63abbb521603ef5ef671e4d7d7e9b48cdee6f014175,drat-trim,2.3,True,285.3,21:09:42,
680,0,14,1,600.0,UNSAT,4.0,85900,5830474,,b06d5427b4bb69798cc5b5ee30bfdafa0abc850d372592ad42b8136b8a1e57ee,drat-trim,3.5,True,286.6,21:09:44,
630,0,14,1,600.0,UNSAT,19.8,306960,23515541,,70900cd40c7d552bb47c4bd11daa56bc3c8b0c36f77f6319ebda2f1720bc30e7,drat-trim,16.3,True,287.7,21:09:45,
625,0,14,1,600.0,UNSAT,23.3,354711,26603194,,b12a877fa2a3a5602d78933822439288f9183fb6a4c6cb096f5ad84c5cc1b19b,drat-trim,18.2,True,288.6,21:09:46,
686,0,14,1,600.0,UNSAT,3.1,62981,4527173,,4abba1e5de40a66bdaa5b3b0102fd4d312df38061037562ffaa2f5d88a5c6b62,drat-trim,2.3,True,290.1,21:09:47,
674,0,14,1,600.0,UNSAT,9.6,163180,11058022,,27ec67e82841d4c5c0d6988e7a409f3a6825e6e1cd5e46d3d16661c1fe23b9ef,drat-trim,7.6,True,292.0,21:09:49,
673,0,14,1,600.0,UNSAT,9.1,163493,11934001,,1c786c8f63985e780d04ecfdd96853f5a9818ab8a554b12f617098e257bea822,drat-trim,9.1,True,292.9,21:09:50,
633,0,14,1,600.0,UNSAT,21.9,333573,25519385,,e9104f972ce5a1951b30d67a0e2370807199bbee9f93955efe34f5e4f7c4d1be,drat-trim,18.7,True,293.8,21:09:51,
688,0,14,1,600.0,UNSAT,4.2,85145,6013505,,0e6dfafae12b7abb745bc80896d5e49cece36391458817a0f0e3645e2e24103e,drat-trim,3.5,True,294.3,21:09:51,
675,0,14,1,600.0,UNSAT,10.3,194370,14757740,,e99ac271ae77a8237bcabd9e90355f11ecdeada21212c9a365a4d5881b5722f3,drat-trim,9.7,True,295.3,21:09:52,
690,0,14,1,600.0,UNSAT,4.2,83953,6111840,,c313f275fc5fbca86a930afdfb76ff3dd702777d3badc47f5b84269f013af2c6,drat-trim,3.3,True,296.2,21:09:53,
681,0,14,1,600.0,UNSAT,8.2,156440,11511359,,5cf46dae7b4aef2bdf885b09bda88aa91841d0144b05add754dc3d7409c5c6d7,drat-trim,8.3,True,296.8,21:09:54,
692,0,14,1,600.0,UNSAT,3.1,66000,4975680,,641fdfac76eabaf47ae495e6d285be26a10c8bbf6d22bce8ec1dd8cf14869c9b,drat-trim,2.3,True,297.4,21:09:54,
679,0,14,1,600.0,UNSAT,9.8,180479,13346414,,a4ed2857aaa1fe9b8d4bd02668bca418df3d8a7cf1c264c515c1bbbafb5fe840,drat-trim,10.7,True,298.7,21:09:56,
683,0,14,1,600.0,UNSAT,9.3,179791,12978208,,d94147de614bebeffe7f68f6152c2e6c171725eae8959ea57779340f42658647,drat-trim,9.5,True,299.5,21:09:57,
694,0,14,1,600.0,UNSAT,3.8,82199,6067962,,b29fa3727db86ffbf9534caed093e8a25eacd995b2ce3b9b3c5c445f4b4ac66c,drat-trim,3.4,True,301.0,21:09:58,
696,0,14,1,600.0,UNSAT,4.5,94046,6244205,,49090ae9bc3c5dd656c5fe535ac761a1c85b5dc56987f1b9bf4e6284abeb04a8,drat-trim,3.9,True,303.9,21:10:01,
698,0,14,1,600.0,UNSAT,3.9,80461,5815412,,d2372229b5757a1b902c5dd9db61aaa533e062a0605cfe3f0e99926513abd4fd,drat-trim,3.2,True,303.9,21:10:01,
700,0,14,1,600.0,UNSAT,3.1,67611,4987347,,58c456ba9da5712c26c677d423cacf677d6137aed91dc791ee379a676991e93d,drat-trim,2.4,True,304.2,21:10:01,
687,0,14,1,600.0,UNSAT,9.6,179267,13536703,,838ef5844ed508b9b30e3623eb29562e4b6b7bb43c13a06aa4539325d451176f,drat-trim,9.6,True,304.7,21:10:02,
689,0,14,1,600.0,UNSAT,8.7,157398,12073383,,b8ec8ca86b412a95cfe966b7f92fdc5b49c6b24ef9cb9c176a8b2bf12f2cbea4,drat-trim,8.8,True,305.2,21:10:02,
685,0,14,1,600.0,UNSAT,12.0,221218,16059899,,21b0a5310794dd19141b3bc55acb1ab3bcbb4edcabc0269629fd2e171c07b281,drat-trim,11.2,True,305.7,21:10:03,
702,0,14,1,600.0,UNSAT,4.2,86821,6349004,,215223f76dcefd964b6832d9781f98dd8f3aa403663f6caa66d1a4751992dac8,drat-trim,3.7,True,309.0,21:10:06,
706,0,14,1,600.0,UNSAT,5.1,93447,6435125,,e0bce4b66e02585131df48cd7f3e79e2fa11bc8e4d557eab5f189659ca964569,drat-trim,4.4,True,314.2,21:10:11,
693,0,14,1,600.0,UNSAT,10.0,187838,13386412,,68cd700bd318b918c50044eda2c61072ac8f667dc49b5765ffa61b277ed05d68,drat-trim,11.6,True,314.5,21:10:12,
704,0,14,1,600.0,UNSAT,6.0,98200,7039011,,b2c4f588d82f7800038703b8a239823a381d10420075a8feac474a1041984edb,drat-trim,5.1,True,315.0,21:10:12,
708,0,14,1,600.0,UNSAT,5.3,95497,6422888,,286c064a58c41d798761aff886a8efec0b6112f93342218abdb7048c0facf719,drat-trim,4.3,True,315.3,21:10:12,
691,0,14,1,600.0,UNSAT,11.7,207667,15430092,,c2ecf503f3c32f629e14e30936ddf9b9bdb85f282489dd6b0d0f5faee6c8df88,drat-trim,14.0,True,315.9,21:10:13,
697,0,14,1,600.0,UNSAT,9.1,166848,11838933,,b2302b1202dbac42a81edb848be52ff49bc740d624d8df7cbaab6c5bfeceaad7,drat-trim,10.9,True,316.2,21:10:13,
695,0,14,1,600.0,UNSAT,12.0,211704,15583808,,8f3de888d044486d25975ca3f160114a5b038d8cf759ae9fbab3388a3906d01d,drat-trim,13.6,True,319.9,21:10:17,
701,0,14,1,600.0,UNSAT,12.3,190706,14061238,,bbb5101f7d674df525474340f3dc0db59f265f432b792092fff9db143f05b253,drat-trim,10.3,True,322.1,21:10:19,
710,0,14,1,600.0,UNSAT,4.5,91047,6118551,,f9cc1c089a705ad9b614d1f71776659d7cc2d3c31bece5d838fe8f42f6570efb,drat-trim,3.8,True,322.4,21:10:19,
699,0,14,1,600.0,UNSAT,13.5,208794,15461284,,8ef18bce290d66a4659550715840a6a3faa1098091066f485b41c16db13c5762,drat-trim,12.6,True,323.5,21:10:21,
714,0,14,1,600.0,UNSAT,4.2,82932,5804242,,56d71640b1b2ac7f64d8c7f290c783013fcdafefb17362def05e792c3813a186,drat-trim,3.6,True,323.8,21:10:21,
712,0,14,1,600.0,UNSAT,5.3,101534,7197996,,b1298623c20fa6c9a3ea6fdabe987e284e1a5a89e77352f0fdbef5ea00c3f0ed,drat-trim,4.4,True,324.7,21:10:22,
707,0,14,1,600.0,UNSAT,10.9,176085,12586658,,5d4a683e27d04db011f1b6186382f63349136a687508172a98396ca5b932f03c,drat-trim,10.4,True,326.5,21:10:24,
677,0,14,1,600.0,UNSAT,26.4,417078,31565653,,147189a0141fd34cb500e8847fb4f8f6de0b3021158f5dc6c078e8d9ecfa6265,drat-trim,26.4,True,328.4,21:10:25,
716,0,14,1,600.0,UNSAT,6.2,124202,8838991,,98d8bab69b0f1db54e63eced878b3f46cc6eed8621b04fb3453762c8ce4264e4,drat-trim,5.6,True,331.9,21:10:29,
703,0,14,1,600.0,UNSAT,14.0,214635,15508365,,2352523710f176aa4b6b0770c88fa5414111783601a722a15ebeec41e3caa525,drat-trim,14.1,True,332.1,21:10:29,
722,0,14,1,600.0,UNSAT,3.2,65589,4305198,,aed53984565b4417188f7a3fddeac7cc797f87f5a50e3530cac0c173f143cd76,drat-trim,2.5,True,332.5,21:10:29,
713,0,14,1,600.0,UNSAT,9.7,158302,11716688,,5be095d2e7c2e89b21246a08830db89151e350c649f404be8d17a9e352159dc1,drat-trim,8.7,True,333.8,21:10:31,
720,0,14,1,600.0,UNSAT,5.4,101252,6959530,,b80bec4edf9ffff3d0edd510f3b7bfc8005c69d6b1fcd93f3c99cb08054f3157,drat-trim,4.7,True,333.8,21:10:31,
711,0,14,1,600.0,UNSAT,9.8,172012,11979312,,1b2b95a66dd12542c66bcb6de9f6feab3316da49e44429d4f1235fbbe384600f,drat-trim,9.8,True,334.3,21:10:31,
715,0,14,1,600.0,UNSAT,9.8,168010,12158108,,d00f15ce84de8ac7c22d93fac5bab2ef3e9ad05631c557d0ed2deda7c1905304,drat-trim,9.0,True,335.1,21:10:32,
705,0,14,1,600.0,UNSAT,16.0,248365,18316578,,966ec510878da994e31d6aa0c828f4b89895a3e14329f90050097c9efdb9b490,drat-trim,14.9,True,335.2,21:10:32,
718,0,14,1,600.0,UNSAT,7.0,124280,9035585,,aa11845a7769f6e24efa09b0b34306137819e1097557bb11bb10a53877dfee75,drat-trim,5.8,True,335.2,21:10:32,
726,0,14,1,600.0,UNSAT,2.9,68510,4708225,,20561d24c87cebbe15190a86386c7605e733a3e195705b65baa011b6a15dcae1,drat-trim,2.6,True,338.0,21:10:35,
709,0,14,1,600.0,UNSAT,15.8,260867,18771205,,3fb1abcaf2d37812aaf12d3ff5c9d84cbaea5a8efa3c4bb17afeff5d959010b2,drat-trim,14.4,True,339.4,21:10:36,
721,0,14,1,600.0,UNSAT,7.6,136760,10042806,,4f9061bb1f13136ecf6f0f2334aee76b1714c22844d3c6d3341c92baff1bcc93,drat-trim,7.3,True,339.6,21:10:37,
730,0,14,1,600.0,UNSAT,3.1,65062,4494285,,0ab6a352e0b6cc41c219298436e1101c08ce70008be6690c223756b5322ae31b,drat-trim,2.3,True,340.5,21:10:38,
724,0,14,1,600.0,UNSAT,5.2,104563,7338110,,2c49597cc988896bbeae9b64c767f05facd0ce16f275ed92b655e1bf0802d48e,drat-trim,4.4,True,341.6,21:10:39,
728,0,14,1,600.0,UNSAT,4.8,94892,6609916,,4faa00da01a598129ff16faa002d1407a1fb6711a857b1dadabff5230abd56e1,drat-trim,4.1,True,342.6,21:10:40,
734,0,14,1,600.0,UNSAT,3.1,68023,4871282,,7397a6cc4a480a522558b4d95c2aedba9cc1e90adddf5dd0bee29c185ee18034,drat-trim,2.8,True,345.3,21:10:42,
732,0,14,1,600.0,UNSAT,5.5,110697,7634911,,f8285b9d2085ab2233d860c615802cfd82ab9c79bfc9236245a8a9622905eddd,drat-trim,4.6,True,345.4,21:10:42,
736,0,14,1,600.0,UNSAT,3.0,67330,4586694,,2560ecb7275850be904053a50df3cc354586c423c60723684f9be608b1d4adc6,drat-trim,2.4,True,346.0,21:10:43,
717,0,14,1,600.0,UNSAT,13.1,219681,16245213,,f3349a98efcf5d00cad599e5f1c05d3abade442853eaf2a8e50feea85263f6a0,drat-trim,11.8,True,347.0,21:10:44,
729,0,14,1,600.0,UNSAT,7.2,133842,9879487,,d60d8e374b98b819b8c9a4cde774f24e30b6f7ac5c52380a727b22b455c5cb8b,drat-trim,6.4,True,348.0,21:10:45,
738,0,14,1,600.0,UNSAT,3.4,76120,5049757,,b12467147bbe87a8e6594c95c321efff576b068c9edd61e779b294c4ee96c7f4,drat-trim,2.8,True,348.8,21:10:46,
723,0,14,1,600.0,UNSAT,10.8,186654,14073617,,cc21edc42df538262942446e092fa6553687b6aba64180461fbc1606b89be184,drat-trim,10.3,True,349.5,21:10:47,
740,0,14,1,600.0,UNSAT,2.5,52686,3620125,,265cf8c157812e7bbda5d2465784d8a088c9cd6fd77655655b4f2fbe6589ceca,drat-trim,2.0,True,350.0,21:10:47,
731,0,14,1,600.0,UNSAT,7.7,145040,10320087,,0a9d29ca3bcade1ff2aae3ec70f7ebc48fe632a92ff4157c6090dd44d8810b8d,drat-trim,7.4,True,350.3,21:10:47,
719,0,14,1,600.0,UNSAT,14.3,229675,16819860,,53cab713651b130969fe4a5627155c5a83655ef628c62cb9d37e1b23f770efb6,drat-trim,12.5,True,350.4,21:10:47,
725,0,14,1,600.0,UNSAT,9.7,173238,12530411,,6d4682690bc0fdfca74c5d52a515cad37302dadb5cb4bbe10470043ca84bde1b,drat-trim,9.5,True,351.2,21:10:48,
749,0,14,1,600.0,UNSAT,1.1,27962,2041855,,df14733484ae5ea8b40e764b76751cf7c7ab86eab660a77ac3297e9a267d6add,drat-trim,0.9,True,353.4,21:10:50,
744,0,14,1,600.0,UNSAT,2.8,61518,4129218,,9aba3c83435dacc754078b9f8a6e979b1a9e3e9f8dda995e0b45647f76ae7689,drat-trim,2.2,True,353.8,21:10:51,
748,0,14,1,600.0,UNSAT,2.2,51209,3595300,,73557981e310b7dc51b1db1d725ce59ee8c9b695742e9c13e3290541f4697eab,drat-trim,1.7,True,354.2,21:10:51,
727,0,14,1,600.0,UNSAT,10.8,204161,14237406,,427437e7c98dd7379388dfd92791f7ba2b886a2413e72e5f3c273653770303eb,drat-trim,10.5,True,355.1,21:10:52,
746,0,14,1,600.0,UNSAT,3.4,69988,5063279,,b84132310d804307e002a8ff0cf98b7719e638996dc57c6c6b0e2a42bd1cbc0a,drat-trim,2.6,True,355.9,21:10:53,
741,0,14,1,600.0,UNSAT,6.0,121082,8252107,,8eddda2372b18911f61d83bedcca8ef03162f8b43d7877bde3d65e82eae74165,drat-trim,5.1,True,357.1,21:10:54,
742,0,14,1,600.0,UNSAT,5.3,103748,7268928,,7d6161c328d64552d4e095aca80e461c661d50bb3ad643098c14aea3422612f2,drat-trim,4.8,True,357.2,21:10:54,
737,0,14,1,600.0,UNSAT,9.3,160506,11368762,,466aa491ea9a0a309aa897c5e8f3f7dbe17e8209d436b75c3e26c4e5bd74ff01,drat-trim,9.1,True,360.0,21:10:57,
733,0,14,1,600.0,UNSAT,11.1,198543,14309517,,4ba60ba6b9233bfbfae5857e0e12f50061fbe08f9061e04da2b316c4ecccec76,drat-trim,11.0,True,360.4,21:10:57,
735,0,14,1,600.0,UNSAT,10.8,190143,14384856,,f259aa261b204104e86deba4d4c2456c5180ea6f3c0bf050b99edd2912b4aaac,drat-trim,10.4,True,360.8,21:10:58,
751,0,14,1,600.0,UNSAT,4.8,100376,7004219,,a709ac776a7b47b3ec10dba3ba163a120cc5eca2335581ea3fec51ee48be18ef,drat-trim,4.0,True,362.6,21:11:00,
750,0,14,1,600.0,UNSAT,5.3,100738,7033674,,2367db9b2c18f4a63c76a24440272cabc32cc7357f47e81148671a98da25ee66,drat-trim,4.6,True,363.3,21:11:00,
739,0,14,1,600.0,UNSAT,9.2,165921,11512123,,d56b69cb15425217aef0764563f79e72a160e03fd362d638476701c878eb2d35,drat-trim,8.6,True,363.3,21:11:00,
743,0,14,1,600.0,UNSAT,10.0,178881,12276132,,ee5172dab11fad066d2ff422ea860f910106885fae8fcb74cfd97c6277989f74,drat-trim,9.2,True,367.2,21:11:04,
758,0,14,1,600.0,UNSAT,4.5,88957,6079303,,3ba87cde38020f06b6ca4e6b7c002b72c364e369e6d8037fed6c4c475a0e19aa,drat-trim,4.0,True,368.8,21:11:06,
756,0,14,1,600.0,UNSAT,6.2,116186,8444903,,3f9c5433f2df4e35b93cff5ea7baaa0d0c6dde6613e8864c2c5081bf263c8e07,drat-trim,5.5,True,369.0,21:11:06,
747,0,14,1,600.0,UNSAT,10.4,189599,13711328,,7a1bc71e5c2410876d6ec8d37c5290a2bfaa03ffecb72b071a7ac8cb820894b6,drat-trim,10.4,True,371.1,21:11:08,
760,0,14,1,600.0,UNSAT,4.5,88017,6303299,,949ece3a3a0ad8cec73083eb9fc1d3eea04808308ebf2e8f200b704d05e2acec,drat-trim,3.8,True,371.1,21:11:08,
754,0,14,1,600.0,UNSAT,10.4,179475,13298159,,f3db3e8066f53eb9c033f934256a419733ae86032aece179036001b52f7b4e70,drat-trim,10.5,True,376.8,21:11:14,
766,0,14,1,600.0,UNSAT,3.4,65888,4458791,,5902fd211bacb17af259e832fdc69aa0d3b1d3f25017e2f0634f9a4d54ff5d78,drat-trim,2.7,True,377.2,21:11:14,
768,0,14,1,600.0,UNSAT,0.5,9550,843778,,87846c44bb9b67f51e81ec13569ef8382eb74d50eb6ae53d6ce9fbad39f39b3a,drat-trim,0.4,True,377.9,21:11:15,
752,0,14,1,600.0,UNSAT,12.5,216167,15806083,,0238c5ff8fa4fc2d1786deb562af27d2ebc7875c361a467679157cb94c5d0ed9,drat-trim,11.4,True,378.2,21:11:15,
769,0,14,1,600.0,UNSAT,0.9,18537,1530794,,cf9305d6dd1550c8b4373b10763c9d63c523f8ee514de9ffb9c49c9556fe1dc3,drat-trim,0.5,True,378.5,21:11:16,
770,0,14,1,600.0,UNSAT,0.3,7949,435173,,1e1aec56042ac0f7508bd96ccbbb295d6c579a3f5cda316e080f77d6f219a4ee,drat-trim,0.3,True,378.5,21:11:16,
761,0,14,1,600.0,UNSAT,7.9,146836,10562297,,7ca901f445047e599a6c898da6d1bbf02c1a2ae97175a3c3483d1cd7d5dc27a1,drat-trim,7.5,True,378.6,21:11:16,
771,0,14,1,600.0,UNSAT,0.8,19430,1380818,,2c41e4c7e2b2085f0e121dc61e5a20eabbbe48f2de4764313d94b778d635d84f,drat-trim,0.6,True,379.6,21:11:17,
764,0,14,1,600.0,UNSAT,6.1,111865,7892774,,78cca5d062d7cc5015fbdbfc0173cd2105dc3794d3111f33840c07fd63a70567,drat-trim,5.2,True,380.3,21:11:17,
776,0,14,1,600.0,UNSAT,0.2,4420,273193,,55f481dd6699e6b0705bf02f928c296ca16faac474d81b8da9d7987637dc950b,drat-trim,0.2,True,380.7,21:11:18,
777,0,14,1,600.0,UNSAT,0.3,7832,442068,,4ee6ae4f9369a1eec68fc7b367f8f363dd906b13630cf47eee51882084288e26,drat-trim,0.3,True,381.4,21:11:18,
772,0,14,1,600.0,UNSAT,2.0,44810,2931447,,a0736333b7c75791d0aa21e53579a13706a3117c9cc497a677a2823648ddfc36,drat-trim,1.5,True,382.0,21:11:19,
778,0,14,1,600.0,UNSAT,0.4,7323,439720,,6595fe4bc3b6b82348662b675adace9c54f742450153dd81ee006c8b135e6cc8,drat-trim,0.3,True,382.0,21:11:19,
779,0,14,1,600.0,UNSAT,0.5,12352,844031,,b4ee76eda667d89c1c3f859935aaf75eba77fd7494e218706a1826e0bf638fee,drat-trim,0.4,True,382.9,21:11:20,
780,0,14,1,600.0,UNSAT,1.1,26556,1694343,,2f069ade02fc69f3e96ee4641014dbaa14171bba5851513c6096360684c36229,drat-trim,0.8,True,384.1,21:11:21,
774,0,14,1,600.0,UNSAT,3.3,73489,4950718,,8055989063db5c3a407375bbf6bea8b5cc80ca7559407ed243ae256ab2affd81,drat-trim,2.5,True,384.5,21:11:22,
773,0,14,1,600.0,UNSAT,3.3,72988,4933420,,9e6d61459b1eab68317ddaf8e89428102d9c8fc7df2ebe54086cfaaf8da69db0,drat-trim,2.8,True,384.7,21:11:22,
755,0,14,1,600.0,UNSAT,13.5,230410,16933633,,92b04c6eb86c735c0620d18cfa5d2b7e3962b5fcbe3a700a1a3b440f68bc0b1a,drat-trim,14.3,True,385.1,21:11:22,
784,0,14,1,600.0,UNSAT,0.3,7859,531945,,bd6be7c2e69564fb5845b9de613fab64c5bbfcf20246389528de218a4ea88106,drat-trim,0.3,True,385.3,21:11:22,
786,0,14,1,600.0,UNSAT,0.4,8934,822719,,b5bd7d3c27e99db7d4b03f10b886a234d4864e3cd7d6e8def31e1228cc4291be,drat-trim,0.3,True,386.1,21:11:23,
785,0,14,1,600.0,UNSAT,0.7,16007,1271520,,23bdb7e4e8a3b62fad7ce5ffb70b098518e65b5f675d1e11964f0b33e51e68d4,drat-trim,0.5,True,386.2,21:11:23,
782,0,14,1,600.0,UNSAT,1.5,34697,2334625,,5b186af5fbb80bd9220a42e989b3839fb36c05b5fb7b31436eacb882ce140c9c,drat-trim,1.1,True,386.6,21:11:24,
745,0,14,1,600.0,UNSAT,19.4,298262,22059925,,5248d07216bcd78ec1b558a57591db9d832bfc209c83f05fda948f910c2ca7f7,drat-trim,17.7,True,386.7,21:11:24,
757,0,14,1,600.0,UNSAT,13.3,232494,17320322,,3e4141f1a47beda1bf0f105a77ee772e777aaf93eed834403edea2f4aea8e83a,drat-trim,13.6,True,386.9,21:11:24,
762,0,14,1,600.0,UNSAT,12.3,207499,14954377,,d235eb025475deeca464132da86964874d4e0c9e5b8fe3fc78849afb42db431f,drat-trim,11.7,True,387.4,21:11:24,
792,0,14,1,600.0,UNSAT,0.2,3411,223934,,c39905080eaba9c5b4ae46b4f6deaf6f23d00c4c28e2a4ab4387cd11e78f4fe3,drat-trim,0.1,True,387.9,21:11:25,
787,0,14,1,600.0,UNSAT,1.1,28357,1856284,,2446a517ce057a1a3e9e39d02ae0288504aed2bc31c5302707e91f5859286129,drat-trim,0.7,True,387.9,21:11:25,
775,0,14,1,600.0,UNSAT,4.9,94543,7002079,,cbb6217da0a209f99fb0f2293bb06479c1fb0f0457565f764cf5b8dc71cc299a,drat-trim,3.6,True,388.2,21:11:25,
794,0,14,1,600.0,UNSAT,0.3,5208,347918,,de99043d3b091acac6aeb5beb7de5c2bcbd6867e9f87a02f9e2f5528f556b5b1,drat-trim,0.2,True,388.4,21:11:25,
793,0,14,1,600.0,UNSAT,0.3,7973,458747,,087e8a95a237dd12f60ac31cbd6a74246823a8487299a95a779e27799ba2b88f,drat-trim,0.3,True,388.5,21:11:26,
795,0,14,1,600.0,UNSAT,0.5,10649,672689,,d9b24da74886c3e5a30ace23c0e251701928cee31871ca615a1a68b32a207570,drat-trim,0.4,True,389.1,21:11:26,
788,0,14,1,600.0,UNSAT,2.0,46726,3189797,,200d7746b39010afd026aff83e9381897cdefd77fa1773a925422faaa28c51f3,drat-trim,1.5,True,389.8,21:11:27,
797,0,14,1,600.0,UNSAT,1.4,31963,2319423,,6eca06c5a5f9e80575fd17d401521821d0bb887ea72f3431c4be851f439f4a35,drat-trim,1.0,True,390.9,21:11:28,
796,0,14,1,600.0,UNSAT,1.7,36381,2399251,,752a504fa02ddca29aa00e8ab71ce67037a0c859f89410f58e9a7397ef49b4b0,drat-trim,1.3,True,391.3,21:11:28,
789,0,14,1,600.0,UNSAT,2.6,58454,4045649,,9edab29c44533e5c6f3414b0136264aac581203b33cf531a149f3d755031c6b9,drat-trim,2.3,True,391.6,21:11:29,
781,0,14,1,600.0,UNSAT,4.6,97336,6776492,,9ddd881386eed9cf450fbeabdada1cc1080f4e5ee1827d7c248a20629c4ddf2e,drat-trim,4.1,True,391.7,21:11:29,
798,0,14,1,600.0,UNSAT,1.5,35102,2475000,,7199e5e3ab497e9db0fa8fe4fb680724c1420e70337294223075fc0d931b2f17,drat-trim,1.2,True,391.8,21:11:29,
790,0,14,1,600.0,UNSAT,2.9,65084,4228955,,02f86c053f77d992ed0390750d8d38f26230d7a2e7f5a0b0bc1ade5403873ae6,drat-trim,2.5,True,392.2,21:11:29,
800,0,14,1,600.0,UNSAT,1.1,24724,1718553,,174523db1596484d81d2c30aa38803b6d7bf2095c4b56ce6769924e8874ff48f,drat-trim,0.7,True,392.7,21:11:30,
801,0,14,1,600.0,UNSAT,1.0,20004,1459554,,5226f19ac72ad58d91daed2554fd6b23badbfde5e199dfda258c34e9f7296d5e,drat-trim,0.6,True,392.9,21:11:30,
799,0,14,1,600.0,UNSAT,2.6,52667,3637067,,fd692f6af115e69ad1dcc61a57c38633de3578ba38949cdaa50ec675d4ab23d7,drat-trim,1.8,True,394.1,21:11:31,
804,0,14,1,600.0,UNSAT,1.6,36931,2452991,,1e2782b9d1d51071bfb39f9acaa5cf74022654372825c266946ecb1526dc8db1,drat-trim,1.0,True,394.4,21:11:31,
759,0,14,1,600.0,UNSAT,18.0,280978,20408720,,5982172b90fcf61a779774bdd4fff65b4d857f9ab2b9df3bfc290981f1a104f1,drat-trim,16.8,True,395.6,21:11:33,
791,0,14,1,600.0,UNSAT,5.1,98125,6636960,,7fdefe498c1b731396447c23e2fde4c620aeb8a229959beab65768b4ba411502,drat-trim,3.6,True,395.7,21:11:33,
802,0,14,1,600.0,UNSAT,2.5,57555,3698319,,2694afc3f64e0447c7403aec6bfbcfc26b3af40baff544fc9301201b92c1253c,drat-trim,2.0,True,396.1,21:11:33,
805,0,14,1,600.0,UNSAT,2.5,57965,3708922,,8adb0ae971bb3af0cec8f90373eb7728a5c560cf63b00dd5190655fb12c940f6,drat-trim,1.9,True,396.5,21:11:34,
808,0,14,1,600.0,UNSAT,1.6,37093,2518330,,26a561cc5ebd729df8e049848dd1e15e5ff84647d48c331909918a7a4c793289,drat-trim,1.3,True,397.1,21:11:34,
767,0,14,1,600.0,UNSAT,13.5,230843,16572712,,44eee4db4efcdeab4c62fad02c65f099c8269667150b45cbbd8f714ea25eeb40,drat-trim,13.2,True,397.9,21:11:35,
812,0,14,1,600.0,UNSAT,1.1,21424,1561715,,86b8b2c954fb384e1b0ce3cc50a0f32921da2ad5c17fff53818a1b2a4a09cec9,drat-trim,0.7,True,398.0,21:11:35,
806,0,14,1,600.0,UNSAT,3.4,72662,5020978,,33fc1bd74826ca378f451d58249ff0502c6ec8a34379a16c0add5322d0c13400,drat-trim,3.0,True,399.3,21:11:36,
783,0,14,1,600.0,UNSAT,7.9,165368,10714323,,968894c29518496cf41e66b989fb279b067f5f0fdd53904a16691626de0660f2,drat-trim,6.9,True,399.3,21:11:36,
816,0,14,1,600.0,UNSAT,0.8,16738,1232015,,171ef18397b70b2546cce72eb1f64b581cbabb53358fec051f864797935a9a1d,drat-trim,0.5,True,399.4,21:11:36,
809,0,14,1,600.0,UNSAT,2.9,64424,4154212,,e477450001df4698a4666252cbe4302c423ea268ad80af30831857d4bf448bb8,drat-trim,2.1,True,399.4,21:11:36,
817,0,14,1,600.0,UNSAT,0.7,16338,1204630,,a2372c5626c9663e4a07189c059f4ae9816797fe64c52b7b5f9ed9a5b8717ff8,drat-trim,0.5,True,400.5,21:11:38,
820,0,14,1,600.0,UNSAT,0.7,16409,1315009,,d66f337d2fd42dda260d3cb193c2f8925ecd2de8598b9079990e8050b59cace9,drat-trim,0.6,True,400.7,21:11:38,
803,0,14,1,600.0,UNSAT,5.5,106944,7442379,,86879e1ef892b5a66186cf3ab5079c7bf36f235017063ba599b217e3c4c99029,drat-trim,5.0,True,402.2,21:11:39,
807,0,14,1,600.0,UNSAT,5.8,110701,7570525,,762a5aec29325065682d4dcccc255da5d9ea5c96082a6744236b876d4dfd2eed,drat-trim,4.3,True,403.0,21:11:40,
810,0,14,1,600.0,UNSAT,4.1,80730,5491724,,36e458bff62ed4662e6d16bd272a190774fa404f8db6a3b6996dbafc6c1db9dc,drat-trim,3.3,True,403.0,21:11:40,
765,0,14,1,600.0,UNSAT,18.2,280318,20775508,,e163641d0d452c59d4f0d069c74ed61c5de72d762a2f9f5a1cc3350963d231ae,drat-trim,16.1,True,403.4,21:11:40,
813,0,14,1,600.0,UNSAT,4.1,86844,5763855,,a013829b49551d43b29fcdf6d451e6ba48a6b71fb2a5fecf38192124eb3334a7,drat-trim,3.0,True,403.7,21:11:41,
818,0,14,1,600.0,UNSAT,2.5,52696,3713637,,277ae2a4024d972eb84010d53f542ac9c3bd7a37c1f5e2b2a8043aaa21cf645f,drat-trim,1.9,True,403.7,21:11:41,
753,0,14,1,600.0,UNSAT,25.0,363171,28011168,,3505ca604546ba9d63ae644295ad124b78057949f58abff2580bbc2c34af21f1,drat-trim,23.7,True,403.9,21:11:41,
814,0,14,1,600.0,UNSAT,4.3,89420,5989870,,e67ddd665361791b6fcca8fab25a842c7b501a3c9caa0a9ae862cc97cfb9ec53,drat-trim,3.6,True,405.0,21:11:42,
811,0,14,1,600.0,UNSAT,5.2,105368,6758145,,b679eadb0131fbb2fc896d3c2ad40447a4a784bdda533bc425604d6d36784bca,drat-trim,4.4,True,405.2,21:11:42,
824,0,14,1,600.0,UNSAT,1.4,33344,2334808,,e5da112c0429a91dcab4fd8d519906047a0709590371c40326f330e7e2e220ec,drat-trim,0.9,True,405.3,21:11:42,
821,0,14,1,600.0,UNSAT,3.1,63437,4243900,,ecf8cade7d443b6ebab5663f0e0542dbcfdee35643951768d98184a7a8a9e361,drat-trim,1.9,True,405.5,21:11:43,
822,0,14,1,600.0,UNSAT,3.0,67294,4815141,,c348f4fe8f2876a9a020a0b774ba16c2ab1c6df57d6ef623cf209a290252eef6,drat-trim,2.4,True,406.2,21:11:43,
829,0,14,1,600.0,UNSAT,1.4,32959,2133880,,69ffdf8554c873921c82fa7ab10c3bff8d2b2fa26c807d43073007151b12cb9e,drat-trim,1.0,True,406.2,21:11:43,
832,0,14,1,600.0,UNSAT,0.6,12540,913472,,7b08e635271825c02130b0bc2486a97a16f60eea0972d646fef987c372eb5689,drat-trim,0.4,True,406.3,21:11:43,
828,0,14,1,600.0,UNSAT,1.8,41618,2880793,,840cc515a99da1bea973253d12616466cc705060622a422282d8ae1fd6edb499,drat-trim,1.2,True,406.7,21:11:44,
834,0,14,1,600.0,UNSAT,0.5,11010,695068,,f96d8c89261f50a223c2995cc29d0bb46831715743529c3f39c991bffcb5bbcd,drat-trim,0.4,True,407.1,21:11:44,
819,0,14,1,600.0,UNSAT,4.3,90903,6118739,,c824d4178511abfa4c09f878d0c0d6f2f0f43448098530bee70813d68760cd83,drat-trim,3.6,True,407.3,21:11:44,
833,0,14,1,600.0,UNSAT,1.1,24432,1729296,,d13182151d0ae002bded4ecc7f625777eeea79fad862fab26ccb647bc17571ca,drat-trim,0.7,True,407.3,21:11:44,
825,0,14,1,600.0,UNSAT,2.6,56816,3969643,,b71f94c1263808ee22822943281605e1d100d73629166a7646b7e01580534220,drat-trim,1.7,True,407.4,21:11:44,
835,0,14,1,600.0,UNSAT,1.1,28446,1949950,,dda156aed7ed50b1c03a3d0a0eb425c3f043db01a78af0d705ee30d40a2b9629,drat-trim,0.8,True,408.2,21:11:45,
840,0,14,1,600.0,UNSAT,0.5,10565,881885,,c82a7f70ee3ecb479c80800d3a21576e16f6e54de0f50c5266d247f7acad0e9f,drat-trim,0.4,True,408.2,21:11:45,
841,0,14,1,600.0,UNSAT,0.9,19616,1465566,,1d82aaa93ae878492fcd2c0462810210c479272dc92df46d366f6f22d5330257,drat-trim,0.6,True,408.9,21:11:46,
842,0,14,1,600.0,UNSAT,0.6,11526,635741,,31fbcf978b1d0ee12af7374f0289f75e38c6ab126fd442d44dc70609db82e651,drat-trim,0.3,True,409.1,21:11:46,
843,0,14,1,600.0,UNSAT,0.7,16150,1195347,,3e1574cf01599c791cafff35515543699a8f92d1831be4abcdc551e231cebdce,drat-trim,0.6,True,409.6,21:11:47,
831,0,14,1,600.0,UNSAT,2.6,58683,4108127,,468d10978581c6054cd21373ac193eb75a98ad195a1a591f2e89ac9d4032aa7d,drat-trim,2.0,True,409.8,21:11:47,
826,0,14,1,600.0,UNSAT,4.1,86066,5894088,,307b9c01803c0b2c4a014a727ffd3e9d96de16c5c4edfb2395a2e6bd5040decf,drat-trim,3.1,True,410.8,21:11:48,
836,0,14,1,600.0,UNSAT,2.5,57865,3858332,,325f6240bfd2c24d2a0a70b2068c12b1778ff644ee12fd1269cc3289c7fbb7d8,drat-trim,1.9,True,410.8,21:11:48,
823,0,14,1,600.0,UNSAT,4.9,100433,6720302,,373100f1544efa0e80b6f73d18f1194602680be203a2aa189ef55b9345aea8dd,drat-trim,4.2,True,411.2,21:11:48,
848,0,14,1,600.0,UNSAT,0.6,11573,894205,,7a3400c56bbf323ba30f3dfc1005718009a8e8c37b3d32713d7670acf6e7fcd0,drat-trim,0.4,True,411.8,21:11:49,
850,0,14,1,600.0,UNSAT,0.4,8700,487866,,865ef40817fa1c21f4ba6a6a8094f3aa37ba3ab7f4e189bd6fd2ca9e05ce4489,drat-trim,0.3,True,411.9,21:11:49,
827,0,14,1,600.0,UNSAT,4.8,95485,6930690,,6478bdb555e34526ce8b63923b2a1ea64a9cd6df070229107fbe7ef7e8eea873,drat-trim,3.6,True,412.0,21:11:49,
815,0,14,1,600.0,UNSAT,8.0,152342,10614988,,2184dd32d8cb08c82e6b8d7b3aeba628609f30781cd55e25c9d226cbe9106ff4,drat-trim,6.0,True,412.0,21:11:49,
763,0,14,1,600.0,UNSAT,24.7,364042,26908224,,779c547ad090ccb1d813b463ff86ac965e8bdaa0d8d599d8aa0955b32d6e8d82,drat-trim,20.1,True,412.1,21:11:49,
830,0,14,1,600.0,UNSAT,3.9,85525,5539200,,4330b129e71554c9d9c40ed85ce1f6e131fbfac89c3e85d10d87515c1ac3ce95,drat-trim,3.2,True,412.2,21:11:49,
849,0,14,1,600.0,UNSAT,1.1,23516,1872017,,5a5ffff3b56d3c22fd99c71eab9a50e5c34d0121e44a69e50f92b183717f574d,drat-trim,0.6,True,412.5,21:11:50,
856,0,14,1,600.0,UNSAT,0.5,9916,800184,,f641f2142dc81657c6b3083ac857697d3f2b5177521547aef230cf05c75ff327,drat-trim,0.3,True,413.1,21:11:50,
845,0,14,1,600.0,UNSAT,2.7,60087,4444016,,d425ebc2d2d6f0d1d339456bb91f17c12804ceee678579c5bcf221728e94a599,drat-trim,1.7,True,413.5,21:11:51,
838,0,14,1,600.0,UNSAT,3.8,83059,5800511,,b5d1da5a98a6e80d2671173020b9333e9ec5e2a205a19746c7d1d43f2ef4e877,drat-trim,2.8,True,413.8,21:11:51,
851,0,14,1,600.0,UNSAT,1.3,30953,2165203,,a7238e0f872aa5ff7b3133f6f56bd1d17ba58b7bcc2dff0d5f08e0908b30b159,drat-trim,0.9,True,414.0,21:11:51,
858,0,14,1,600.0,UNSAT,0.5,12426,835834,,08d5b7417b3721e77ba06acd93b7fb60df7d4fdde2662c427f0456e29041e472,drat-trim,0.4,True,414.0,21:11:51,
857,0,14,1,600.0,UNSAT,1.1,24221,1694914,,6d7603bdce993eb491b4222c50abe5b5edfc6db6e41428ceb65b990be4239127,drat-trim,0.7,True,414.3,21:11:51,
837,0,14,1,600.0,UNSAT,4.3,91599,6039484,,de1355045592437239447d31f13be51aba407244ce060214488588114adb681c,drat-trim,3.6,True,414.6,21:11:52,
846,0,14,1,600.0,UNSAT,3.0,68060,4793204,,f682cba6afb04d64c6da94308d1876f8e234a6810b2cd7d0a727510918bdcc29,drat-trim,2.2,True,414.8,21:11:52,
844,0,14,1,600.0,UNSAT,3.4,71931,5054497,,fd2a09b0d04d7d02fa7e871b5163b4aaba760de257a42276c21c8d59460d8517,drat-trim,2.4,True,415.0,21:11:52,
839,0,14,1,600.0,UNSAT,4.5,91782,6775572,,77ef0f7da1079813de746c581ab6d4f52f2ad5d3a89d2dab054e63ac019c8fdd,drat-trim,3.7,True,415.5,21:11:53,
859,0,14,1,600.0,UNSAT,1.4,31850,2376763,,0d0998fa5145c251668ad10d94f3bdff5b305566e95f29e69d3bf8b99c4375c7,drat-trim,1.0,True,416.0,21:11:53,
852,0,14,1,600.0,UNSAT,2.9,64910,4354041,,a0876f7c32ceffa49df9ec3203a2fe1157eeee059bb43ee32196137eb48b8318,drat-trim,2.2,True,417.0,21:11:54,
861,0,14,1,600.0,UNSAT,2.0,47055,3251786,,31c7cc73a0dc58f1db2011f9d6387d01391719fbd20087ec90dc578ba5a48ecc,drat-trim,1.5,True,417.5,21:11:55,
847,0,14,1,600.0,UNSAT,4.8,98209,7047979,,21b9fff3b240b1690e086e9b16ecce1c9deb13b4957a30476be6b6a44898683b,drat-trim,4.1,True,418.7,21:11:56,
864,0,14,1,600.0,UNSAT,2.5,58482,3965241,,cbde867d428cab1ce81f0f77dda0b49fc011493c5e0b1ddc83afdf9e4d488b78,drat-trim,1.7,True,418.8,21:11:56,
860,0,14,1,600.0,UNSAT,3.0,64859,4456990,,79af1666c7ddbb74c6a203b4bb719edd10ab5ca08634e90c08604156bdaadf57,drat-trim,2.3,True,419.1,21:11:56,
862,0,14,1,600.0,UNSAT,3.1,68099,4567303,,ec8bc61d3be4e34ddbc1c21e514ba726f234c593ff53eec194d48e487d581b7c,drat-trim,2.5,True,419.7,21:11:57,
853,0,14,1,600.0,UNSAT,4.4,90356,6102977,,586e6a601cf0825b937cc70b01f4c8827db0fec3ff8c094ef50a8fd85f1d7ea7,drat-trim,3.7,True,420.2,21:11:57,
866,0,14,1,600.0,UNSAT,3.4,73462,5293135,,aee6797b056e3750f9063b5753f3b1c45b86ee659d5de4674c145b763ddb04ac,drat-trim,2.6,True,420.9,21:11:58,
872,0,14,1,600.0,UNSAT,1.9,46895,3209925,,4ff9f8b7306e068702d144e34742aa59f548181656030468c27439a309fee10b,drat-trim,1.8,True,422.5,21:12:00,
868,0,14,1,600.0,UNSAT,4.6,96368,6709749,,bca091b3e64de54723d0145da1d0850e3be65315d4018429db3eef3a1519a851,drat-trim,4.3,True,424.9,21:12:02,
870,0,14,1,600.0,UNSAT,4.1,85737,6213245,,1d4719ff0f9308f6a7eab81446ecc44943a8e38eb453d90315863dde538b8e87,drat-trim,3.4,True,425.1,21:12:02,
874,0,14,1,600.0,UNSAT,3.2,66784,4468481,,805643905b4fbee7e123d7e4f0daa980eac7803b444290579d2a9b73dccdf518,drat-trim,2.4,True,425.5,21:12:03,
854,0,14,1,600.0,UNSAT,7.6,156469,10651691,,795c4620f1a65cdf3f876ca38c2b99fbd5fcdfb64466e5ee566e9529946f72e0,drat-trim,6.4,True,426.1,21:12:03,
876,0,14,1,600.0,UNSAT,4.4,91112,6027185,,939531ff405c9e97e4ab864180dc4d964496584945a54146b7c28f9055433359,drat-trim,3.4,True,428.8,21:12:06,
878,0,14,1,600.0,UNSAT,3.1,68275,4619042,,9145bb88de335d9c3a256afdf13419fb3be43c4d059fc0930d460a46e70dc106,drat-trim,2.6,True,430.6,21:12:08,
880,0,14,1,600.0,UNSAT,2.8,61847,4377159,,41af548910769259892d1d91aef02a6f78bfa256ec09ae7010fa3f6092c6a14b,drat-trim,2.3,True,430.7,21:12:08,
863,0,14,1,600.0,UNSAT,8.9,170173,11467992,,57974b99830b6ae2f310da2d973781b005698dc92d343d5a5749b26afc2558b2,drat-trim,8.5,True,431.9,21:12:09,
855,0,14,1,600.0,UNSAT,10.3,193017,13568751,,69c2aa1160dda2aba83504566d843af7bf3e2b3cee35d109363246b2ed57ddc9,drat-trim,10.1,True,432.5,21:12:09,
865,0,14,1,600.0,UNSAT,9.7,183609,13233088,,aec175851a1f743594e6bce16529bf4a0dbc0052c4f28554bae4d6cbe78919ae,drat-trim,8.9,True,433.5,21:12:11,
869,0,14,1,600.0,UNSAT,9.2,171150,11717928,,a4c349fad5bbe4c82a9154a10563989cc1163b285b217ded4f6015ec87c61f1b,drat-trim,9.1,True,435.3,21:12:12,
882,0,14,1,600.0,UNSAT,4.2,88852,6078391,,b77d27b851f6195ca3f787c216200ed584fbc10121040e914997b3dcc329bfc9,drat-trim,3.4,True,436.4,21:12:13,
873,0,14,1,600.0,UNSAT,9.5,173019,12318744,,112361142027ef35f5a1905e03250394dae926ca2b8271c36a679eee7e9f0683,drat-trim,8.9,True,437.5,21:12:15,
888,0,14,1,600.0,UNSAT,2.3,51128,3797648,,cc88e666e58c0334aca1a7248c1c353ba97e3dad0fb34fabcb886d82da853e5a,drat-trim,1.6,True,439.3,21:12:16,
877,0,14,1,600.0,UNSAT,10.0,192699,13620011,,a7b253c13f67a6c7a60b3299b8e23f80f074c012627d45b08b89037083a0bc81,drat-trim,9.7,True,442.2,21:12:19,
875,0,14,1,600.0,UNSAT,11.4,198284,14870485,,1035503fd37263ae5610b55399a94382ab767e9bc7d9c0ff1c8eeb06c9fb7d9b,drat-trim,11.6,True,443.3,21:12:20,
890,0,14,1,600.0,UNSAT,3.2,70605,5206568,,c43a682288eaa5ba26315feac245279c4433b64f6ef3e7d6c465b211d81bbedb,drat-trim,2.8,True,443.5,21:12:21,
884,0,14,1,600.0,UNSAT,6.9,139401,10071115,,1179bf48530cf542222e509c01225f2f36770f94bf3b85072db1ce889379acd6,drat-trim,6.1,True,443.8,21:12:21,
879,0,14,1,600.0,UNSAT,9.9,182343,13252168,,0411ed3c9b834d64ce70e556b11129adea02303ef6f3e7ba7fa7cb86c0acdb42,drat-trim,9.9,True,445.1,21:12:22,
892,0,14,1,600.0,UNSAT,3.7,74207,5177007,,0690d0ca5d921d850a8c509a09735583c37e4be844511370e8c5c9316a17dbd5,drat-trim,2.9,True,449.0,21:12:26,
881,0,14,1,600.0,UNSAT,11.6,211516,14965235,,bb71e523854ca88257f45a9f778029c3469e93e95189a412affddec91ec53f67,drat-trim,12.4,True,450.1,21:12:27,
894,0,14,1,600.0,UNSAT,5.3,96661,6872338,,e0e543025ba0c66dfb01831b498141a88beef199a64b72b21fb78d60b1866857,drat-trim,4.3,True,453.1,21:12:30,
896,0,14,1,600.0,UNSAT,4.7,94593,7016107,,f3924a86858d0da131059dd57cbdb47765571b6344b36f0e0f593df36f176f9a,drat-trim,4.0,True,453.7,21:12:31,
867,0,14,1,600.0,UNSAT,19.5,299392,23183666,,a6bc69a5c092a50a23340d1d7a0b8abb451bec6a772b5e8bd5c8946e920cae9a,drat-trim,19.0,True,454.1,21:12:31,
898,0,14,1,600.0,UNSAT,3.5,74296,5302623,,2d45edb0323fd2d6399cf211ffa270fc5a8fe5dcca18b6802888e45eef9ea215,drat-trim,2.9,True,456.6,21:12:34,
883,0,14,1,600.0,UNSAT,12.5,218423,15190928,,1f6e2e16ce79debb7874d919fd46a1bdf0f4ca9a89b1861a5f23c5da1ab38f7a,drat-trim,13.5,True,456.7,21:12:34,
885,0,14,1,600.0,UNSAT,12.5,215160,15864972,,d01536d208076052e47771be545a28809ce56acb19de8fd1e2b1f9a2a37d8232,drat-trim,12.7,True,457.1,21:12:34,
871,0,14,1,600.0,UNSAT,20.3,325413,24177773,,c17967ae57c093c54fb07d95d6bf42608bc2d9b2b195293a3ff29ed720d0815e,drat-trim,19.8,True,458.8,21:12:36,
889,0,14,1,600.0,UNSAT,11.1,188531,13917492,,f478479a2b433427fc0974410f21694dd8bb83ba80ca20813c00f4a608739de4,drat-trim,11.9,True,459.5,21:12:37,
900,0,14,1,600.0,UNSAT,3.6,82985,5575897,,3c086d865300d20a10cf3141b3f332b28de238801ce34370d8da07089b7346ae,drat-trim,3.0,True,460.3,21:12:37,
904,0,14,1,600.0,UNSAT,4.4,89691,6296257,,e65308f32970d25e0aa8ab3da3ac6bd8ade4cac0cfd4ce6a849b68666e0ed1ad,drat-trim,4.0,True,465.5,21:12:42,
902,0,14,1,600.0,UNSAT,4.9,94937,7008969,,5ff74d1a829e261acc85d44a0b3e765bbf0191bb69c40345720ea1df58f3ec40,drat-trim,4.2,True,465.8,21:12:43,
901,0,14,1,600.0,UNSAT,6.2,123290,8697473,,04c6565dcbb9079d188a55eaad50cc94a09bb78c585360d7c235d1fa3114349f,drat-trim,5.9,True,466.2,21:12:43,
906,0,14,1,600.0,UNSAT,4.5,92094,6467045,,a3569dd0900768cdc7239783592f174760a6a1cc888bca6ffe0f46cb07c86f67,drat-trim,3.9,True,467.9,21:12:45,
893,0,14,1,600.0,UNSAT,13.1,201204,15189977,,cb0fb216f8c41d0b937b1a2f495e5ce6f6f1b01e29ac993675893cec0ba25241,drat-trim,12.3,True,468.7,21:12:46,
905,0,14,1,600.0,UNSAT,6.4,126777,8860177,,210905cbd282b1eda6e49f2ea1ab370b6d889668d93bdaa4c1b3c20aa11c387a,drat-trim,6.1,True,471.3,21:12:48,
908,0,14,1,600.0,UNSAT,6.0,111014,7730654,,889abf6818d46e068281121fe4b9231ee0c01a6391d977ac37b4c179c85ee0e5,drat-trim,5.2,True,476.9,21:12:54,
910,0,14,1,600.0,UNSAT,5.6,106496,7396303,,27e558f935e1ac5ed3db7e282dd7d931916d052a4ad31f74d7ce9f223e8582d6,drat-trim,5.1,True,477.0,21:12:54,
899,0,14,1,600.0,UNSAT,12.1,211582,15119410,,24bcebaeefa50aec03b9c67bef78636576add5bca772f53d25c57ff93564fd42,drat-trim,12.4,True,477.7,21:12:55,
912,0,14,1,600.0,UNSAT,5.2,98996,7043777,,a1ae3f357ea2cd89d0ffc7359843bd5561e43e4029f04415a4639d00c7dafe9b,drat-trim,4.1,True,478.1,21:12:55,
903,0,14,1,600.0,UNSAT,11.4,205530,14860463,,cb6645317c730ff8c38461e15625fddf5258e476790e88d846a2eaad4cf595f6,drat-trim,10.6,True,478.7,21:12:56,
891,0,14,1,600.0,UNSAT,20.7,309428,23127546,,d495078833f9b49bb8dac89025dd35e191aef15aa77d222a87a70d13c4ae1425,drat-trim,20.0,True,480.1,21:12:57,
907,0,14,1,600.0,UNSAT,10.3,175578,12790671,,2b51487bcee3f8bf79aed53b45fb9c959610a894d9d621294f8f15fc6b85f06f,drat-trim,9.8,True,480.5,21:12:58,
897,0,14,1,600.0,UNSAT,16.5,269853,19763542,,fc96794829c8e0c70122457a627dabf3fe2becaf20af68c4ea0fc8c7c339aab1,drat-trim,15.6,True,481.3,21:12:58,
895,0,14,1,600.0,UNSAT,20.2,298442,22528326,,a1941661637cd550b55de9f8628cd04033d10a6af35292d0225310b576c80807,drat-trim,17.5,True,481.5,21:12:59,
886,0,14,1,600.0,UNSAT,25.5,374452,28441316,,2c423926d5d155a3989537f6cfe2d3d68614bfd7bfc7f949126a4690744c8f16,drat-trim,23.6,True,481.7,21:12:59,
914,0,14,1,600.0,UNSAT,3.7,77353,5429325,,99a029db3fe4909705bb653692132117dc73a0420afb7a63ef52bd106fc15c2d,drat-trim,3.2,True,484.0,21:13:01,
918,0,14,1,600.0,UNSAT,3.7,76300,5384570,,3346b332b8b34e8336b60c462639e0b80c6373f7ab7dcda32f46586cab657a23,drat-trim,3.0,True,485.5,21:13:02,
913,0,14,1,600.0,UNSAT,7.8,132281,9732788,,d33ea592448c317f24213f667e44ffdfda2a43a11e8eb07cd72902adb8b36c9f,drat-trim,6.8,True,486.1,21:13:03,
922,0,14,1,600.0,UNSAT,3.7,75627,5230121,,7f21b5fe58716cc8d2627bce5d938731ab8863dac4674b4277d00e72e9857b56,drat-trim,3.0,True,488.3,21:13:05,
909,0,14,1,600.0,UNSAT,12.3,203284,14583889,,f3ea61b9c3524ed9dd99ee775ea00aec8056fd2a719d4698cd7bab11c4669c9e,drat-trim,10.6,True,488.6,21:13:06,
916,0,14,1,600.0,UNSAT,6.6,123848,9637937,,0864edc6aa5ea6fca235553e5e0b47e6449cb4ec541ff56eb5c510e22275b6d3,drat-trim,5.7,True,490.0,21:13:07,
917,0,14,1,600.0,UNSAT,6.5,125842,9458608,,e1581a92b972b6d6e00c088233d06c82fe430e10d281f97b0843c3cfbf90faeb,drat-trim,5.8,True,490.4,21:13:07,
928,0,14,1,600.0,UNSAT,1.8,42900,2949680,,c555aa6ce66eb8ecedd5f86ec3c30bdbbfec7d6325935f87e28c0327c4308965,drat-trim,1.5,True,492.0,21:13:09,
920,0,14,1,600.0,UNSAT,6.2,122114,8667584,,dc22a1fedf4fbcb4f71819e2fad71259f844e5a3ce73271198d768916f0b3013,drat-trim,5.5,True,492.2,21:13:09,
930,0,14,1,600.0,UNSAT,1.2,27680,1865062,,94be289c9f5b034808eb7554df75f4dc328205ba668c7bf1f75a5cc35b0ae957,drat-trim,0.9,True,492.4,21:13:09,
911,0,14,1,600.0,UNSAT,13.0,222102,16220733,,83a2a45fbfc5697a84c2178e0098fd8dac0c202abff1f683a410cb4b0b7b8a62,drat-trim,12.5,True,493.4,21:13:10,
921,0,14,1,600.0,UNSAT,7.1,127517,8899630,,99d2055bd027763a1360dcf6372ee59d66375d014106bb357616c474381e0175,drat-trim,6.7,True,495.2,21:13:12,
929,0,14,1,600.0,UNSAT,3.0,67352,4860760,,a646ed6ae58abea1caab526407b139940636e8125d9b2a70e0bf82b60db704e9,drat-trim,2.6,True,495.8,21:13:13,
924,0,14,1,600.0,UNSAT,6.0,121297,8345084,,275b5810cf257dd68fdf071a6a62ca3500113ac593487075dae3b4df85a3b812,drat-trim,5.7,True,495.9,21:13:13,
915,0,14,1,600.0,UNSAT,10.3,176945,12737684,,b949563e957a54cf6ac6fd04c30899da95d8862f3f37cdcca172db58f8707489,drat-trim,9.8,True,497.2,21:13:14,
923,0,14,1,600.0,UNSAT,8.6,161541,11054633,,4fd23e16fcfe74778f3a3d19d40581e24be3c82a16ccc95e737d074477029ff4,drat-trim,8.0,True,498.3,21:13:15,
926,0,14,1,600.0,UNSAT,6.6,128781,9015847,,5e376b080a97cc7dbad934a2b2e9af49b3c049a9478fc701a5424a7dac92b33d,drat-trim,5.9,True,498.5,21:13:16,
936,0,14,1,600.0,UNSAT,2.0,47391,3256176,,ae50d4cc22c137485f95139da6881db610a355eb62130f50dc8b132d50afdb99,drat-trim,1.5,True,499.4,21:13:16,
932,0,14,1,600.0,UNSAT,4.3,80562,5558817,,d9a930e97e4c1e22685fc6d8978ebd7642c43bf8bea34729e06e276c4e507a60,drat-trim,3.1,True,499.6,21:13:17,
937,0,14,1,600.0,UNSAT,2.6,60461,4015916,,96d43f4c224b3f1cc818f6d735d5ba2c703f73e8037f1a93c76593d644e58e18,drat-trim,2.1,True,500.7,21:13:18,
934,0,14,1,600.0,UNSAT,4.3,87961,5805437,,2aefc626ffe899cf6051ea6afb27f32d07b5ba32abe7f65f73decc76460709e3,drat-trim,3.3,True,501.0,21:13:18,
941,0,14,1,600.0,UNSAT,1.7,40529,2827769,,4695abda4dc7ec7f151f42d5c01c7312c32f64d853457bbbfa5179cd4f6400f8,drat-trim,1.2,True,502.2,21:13:19,
940,0,14,1,600.0,UNSAT,2.3,56241,3769957,,974005ea858edc97c416773286d1ca7c246cc4bf07916541a59850d9dcb3b54b,drat-trim,1.8,True,502.7,21:13:20,
938,0,14,1,600.0,UNSAT,3.5,70369,5280711,,0ebb512a10310d6a7da003bae86501719011f14a544cfae1593e3ca20279b437,drat-trim,2.7,True,503.5,21:13:20,
944,0,14,1,600.0,UNSAT,1.7,39639,2574210,,a7df9d27661b9b934b2c47d2f9519fc4e6ab3c9067a1113b730e31de0de6b850,drat-trim,1.4,True,504.0,21:13:21,
946,0,14,1,600.0,UNSAT,1.6,33886,2537083,,a15debf74a9e499e31149901a0eb2b8317a1f7e709e870f2e1f4b2df4ac679a6,drat-trim,1.2,True,505.4,21:13:22,
931,0,14,1,600.0,UNSAT,7.5,140937,9698157,,e568f2c62f4fc14e4c1db9520fa7f107eaad7360beff93f5668cf66cdddf30b3,drat-trim,6.6,True,506.1,21:13:23,
887,0,14,1,600.0,UNSAT,39.2,543103,41203280,,8489c016762dd47cc6d8145a730913762e1b8d16d4653b9aa8ac3f54bc04853b,drat-trim,33.7,True,506.5,21:13:24,
933,0,14,1,600.0,UNSAT,7.3,135091,9571889,,a0cbeeca6bd7cf52f481fde6073625588f8596cb22a0b1757836e249e09ab2ff,drat-trim,6.8,True,506.5,21:13:24,
945,0,14,1,600.0,UNSAT,2.8,58820,4246682,,d3f8d902f5ac2b70ee3c8ea38618d36a287acb5c3273c3bcb74129cdfe6e8299,drat-trim,2.2,True,507.2,21:13:24,
927,0,14,1,600.0,UNSAT,11.0,189505,14109363,,895666bd3e1a489183b41ca5d68406d7e02c491049bdbb1ac09055c3fa57d4b7,drat-trim,10.3,True,509.5,21:13:27,
925,0,14,1,600.0,UNSAT,13.6,220489,16368619,,57de0d2e8a908fad322ebbe4165fc97e9ca16626aa16d6ae4196f80bc586a38a,drat-trim,11.6,True,510.7,21:13:28,
952,0,14,1,600.0,UNSAT,2.5,57529,3838404,,8e663037fb3ca24090b426b1c5dadb0611f64ebcbc1dc6d72fd864c4bcdcd90c,drat-trim,2.0,True,511.0,21:13:28,
950,0,14,1,600.0,UNSAT,2.8,63442,4323398,,fde6bb73310d413fcf5ff2b8b38f266dfc8107745a550dd294875f72b6a4d3c8,drat-trim,2.2,True,511.3,21:13:28,
948,0,14,1,600.0,UNSAT,4.1,84639,5569885,,be712660ee8c6714fe248f7abd725bf577a86f501dcea7ced3e1517a480257cc,drat-trim,3.5,True,511.7,21:13:29,
935,0,14,1,600.0,UNSAT,8.9,164313,11520934,,d806e0f4a492c4d9943b23960b3c9bbc8f4c58a289604ae51367fb84e80c86b0,drat-trim,8.4,True,512.7,21:13:30,
942,0,14,1,600.0,UNSAT,7.2,128850,9219345,,729cb43bfcb0b7eac387318174bafa273e96c030e047baa8750345bd03129784,drat-trim,6.2,True,512.9,21:13:30,
953,0,14,1,600.0,UNSAT,3.1,69554,5078424,,5805080da6c5833862e3ca8de71b53e62f7a640c46c458156aacab0316fcbc75,drat-trim,2.7,True,513.0,21:13:30,
957,0,14,1,600.0,UNSAT,1.3,30631,2303753,,db03f79da1a1c1a5df4633a0ab19ee84eacb5dbc8575e84eb0e869831a86990c,drat-trim,0.9,True,513.7,21:13:31,
960,0,14,1,600.0,UNSAT,0.7,13606,761452,,d488a59124232b33d37957cb041080c8aa20465f13be775ca1264ed4372fbfe4,drat-trim,0.5,True,514.1,21:13:31,
962,0,14,1,600.0,UNSAT,0.3,7572,483219,,073bb5c1c09b3dbacc793c029e4fdd3d1d0215485ed31bca20cce64a26ea6506,drat-trim,0.3,True,514.3,21:13:31,
939,0,14,1,600.0,UNSAT,8.8,160490,11980225,,2ed94624dfe8a3931e325eeb5e928365d272838222115a3cc7e59b1982d82df2,drat-trim,7.5,True,514.6,21:13:32,
956,0,14,1,600.0,UNSAT,2.0,46500,3125230,,bebbade0fb5803df059e71514aaf048c1d0e307da3c3d4211dee9664ae4de1d8,drat-trim,1.6,True,514.6,21:13:32,
961,0,14,1,600.0,UNSAT,1.2,25484,1865041,,241a13e3fc9730757517d159d404aab8330dadfade63a7d59737dd6a047ed38b,drat-trim,0.8,True,515.0,21:13:32,
947,0,14,1,600.0,UNSAT,6.3,121126,8460748,,a36a1459e2496f2102ac3b17d0fe8c5659d0a5cc7c4105c4c2cf5956acea6035,drat-trim,5.8,True,515.6,21:13:33,
963,0,14,1,600.0,UNSAT,1.2,27377,2003444,,a00e60854b28dddc841b06318d72125a18e0b4099cfe5231adac2fd4061ac55b,drat-trim,0.8,True,516.1,21:13:33,
968,0,14,1,600.0,UNSAT,0.7,14295,940599,,c3e326eac37f93d629dfef5f77291250753806cdc8c473d809e1ea732ad87425,drat-trim,0.5,True,516.8,21:13:34,
919,0,14,1,600.0,UNSAT,20.7,310488,22496748,,6d5188b7c2be4fd39e7dca0114e50c4845c05a4c7c9124a61b4fdbad43d1109e,drat-trim,16.0,True,517.0,21:13:34,
970,0,14,1,600.0,UNSAT,0.4,8702,440209,,758149ca27121f964740f8d94e143e7dfba8efd6ea13b2a7fd6fdd10196b44ce,drat-trim,0.3,True,517.7,21:13:35,
954,0,14,1,600.0,UNSAT,4.5,92237,6654352,,6839d76eaed216114b5f785c923647a5c1f29feab4ceb96696be6b3b8d21a71d,drat-trim,3.6,True,517.7,21:13:35,
969,0,14,1,600.0,UNSAT,1.1,25588,1751339,,41db16ec795a9541f4e44b11751de406396a714747d9cb16a0c64dbda5cc539e,drat-trim,0.9,True,518.1,21:13:35,
964,0,14,1,600.0,UNSAT,2.1,48454,3492707,,dd84869c38f7be0f1be97908885e4e61979d7babac0def9ba4736c0b46f099da,drat-trim,1.7,True,518.1,21:13:35,
949,0,14,1,600.0,UNSAT,7.2,144405,10091188,,cc37dd0f0193c7d4356d661d676586e676b06ce99e20be4da55ef2022c095c1c,drat-trim,6.3,True,519.0,21:13:36,
971,0,14,1,600.0,UNSAT,1.2,27891,1863790,,b2db4572e08afb505aece3b8d834d94270f86b33b713e9a6fd7c43d214952a09,drat-trim,1.0,True,519.2,21:13:36,
943,0,14,1,600.0,UNSAT,9.8,184140,12528930,,b158a96309e948aa32577aa38e6af564385982c022e9d2190e46d3f594126647,drat-trim,9.2,True,519.9,21:13:37,
976,0,14,1,600.0,UNSAT,0.7,14183,900498,,2a1ad95a23c05ad00dba49d84994b1fe160959f814f9688d25709f091f45c652,drat-trim,0.5,True,520.2,21:13:37,
978,0,14,1,600.0,UNSAT,0.3,8252,425030,,afeb605de073777ec3aa1e8ff07ee78a98cdd1e0e2226e34b154380bf8cd0c1a,drat-trim,0.3,True,520.5,21:13:38,
966,0,14,1,600.0,UNSAT,3.5,77356,5320251,,869eb40d499927f3b6373879f3f3ae11ec58abe597fb8ec56f317b0e97cda56f,drat-trim,3.0,True,521.2,21:13:38,
977,0,14,1,600.0,UNSAT,1.5,32931,2398388,,16e73466605776e6b7fd8a44d8990ab9d5fe5af899a40090113adf4e1e1245d9,drat-trim,1.0,True,521.6,21:13:39,
973,0,14,1,600.0,UNSAT,2.6,55046,3835113,,3d61c678da7d568d1622b9c08a44c8262d008428ca71aaa5d701319172ea5a04,drat-trim,1.6,True,521.8,21:13:39,
965,0,14,1,600.0,UNSAT,4.2,83790,5696023,,d4661ef08b6a458d7e08c04f59296b65835637e1d706b952526966e8c6d089c8,drat-trim,3.2,True,522.0,21:13:39,
955,0,14,1,600.0,UNSAT,6.2,127210,8781290,,44dba7305c9094855a0066de5806549da5e22573e28a4c2af66ecb3f26a4e05b,drat-trim,5.2,True,522.2,21:13:39,
979,0,14,1,600.0,UNSAT,1.2,27823,1972321,,fa054a43f70d32e26540637f8011afcd1090381ddb07fc6f20b37364f325788c,drat-trim,0.9,True,522.3,21:13:39,
986,0,14,1,600.0,UNSAT,0.4,8385,445984,,7416f545fc685fbe044de5e0dca80a793bdf45ac1d6908d78f71928942ff3626,drat-trim,0.3,True,523.0,21:13:40,
958,0,14,1,600.0,UNSAT,6.1,127257,8845491,,e6a4393da4452553099e2fb238a20e2b2c641e1c647671b2582f0b469d8decdc,drat-trim,5.3,True,523.0,21:13:40,
984,0,14,1,600.0,UNSAT,0.7,13469,786914,,da76c21d10a17fac233cdccbeae94f827460706667c011274044da8d21ec7a2d,drat-trim,0.4,True,523.1,21:13:40,
972,0,14,1,600.0,UNSAT,3.3,66817,4468978,,84978d770c5b89fc7ccca299d5eee0772f8f6bfe6d8aadb081d305f1228c7db6,drat-trim,2.4,True,523.4,21:13:40,
967,0,14,1,600.0,UNSAT,4.8,94313,6398287,,066193e0c59f99032989324312ef612700161595b25088983938f3f61e6abb68,drat-trim,3.7,True,523.5,21:13:41,
980,0,14,1,600.0,UNSAT,1.8,43058,2931312,,b46516e32c184ecab37a05825fa5cd5d59532e6984fc467d64678a2d500c0edf,drat-trim,1.3,True,523.6,21:13:41,
974,0,14,1,600.0,UNSAT,3.3,67727,4810512,,afaf72d9086fc07c01c8030e073dee204dcf644ecb3527e2ae74000ac30c7a74,drat-trim,2.3,True,523.7,21:13:41,
985,0,14,1,600.0,UNSAT,1.2,28587,2141478,,5abe5b096d8a6ad4c03075bf3f85ba9fe0cb945e16c6f0168c542ca38df32d7c,drat-trim,0.9,True,524.5,21:13:42,
987,0,14,1,600.0,UNSAT,1.1,25370,1741744,,b14409fe60a8a8e30699e5cb52edd3006dbb519386540a9903f9a4fd635b6ab2,drat-trim,0.8,True,524.8,21:13:42,
951,0,14,1,600.0,UNSAT,9.5,180948,12964169,,7cf85eaeb74377a9efcf52ae55fdadfa5104922b74b6d147e45dc4e04524ee55,drat-trim,9.2,True,525.3,21:13:42,
975,0,14,1,600.0,UNSAT,4.4,93685,6270137,,364e6583160aca738c31768a85440d685fd38524a62d721e56e5854588554108,drat-trim,3.3,True,525.8,21:13:43,
959,0,14,1,600.0,UNSAT,7.5,134731,10041267,,2b60ccce84768b4f0ac8ea12149c35df5d1f362fc9d5a3a79f03e282ef3dadd2,drat-trim,6.1,True,526.3,21:13:43,
989,0,14,1,600.0,UNSAT,2.7,56280,3880429,,88a97c1290b009914ba2f751fba065735c2e074a8b673e48d2669eae3d520440,drat-trim,1.7,True,527.5,21:13:45,
988,0,14,1,600.0,UNSAT,3.1,64717,4353784,,6e1ff1f985e48d27b292190ab6e41ef64ca399f665e8e0e2279fcb7bc338d372,drat-trim,2.4,True,528.6,21:13:46,
982,0,14,1,600.0,UNSAT,4.2,89229,6281242,,04b4249e1937cbb5903f75981cd492054e60efa326bb18e45cd698a99acfe435,drat-trim,3.5,True,529.3,21:13:46,
990,0,14,1,600.0,UNSAT,3.4,69785,5175483,,d6db44f73fe10d5a51541aee5c31edf365c5143d86db09743faf38755ae92095,drat-trim,2.8,True,529.7,21:13:47,
996,0,14,1,600.0,UNSAT,2.5,57546,4105888,,4fbe7d9fb856caef8279ebac0685fface4ceaa3c6ab42a9e02f7c22054af88c2,drat-trim,2.0,True,529.8,21:13:47,
981,0,14,1,600.0,UNSAT,4.6,93061,6479974,,d909ada2af274290578ec45ef91fca07c1511a3310adffa4df45a29fdd9b53a9,drat-trim,4.0,True,529.8,21:13:47,
998,0,14,1,600.0,UNSAT,2.7,66485,4392256,,6d21a4e0769caed4b03c49e915989a19ef55ff2422bf984268b6a2aa1d2ee52f,drat-trim,2.2,True,531.2,21:13:48,
992,0,14,1,600.0,UNSAT,4.7,95242,6821766,,59d5951eab10a61b47815627fc813f6a72d2e9b7a0683e42b8caeba259bcfa0e,drat-trim,3.8,True,532.1,21:13:49,
1004,0,14,1,600.0,UNSAT,3.0,67604,4684832,,b9d0824152c1c0525cf4a325c5c0f1c2f4fb14d26ed31174b2d7eb6d6e797da8,drat-trim,2.6,True,535.5,21:13:53,
1002,0,14,1,600.0,UNSAT,3.4,73937,5261685,,9c59014ea1587bde9ce5b620731067fdcbe8fbb654b5651916f584d47fcfcb10,drat-trim,2.7,True,535.7,21:13:53,
1000,0,14,1,600.0,UNSAT,4.3,91349,6133362,,0042f206ad69bab7f8c172e3db9ffb54e48a8871f776d44e23b52f7b6d7a6954,drat-trim,3.6,True,536.5,21:13:54,
1006,0,14,1,600.0,UNSAT,2.7,62619,4101833,,ddb5bb3ac26d8d4259f4c936fb046d6c7bc3d40c715930bab131ce7ad5cf7c66,drat-trim,2.4,True,537.2,21:13:54,
994,0,14,1,600.0,UNSAT,8.1,161816,11017382,,22022055ac57c7c9bd42991dc8be661a92fdf06c95ec2afc759ce69c3bd940b5,drat-trim,8.0,True,540.6,21:13:58,
983,0,14,1,600.0,UNSAT,9.2,168630,11836723,,c27117ea13d92cc8b5b146b9f8103a86afcf7eb5f22e9ab66ef78321623559f9,drat-trim,9.8,True,540.9,21:13:58,
993,0,14,1,600.0,UNSAT,9.0,168267,11837861,,1f8d813aaa6efa29f4af1d1cc2f01e9ebd3fea9a11e3351dea767dddf932ae47,drat-trim,8.4,True,541.2,21:13:58,
1010,0,14,1,600.0,UNSAT,3.9,85281,5784861,,fca81bf2044ba16eeded7d3ca56c4b386b2c145154a29fc164db411f6c85b24a,drat-trim,3.4,True,544.5,21:14:02,
1008,0,14,1,600.0,UNSAT,4.6,90646,6469803,,659fc425601c6f4794df9b38cc1e1ffa9e366f54430077abdd1e277742974b93,drat-trim,4.1,True,544.5,21:14:02,
991,0,14,1,600.0,UNSAT,10.2,193594,13780122,,98b459aff5a9ac1b79fcb7e9a016ae4e069573fd4950c78bb74e3e3cc75fb9e2,drat-trim,11.4,True,545.1,21:14:02,
1012,0,14,1,600.0,UNSAT,3.0,64281,4646874,,00edcc705cc51b6ac6121e54c4aa4edceb9cd264fbfe082ebfe05ddc0945a829,drat-trim,2.5,True,546.4,21:14:03,
995,0,14,1,600.0,UNSAT,14.0,238357,17310541,,f7d76706f370f2fed5da96208d6b66bf03aab782a65009f0a705a092e669780b,drat-trim,14.0,True,552.9,21:14:10,
997,0,14,1,600.0,UNSAT,13.1,235327,17230186,,65e46ee99e0ba3b2d4d8efa3cb77431f667af247b82cc303735fd1b33fd5950f,drat-trim,14.0,True,553.0,21:14:10,
1016,0,14,1,600.0,UNSAT,4.4,87813,6399638,,f455e1a9f74f76792de088be52dd486e02308be9a48624dcbf990a9ca66ba53b,drat-trim,3.7,True,553.3,21:14:10,
1014,0,14,1,600.0,UNSAT,5.4,100904,6942964,,125d0fe5f27b7a102ac51f2308fa8ffa0d4592cf2745111b2b3910533e8bff58,drat-trim,4.6,True,554.5,21:14:12,
1003,0,14,1,600.0,UNSAT,12.1,207440,14994677,,5e2cf811278b43015a354d8bc97ec25f499ccde3a34341d3e443eae25b6f48f2,drat-trim,13.1,True,555.0,21:14:12,
999,0,14,1,600.0,UNSAT,13.4,227154,16630929,,d88b2c5d891301e55673228af319e86ca6af299c0659870bd03395521b6ad608,drat-trim,14.8,True,556.0,21:14:13,
1009,0,14,1,600.0,UNSAT,10.2,169897,12369366,,a465ff8a7fefa3e677f260ffde3cccdfc5ade326cbd93ee25b8a9891758ef172,drat-trim,9.6,True,556.3,21:14:13,
1024,0,14,1,600.0,UNSAT,0.2,3902,242566,,08929be1135f52793bf9c65e354af82b5cf03049c5b0a29c9462196b3880e13d,drat-trim,0.2,True,556.7,21:14:14,
1025,0,14,1,600.0,UNSAT,0.3,6729,391883,,c6f18db1d9c5397bcb2d58ba52b0d168d183ec4e02a392bfe8255ed761fb93d4,drat-trim,0.2,True,557.2,21:14:14,
1026,0,14,1,600.0,UNSAT,0.3,5275,374399,,f7cc96e2c6f3b74d79f89ea7fbba17a9da5eea9f1e74f444d70827ef206fcf4c,drat-trim,0.2,True,557.7,21:14:15,
1027,0,14,1,600.0,UNSAT,0.9,20506,1547072,,5de06131a4d14f3a792c61d359157af9eef1485df16ee2985f29f97d9742401d,drat-trim,0.6,True,559.2,21:14:16,
1028,0,14,1,600.0,UNSAT,0.2,4962,310755,,01b66575ca9486f685714d4d4e4e95aec480abaca42998884591bc3d067b1297,drat-trim,0.2,True,559.8,21:14:17,
1020,0,14,1,600.0,UNSAT,3.7,82298,6053282,,893ba503d1b869897992516a4f1604b8e0c72ae4ab141d6998c867d253ece08e,drat-trim,3.2,True,560.2,21:14:17,
1029,0,14,1,600.0,UNSAT,0.5,9094,798493,,f90dca0044c30b285626630368abdccaac0bdff295d3ce743433b451f6131307,drat-trim,0.4,True,560.7,21:14:18,
1030,0,14,1,600.0,UNSAT,0.3,7307,523539,,95ad943985714a5630274198cbabc4b3c801198e51635395707c46c87d053bb6,drat-trim,0.3,True,560.8,21:14:18,
1031,0,14,1,600.0,UNSAT,0.5,10102,645151,,6513911665f0018e26c30f8237d2feecd521df7e7dc9bae2833d3f37deaee90f,drat-trim,0.3,True,561.5,21:14:19,
1032,0,14,1,600.0,UNSAT,0.5,10985,795369,,4deee0f1174fcccf04a1d31d6a9bc5c4719c2282b1356548b49f1e4ba98e4cc5,drat-trim,0.4,True,561.8,21:14:19,
1033,0,14,1,600.0,UNSAT,0.3,7907,460325,,b30ea55cfd65c60606d7b9e18050e613bc1d5b7fbdc4e5b4d27041dc29029e40,drat-trim,0.3,True,562.1,21:14:19,
1034,0,14,1,600.0,UNSAT,0.6,12504,909417,,61f6c01ea67878ced285e9d1cd8595a3a547f10153aa94dfabb6c43fbc302181,drat-trim,0.5,True,562.8,21:14:20,
1007,0,14,1,600.0,UNSAT,13.7,214673,16016649,,8e4661da73ea5514c9e8bf5a5ee31b7a923535dc333a3d2d92713eedff14b9a5,drat-trim,13.7,True,563.1,21:14:20,
1036,0,14,1,600.0,UNSAT,0.8,20992,1516231,,861ac2d26ed92919594584778d0e69e8bbe617bf7706dc620b1c36e465ac1385,drat-trim,0.6,True,564.2,21:14:21,
1001,0,14,1,600.0,UNSAT,18.5,291242,21593229,,ef4df9b6aa99fa1b7f2aa685ee823292879fcebd6831c4198adc39feccdf3bc9,drat-trim,16.7,True,564.5,21:14:22,
1022,0,14,1,600.0,UNSAT,5.0,99540,7024887,,48f225b0e233210bc0a5f0b8ff6b49d65205b3d2093a410d0b2061e7c9fed489,drat-trim,4.7,True,564.7,21:14:22,
1037,0,14,1,600.0,UNSAT,1.1,27949,1952945,,9ade10eb5d799ee32369ca2e6d9b890b79c318a2bd5f167d3820ab66bc005d73,drat-trim,0.8,True,565.0,21:14:22,
1040,0,14,1,600.0,UNSAT,0.3,4682,250226,,8571e6ff9934954dbbbc069a1906b112434342d3660b27aef7df415a12a09893,drat-trim,0.2,True,565.1,21:14:22,
1041,0,14,1,600.0,UNSAT,0.2,4781,257642,,30f717034b485156ce7e39b275d56ce2a1adf712d8458fdc1e63a133d71b9449,drat-trim,0.2,True,565.4,21:14:22,
1038,0,14,1,600.0,UNSAT,0.7,15617,1177928,,3d3012a595c7e8d8d7643a203a18029d52e5bec689bbf2d34430a354f7b4f315,drat-trim,0.5,True,565.5,21:14:23,
1042,0,14,1,600.0,UNSAT,0.3,7167,487610,,cf194b84267083e00ace0dac3fcdcb97a4aa54d41a353c6c7861722c6ab36919,drat-trim,0.3,True,565.8,21:14:23,
1044,0,14,1,600.0,UNSAT,0.3,4800,289164,,0da15c11016bc371a80ff44b29e130193af6ea0a942f09b617eb5cd6bba6ccbb,drat-trim,0.2,True,566.0,21:14:23,
1043,0,14,1,600.0,UNSAT,0.3,6658,369159,,5bfed23327271c14ff8e75845e879bffe0f871b210f37bdc303f6df930b188de,drat-trim,0.3,True,566.0,21:14:23,
1035,0,14,1,600.0,UNSAT,2.4,54276,3648730,,cef07ffa7de3eebc7d01f3ad684e39dea38f185286e85a2d215c0d5c65de41f1,drat-trim,1.7,True,566.2,21:14:23,
1011,0,14,1,600.0,UNSAT,12.8,212447,16102378,,27c90022a34ef099fffa4c76588d5f7f6a4c815d8c9d4fd1cd814d6e3f2835c3,drat-trim,12.6,True,566.3,21:14:23,
1045,0,14,1,600.0,UNSAT,0.4,8356,423450,,df0ac38bdefbc9b337a04607e2e17b54a6d18fad84283f73258d53054e60cb2c,drat-trim,0.3,True,566.5,21:14:24,
1049,0,14,1,600.0,UNSAT,0.4,8189,493123,,a0fb458e9269d255cd0a26c3695765569e091aa589714f2c7ae35ef3d548de6e,drat-trim,0.3,True,566.9,21:14:24,
1047,0,14,1,600.0,UNSAT,0.5,10407,613357,,5f55af17489d81adb113888f737a6a952125ba0052f2631edb4d5fd0d8cb4239,drat-trim,0.4,True,567.0,21:14:24,
1046,0,14,1,600.0,UNSAT,0.6,12838,703940,,e7e92fc77001c8ffe2f3738c2895b0bf17940d41f49ef51f06b00ff2ff750caf,drat-trim,0.4,True,567.1,21:14:24,
1039,0,14,1,600.0,UNSAT,1.5,34182,2288150,,3230ea4e72c7a6ca6ea3cd2ac4ff4f016673ca255e81efb7a0985d1c69d9ee1f,drat-trim,0.9,True,567.1,21:14:24,
1048,0,14,1,600.0,UNSAT,0.7,14679,1180894,,4a7a7916ff1fda42d19519e70639c3fb89321536effb9ed38e78a052f2ea751b,drat-trim,0.6,True,567.5,21:14:25,
1050,0,14,1,600.0,UNSAT,0.6,13012,1007952,,2de8b22ad048d7fadcf8f5819a70e83a4befbde9041942a4dbb5e237e7ae3698,drat-trim,0.5,True,567.6,21:14:25,
1056,0,14,1,600.0,UNSAT,0.2,4569,247429,,ed4518d04dc49980061f4d677c4c4bc17c754affa536e8dfd2c4c49648963606,drat-trim,0.2,True,568.0,21:14:25,
1057,0,14,1,600.0,UNSAT,0.2,3396,214265,,8c17430cd3fb5684c1ca04c09c84c1b041edcb393bf18cf948f55bc984dfa68b,drat-trim,0.2,True,568.4,21:14:25,
1017,0,14,1,600.0,UNSAT,11.3,193669,14440217,,5d58aba889f644ead274dd9ae0ec7fec8baf3625648af619d9a09567df5c8205,drat-trim,10.8,True,568.7,21:14:26,
1052,0,14,1,600.0,UNSAT,1.2,27394,1893170,,5bfa91826558e4e926390cd16bf3fbbd817895cec44739ed93e8a78ceac25e1e,drat-trim,0.7,True,568.8,21:14:26,
1051,0,14,1,600.0,UNSAT,1.3,29259,1997500,,f2d3a2d8d24fa7a5792947e41397a9976775908bac46824715cc8cb4f6205fd3,drat-trim,0.8,True,569.0,21:14:26,
1058,0,14,1,600.0,UNSAT,0.4,8937,784312,,9a1d6d00b04ddf40012433a5023fdfdab1af0ac2eb6e51896b68cb03c639e04a,drat-trim,0.3,True,569.2,21:14:26,
1054,0,14,1,600.0,UNSAT,1.2,28747,1976979,,ecdf0360e24287aa0e5d0d4019648b50ddd58310ef00f0054b9b6ba3e2c7d848,drat-trim,0.9,True,569.2,21:14:26,
1055,0,14,1,600.0,UNSAT,1.0,25820,1734444,,ed5443eb70a4e89b527a8fb3ea86af38acacff63277c21e42dbccc1e0f87d2f1,drat-trim,0.7,True,569.3,21:14:26,
1059,0,14,1,600.0,UNSAT,0.3,7073,464424,,23ce618f51a6acf358e64af8e5360c243953f95d7011e875716a5d31b421c385,drat-trim,0.3,True,569.3,21:14:26,
1060,0,14,1,600.0,UNSAT,0.3,5312,392028,,f703c5670210f914d3076fdd2f8e0345d43571324397a0189e84af451ecdd064,drat-trim,0.2,True,569.3,21:14:26,
1063,0,14,1,600.0,UNSAT,0.1,2036,149786,,36fef4a1f244196e4af8a06ee65c9788ec4f566e4d615e6374906bf3919b2f4d,drat-trim,0.1,True,569.5,21:14:26,
1061,0,14,1,600.0,UNSAT,0.2,5252,303409,,e04c6084612aac4518544cb232afd480f818bf8466a4cc83499c16fb0325c739,drat-trim,0.2,True,569.5,21:14:27,
1062,0,14,1,600.0,UNSAT,0.2,3401,218734,,d449ea9791f5bd840680c80c25a125fedda11022a60d8c42eae42e4cee827b80,drat-trim,0.2,True,569.5,21:14:27,
1053,0,14,1,600.0,UNSAT,1.6,38965,2733910,,47e9e6a4620cc9f4ec47984576c4c1d47e7300541a10051b2a5482f6366d6a31,drat-trim,1.2,True,569.8,21:14:27,
1066,0,14,1,600.0,UNSAT,0.4,9190,627887,,e69f9f675430386bdd192e2f66f4ea2be5bdc6fb7b0b545ee6d4824a82c39627,drat-trim,0.3,True,570.1,21:14:27,
1005,0,14,1,600.0,UNSAT,21.3,307903,23059439,,afff38b27c085ccf3049cfe2077f7d1e305014f653db8095d4ac32bd3af48cf2,drat-trim,17.6,True,570.1,21:14:27,
1068,0,14,1,600.0,UNSAT,0.6,13071,820584,,1aec64b6aae14ce4382fb8f633115ea2b31b5183d87910deb0f7f71c403126af,drat-trim,0.5,True,570.5,21:14:28,
1064,0,14,1,600.0,UNSAT,0.8,17909,1426667,,9169ce2bb00aaa6a1c6511a51df08b0dcffb6cbaa3410095f80f33d39c7e6ff5,drat-trim,0.5,True,570.6,21:14:28,
1072,0,14,1,600.0,UNSAT,0.5,10250,701726,,1111f38c2801fdf0a8b69d5099aa15c820766615a1f62f7f19aeb69b1762bb28,drat-trim,0.3,True,571.0,21:14:28,
1074,0,14,1,600.0,UNSAT,0.4,7799,497053,,03c1a03b81d4b09e41a2189289556898e3c85ab8ffd3d0eb2701f2c354a1e762,drat-trim,0.3,True,571.2,21:14:28,
1067,0,14,1,600.0,UNSAT,1.2,27284,1826301,,a1db99dffe1f6b67ab00ea5791161b72d971bfb9d97c3fce16868a2829151853,drat-trim,0.7,True,571.4,21:14:28,
1073,0,14,1,600.0,UNSAT,0.6,12383,798633,,e4292b0eb8695c1ae021cc563561b228bff2ea6a4cf37f79828b490c3b197141,drat-trim,0.4,True,571.5,21:14:29,
1071,0,14,1,600.0,UNSAT,1.1,24135,1671272,,8693d7637becaa35a360f5772467a20566a62a3cad5f85e0612196c1c6ff922f,drat-trim,0.7,True,571.9,21:14:29,
1070,0,14,1,600.0,UNSAT,1.5,34179,2466137,,1aad9364f99cdf304b3ed928d6d6a1d53d3ee422c5730ec1afe6da8ec1db5a1f,drat-trim,0.8,True,572.3,21:14:29,
1075,0,14,1,600.0,UNSAT,1.0,23249,1536841,,5a8b3aacd3b3748955d2474fc432a7799526e5912c6dbaa627a2a1acc18044fa,drat-trim,0.6,True,572.6,21:14:30,
1069,0,14,1,600.0,UNSAT,1.9,43037,2807312,,d98a6649dc5e4a3908c693c079099f1aaa44d0ead04553f0c3179b8e2bb3d52a,drat-trim,1.4,True,572.8,21:14:30,
1080,0,14,1,600.0,UNSAT,0.3,7255,446088,,2033189a0096d8d21e405e5bc023dd98a7fb97c97bdb12f1b1d37ba5f0ea94c9,drat-trim,0.3,True,572.8,21:14:30,
1076,0,14,1,600.0,UNSAT,1.0,22802,1478585,,1a89ad5ac0f33bbedcc13ebe7fd41974e91e9b768ca2d158eeb7d83797e8b345,drat-trim,0.7,True,572.9,21:14:30,
1077,0,14,1,600.0,UNSAT,0.9,19018,1436489,,81f322ed11a32299bfc7d6e17343bb022af47187c32776326cece3e134a7ff80,drat-trim,0.6,True,572.9,21:14:30,
1078,0,14,1,600.0,UNSAT,1.0,20867,1496839,,ee4e015a48bc65e2afe96b068d0a390a8ac9aab58f3d1a6dde1efef40ee0630e,drat-trim,0.6,True,573.1,21:14:30,
1065,0,14,1,600.0,UNSAT,2.5,56736,3718315,,d7421e38f3a7ad05f25e63d2f7bcc54310153d68292f5a9350ef8f7e2eb8b4df,drat-trim,1.7,True,573.5,21:14:31,
1081,0,14,1,600.0,UNSAT,0.6,11547,688292,,82b73bf5c94bc987401902c0f709898f9d32a08dc412b345dd59ce517c761b95,drat-trim,0.4,True,573.5,21:14:31,
1082,0,14,1,600.0,UNSAT,0.5,11076,800438,,80d657b705ee88cc9b0db0b756b812194f2ca31f12c6ddc3d46724b40eabfa04,drat-trim,0.4,True,573.6,21:14:31,
1083,0,14,1,600.0,UNSAT,0.5,9458,726233,,6a5a39b0b66f141e7c4ed1637558b8558cd91766bafc94a74bb824c782112cd0,drat-trim,0.3,True,573.7,21:14:31,
1090,0,14,1,600.0,UNSAT,0.1,2876,137548,,d9c56db7f0582056572331e5aeb906c46a5682be5b55e401efbbe0b655ed35f7,drat-trim,0.1,True,573.9,21:14:31,
1088,0,14,1,600.0,UNSAT,0.2,4436,269882,,f263212245c1df57e4f115dae878ae718bc3bb35d2b4c2586ff67481b734ab5e,drat-trim,0.2,True,573.9,21:14:31,
1091,0,14,1,600.0,UNSAT,0.1,1510,95196,,b1530d7d0067675dff6d975369e46744f1347baece3b2f291ad199db6f5d34d5,drat-trim,0.1,True,574.1,21:14:31,
1089,0,14,1,600.0,UNSAT,0.3,4977,291068,,dc5af10a1ecc205a726ae6bd927f4daf8d915bf48201e11aea033b3d72da42fb,drat-trim,0.2,True,574.2,21:14:31,
1092,0,14,1,600.0,UNSAT,0.2,4640,252133,,400dc0752bca14dafe0cfc5e933aadcc128dda748fd6e5d6f7381682f200bc14,drat-trim,0.2,True,574.3,21:14:31,
1093,0,14,1,600.0,UNSAT,0.1,2014,178334,,a703aade2499267be2c5d9623c74907786549a3c617ee0ad16397aecc543098b,drat-trim,0.1,True,574.4,21:14:31,
1084,0,14,1,600.0,UNSAT,0.9,20846,1536998,,0e2c8cd0595b559d2ef6dcd4a9ad71f1122353715fb3c4d2f8ba1a87f3a9c774,drat-trim,0.6,True,574.4,21:14:31,
1079,0,14,1,600.0,UNSAT,1.6,40536,2480536,,dbf30a71edaeacc31eb373911c21d2e52dc363c5405efddfdee610db021d7b7f,drat-trim,1.0,True,574.5,21:14:32,
1094,0,14,1,600.0,UNSAT,0.3,5285,371687,,b0b2e39a52616a9c31c46157bc0ca7bbeda441b507c4e59a7bc0745121903fc4,drat-trim,0.2,True,574.6,21:14:32,
1087,0,14,1,600.0,UNSAT,0.7,17023,1264856,,967c8b979b0315735d8f0f9b2902b792e4de22c78cd3a3c8b277c7731a1625b9,drat-trim,0.6,True,574.8,21:14:32,
1095,0,14,1,600.0,UNSAT,0.2,4690,290599,,fa26ae0eb10d22685aa40e870a7823f1ea947d38d4990e77025b45cf861ebc5e,drat-trim,0.2,True,574.8,21:14:32,
1096,0,14,1,600.0,UNSAT,0.3,5677,325325,,c261e70d6103753896bfb8b0946e73d1e2bbae2f5e514a9dffba9bbac9cb4ab2,drat-trim,0.2,True,574.8,21:14:32,
1086,0,14,1,600.0,UNSAT,1.1,26424,1830621,,326ac9dfda76bc4ccdc9f5e2ac1ad8b286ca52fe06ddab20c7c9b9383e1baa96,drat-trim,0.8,True,574.9,21:14:32,
1097,0,14,1,600.0,UNSAT,0.6,15559,1210527,,9598d29f4297fedfc87722b7af204cd5731587bf212d503341ecd5a8ea9ac85b,drat-trim,0.5,True,575.5,21:14:33,
1085,0,14,1,600.0,UNSAT,1.6,38266,2672336,,81dadef186d10a2a182301d1b8b4521a73c35136c502c8082382f9d2778d6561,drat-trim,1.1,True,575.7,21:14:33,
1018,0,14,1,600.0,UNSAT,11.9,217614,14881055,,71399f15bf57c4bd1a03d8852ad324773f7bf862d81a3933d0b061684191ef40,drat-trim,10.7,True,575.7,21:14:33,
1100,0,14,1,600.0,UNSAT,0.6,13095,790008,,d3338c674dab14a759a33808efc92c81ee4cc56b5ee5ab2038b7c9829774a318,drat-trim,0.4,True,575.8,21:14:33,
1106,0,14,1,600.0,UNSAT,0.1,2639,122021,,c70c0c65aa697bd2dce2940c172ecf99437e6a91251b5507395bf6c0838a29be,drat-trim,0.1,True,576.0,21:14:33,
1098,0,14,1,600.0,UNSAT,1.1,28426,1944323,,7bd31c01d806954226f0f962205c21d2059419d0ba18173e4c9bea2917582421,drat-trim,0.7,True,576.4,21:14:33,
1107,0,14,1,600.0,UNSAT,0.3,8798,435166,,c5ee762e8c30f12416ca47d1e239ef3f7d3513158fe6f949eaa3810b3f8b7f2c,drat-trim,0.3,True,576.4,21:14:33,
1102,0,14,1,600.0,UNSAT,1.0,19093,1448764,,c9afe1f562ff3f02d3732c761c5a277460307ab7fa0221d7276d74062b092ad5,drat-trim,0.6,True,576.4,21:14:33,
1104,0,14,1,600.0,UNSAT,0.5,12969,834958,,6e340f0eadfa231cd904bb1f60481f6c8321ff367531b3aa49732d78c30f8e24,drat-trim,0.4,True,576.6,21:14:34,
1099,0,14,1,600.0,UNSAT,1.2,29241,1960754,,3845b828a5479720ab997038d4f2fe3f8ee80f76932bcd65e75a51ca9d3187cf,drat-trim,0.8,True,576.7,21:14:34,
1101,0,14,1,600.0,UNSAT,1.2,30115,1936137,,7366c9acd3c5ff7b38a292c6a6f0521a3d8a8d7148da5f43b48bfb74a776b718,drat-trim,0.9,True,576.8,21:14:34,
1108,0,14,1,600.0,UNSAT,0.6,11405,747853,,6fc838edec08cc32843007e69fe3fcf527a8121dfd70c1852a1af647ccc53d8f,drat-trim,0.3,True,576.9,21:14:34,
1110,0,14,1,600.0,UNSAT,0.3,7875,419199,,55a6f55e852ae0c59051ca3893de475693b473fd38da96a098385b2d19ecd3b9,drat-trim,0.3,True,577.0,21:14:34,
1112,0,14,1,600.0,UNSAT,0.3,6558,408323,,3e8230326a862afc511cc399916b093db71ee0aa74b0de699c060a84471d7375,drat-trim,0.3,True,577.2,21:14:34,
1113,0,14,1,600.0,UNSAT,0.3,6047,371065,,d09cc852aa004a273a9fb56a68f0fa5391a3161dca149008b16e9a0bea850f91,drat-trim,0.2,True,577.2,21:14:34,
1105,0,14,1,600.0,UNSAT,1.0,24321,1653466,,f8596093b6ab96ae3b250590534b3ad377217cd45937935e7d8407dab49da50a,drat-trim,0.7,True,577.4,21:14:34,
1111,0,14,1,600.0,UNSAT,0.5,12276,795332,,4af79a3d87e211470deaf737d86ead27f21fa9aa6af8daebab57d7dabc2c709f,drat-trim,0.4,True,577.4,21:14:34,
1114,0,14,1,600.0,UNSAT,0.3,6938,423700,,67397cbfebca1b8e01e5881c54287aeb1cdf7ebab620ec66e6d4b0156d39b47c,drat-trim,0.3,True,577.4,21:14:34,
1109,0,14,1,600.0,UNSAT,0.8,16518,1174161,,6bc6b3bf1d41e045653db877b3abe6e8934de97f4a6861209a3bb6707f3659ee,drat-trim,0.5,True,577.7,21:14:35,
1115,0,14,1,600.0,UNSAT,0.6,10255,1025483,,6b7d50d8e823c9fb74344045292fbed47f9454c7154d040b948153de148dd4f4,drat-trim,0.4,True,577.9,21:14:35,
1120,0,14,1,600.0,UNSAT,0.3,7691,458086,,c920fad9422520a28e7defe92c3aeb4f09ae2399874f770d9faf33014e7f0ebe,drat-trim,0.3,True,578.0,21:14:35,
1121,0,14,1,600.0,UNSAT,0.4,7681,456128,,6c813b69c4d496256915077ef2795ff11aadc8b3618e80c552855335e584941d,drat-trim,0.3,True,578.1,21:14:35,
1119,0,14,1,600.0,UNSAT,0.7,13062,794449,,d423d519dd7216a50b1d3632302bf7887f1b2533f353c773175cc4108e6e3c1f,drat-trim,0.7,True,578.7,21:14:36,
1116,0,14,1,600.0,UNSAT,1.1,20919,1592895,,de9eea2e4be36e33745ff49d56d0a4d0a70b65e8219a54cf79bcb39f80f7b82b,drat-trim,0.9,True,579.0,21:14:36,
1103,0,14,1,600.0,UNSAT,2.1,49765,3406085,,9b67c8ab8f25882407f7d3d6d1a6b8f4ddf9dd5e658ff3ec7456a311810c1c7e,drat-trim,2.0,True,579.0,21:14:36,
1118,0,14,1,600.0,UNSAT,1.1,18695,1417474,,9250b011248bfb8eeef79b00b107c8310a6a35cf1b8462cf3f38eada5bd04132,drat-trim,0.8,True,579.1,21:14:36,
1021,0,14,1,600.0,UNSAT,12.6,225503,16022781,,932e0b2b06a99f8120a3a9872973726662336046debb7e523f9e1d54ff4d1bc0,drat-trim,12.0,True,579.2,21:14:36,
1019,0,14,1,600.0,UNSAT,13.5,225750,16725201,,37c316d05c3d03a742c4c715d558f4c163cc721eaee7cfef0f683b74165dad65,drat-trim,12.7,True,579.2,21:14:36,
1122,0,14,1,600.0,UNSAT,0.9,14694,1250372,,e677eebacb5da13f38fa6ce52cd782d8bd19be9736fb00756a5f2e73c2464039,drat-trim,0.6,True,579.2,21:14:36,
1123,0,14,1,600.0,UNSAT,1.0,17472,1365555,,e8e0f3bee1da9d4c11f92ac0ba68fb04f55576df62633d0412f145ef3bb62116,drat-trim,0.6,True,579.5,21:14:37,
1128,0,14,1,600.0,UNSAT,0.7,13396,819113,,2b7735fa9dc2fecb8e7175123e7341f1df37c929f8a8fbad4d67acb4b2405957,drat-trim,0.5,True,580.3,21:14:37,
1125,0,14,1,600.0,UNSAT,1.5,25977,1829692,,feb1e836699b444aa48716c56cdf83df0cff5c3c410f44d8652c4ae3903d0f2d,drat-trim,0.9,True,580.5,21:14:38,
1015,0,14,1,600.0,UNSAT,19.0,280776,20501792,,d45f06c84c55bc78a31638b57365ebaba9e4323642f2c01d647d40ac03489769,drat-trim,17.2,True,580.7,21:14:38,
1129,0,14,1,600.0,UNSAT,1.0,19249,1380509,,e53f10db8effd0f9bbb004f8c3a1576682683c9a26a7a6dd4abc17535fb26b0f,drat-trim,0.6,True,580.9,21:14:38,
1133,0,14,1,600.0,UNSAT,0.9,20437,1498258,,3dc973005543dd601f452512cd828f9cbce0d44aaa1e271e1b4aa31ae5201ad6,drat-trim,0.6,True,581.0,21:14:38,
1132,0,14,1,600.0,UNSAT,1.1,21629,1505775,,6da933cef980a9eb2a8449b6a215c3d82e690726f4d332a78eac76532bde1f0f,drat-trim,0.7,True,581.0,21:14:38,
1117,0,14,1,600.0,UNSAT,2.3,44331,2885047,,82fbf0a04c2da4752cfcb0827ed318ecda38e7fbfb78c1f41c6cbfa7d77ee535,drat-trim,1.5,True,581.0,21:14:38,
1127,0,14,1,600.0,UNSAT,1.3,26726,1830556,,f1a03121a07598d5c38a3675992988924d0ab707e2e25b1642e6cbb29ebb61b4,drat-trim,0.8,True,581.1,21:14:38,
1137,0,14,1,600.0,UNSAT,0.3,7209,493189,,b0572e9182419a3ca88aa30b22ac2bca7e2cccecca5ede29eaa77acaadcd53bb,drat-trim,0.2,True,581.5,21:14:39,
1136,0,14,1,600.0,UNSAT,0.3,7515,406174,,dbe087a919d047ffbb1704f6a6044ff44ee1488a8b87407a63cabbe3d48aabc0,drat-trim,0.3,True,581.5,21:14:39,
1126,0,14,1,600.0,UNSAT,1.8,37009,2592143,,72ec72b091339b757559db73de8250b525833def050457824093cc961b8a04a0,drat-trim,1.0,True,581.5,21:14:39,
1130,0,14,1,600.0,UNSAT,1.7,37103,2565701,,12fa66637545a30ce9963ccfbe5cc254c4301d29f36697d24cca58ad94038c6a,drat-trim,1.0,True,581.8,21:14:39,
1023,0,14,1,600.0,UNSAT,13.6,225369,17148574,,8812c4c37bc23dc63df5b8c095ee029a1aee2d005044fb6abe987bc2d6472a83,drat-trim,12.3,True,581.9,21:14:39,
1124,0,14,1,600.0,UNSAT,2.7,52401,3555957,,ec419edd2737b0a19386618acae68b6778b5cbd39fee5fda3944f868fc5db2e1,drat-trim,1.6,True,582.3,21:14:39,
1131,0,14,1,600.0,UNSAT,1.8,44327,3059638,,207e77598be8e027ea209e9f6fc4902acf100ca9c539af8f96e8dce61358fb83,drat-trim,1.3,True,582.4,21:14:39,
1144,0,14,1,600.0,UNSAT,0.7,15621,1174498,,9637a68678ef3a6ab85e89e5755f119432ace8cfc60bc006a2223e997faaf7c6,drat-trim,0.5,True,582.7,21:14:40,
1134,0,14,1,600.0,UNSAT,1.4,31680,2492194,,9ca50089143dc3ee97b0ee5f161a52de9bc42cc1509e3b60ef1664a4f7eefbe2,drat-trim,1.0,True,582.7,21:14:40,
1138,0,14,1,600.0,UNSAT,1.1,25557,1655332,,a08f543da72d133474900d8a3238010c690219154b7f0477f1b6bdc6639c159b,drat-trim,0.7,True,582.8,21:14:40,
1139,0,14,1,600.0,UNSAT,1.3,29742,2033537,,43ee3127a4083b4414a613cb8d74c323dcf043631070969d37b2f859ba2f30dc,drat-trim,0.9,True,583.1,21:14:40,
1140,0,14,1,600.0,UNSAT,1.4,31333,2376018,,00f3fda2265a82644822ae522ec8fde9e6622ee580725145b63f0f018c73e1fa,drat-trim,0.8,True,583.2,21:14:40,
1152,0,14,1,600.0,UNSAT,0.2,4281,237720,,5123b15e8f0c6cc29f8efb44c5ed2112931e84b77e8cd2d5f126cd7b61a8400c,drat-trim,0.2,True,583.6,21:14:41,
1153,0,14,1,600.0,UNSAT,0.3,6031,340319,,e38b8e1b070bfecca81509a9635f7ec7f072bc770d77b54a12535d235e1bf48e,drat-trim,0.2,True,583.7,21:14:41,
1145,0,14,1,600.0,UNSAT,1.2,27568,1880261,,af422647ce4250f716017ba22e3693c4252509e8f65d41fce73b995adf2a467f,drat-trim,0.8,True,583.8,21:14:41,
1143,0,14,1,600.0,UNSAT,1.4,30671,2214117,,c8a1d101ae9f9bfa5772c4e7e2ffe1e5bf16353ff04f10c81e1a5d9ecd0466c6,drat-trim,1.0,True,583.9,21:14:41,
1141,0,14,1,600.0,UNSAT,1.7,37278,2727348,,4c1526d6dbedfa9baed1c80544b508d3c770781f8cb962e412ef6acbb3d79dfc,drat-trim,1.2,True,583.9,21:14:41,
1154,0,14,1,600.0,UNSAT,0.2,4585,262301,,ca51fc7444cb1f0031414e7b615c89e6d72937215909fe41841a2c16381d9ba7,drat-trim,0.2,True,584.0,21:14:41,
1148,0,14,1,600.0,UNSAT,1.0,22604,1528182,,5295cf2c7f94f6be6ecdb06a79b7639b0e5bd81bcc35ca7c65a5f471d701481b,drat-trim,0.6,True,584.0,21:14:41,
1155,0,14,1,600.0,UNSAT,0.3,6309,347466,,2dc8e21261df5e617e2713a46518abacfeee824271e69159503c04db54a3eddd,drat-trim,0.2,True,584.3,21:14:41,
1142,0,14,1,600.0,UNSAT,1.7,37240,2692487,,f7ff11e301e470f3835464ea39e46da69e4e76d18a7c9f0daa67e366cae4cb8e,drat-trim,1.1,True,584.3,21:14:41,
1159,0,14,1,600.0,UNSAT,0.3,8010,483866,,06616111954e49b1aff19a4e3167c1b84d1886656ff044305648d2fb0499d04f,drat-trim,0.3,True,584.6,21:14:42,
1160,0,14,1,600.0,UNSAT,0.4,8211,557125,,401d37594c2aaafc2206f64c182f5601b6a1262e7826cf6bbe91ebeab1022a1b,drat-trim,0.3,True,584.6,21:14:42,
1149,0,14,1,600.0,UNSAT,1.2,27282,1814035,,e21be4aa4637fb93c8d42690a06378a41199751bc977efb8f16407a176bdcca7,drat-trim,0.8,True,584.6,21:14:42,
1156,0,14,1,600.0,UNSAT,0.6,13134,875649,,d5504689119e0a0d9f04e3f9d4485a8bea395fac8c6b4f4ced54ff4e4de9df2c,drat-trim,0.4,True,584.9,21:14:42,
1146,0,14,1,600.0,UNSAT,1.8,40306,2737430,,b78f1cb4a969d99d6a733b0c0b4d9cd2b1e9a200ab2f2ccef46cb87fd461fad0,drat-trim,1.2,True,584.9,21:14:42,
1158,0,14,1,600.0,UNSAT,0.6,13132,795126,,1d6d4d19e2e3ded46852e3e840840760915682925b1cffba213d009404e0574c,drat-trim,0.5,True,585.0,21:14:42,
1161,0,14,1,600.0,UNSAT,0.5,9249,879710,,15bcba65c55ffd37cc19ba5175a9363303955e867ae245f35bd9e3fbf8eadecb,drat-trim,0.4,True,585.1,21:14:42,
1157,0,14,1,600.0,UNSAT,0.8,17784,1294710,,1b3af8132d7c8b224b8aae1bfa9ee6c50f96f789c3606de860b85395716805e7,drat-trim,0.6,True,585.2,21:14:42,
1135,0,14,1,600.0,UNSAT,2.9,64873,4543641,,55ce20541ae85a0a68d1bec37315f86a47df7da66a36f93b735e2855cfcb049b,drat-trim,1.9,True,585.3,21:14:42,
1162,0,14,1,600.0,UNSAT,0.6,12379,854089,,12c9fad20b19d835f2aba091dce299b0e707c126284034f9c81f016ea0ea2025,drat-trim,0.4,True,585.3,21:14:42,
1150,0,14,1,600.0,UNSAT,1.6,37416,2634396,,041589050379310cb01193b179e90eefdac28d51f35272e90fb3501023292e35,drat-trim,1.1,True,585.4,21:14:42,
1163,0,14,1,600.0,UNSAT,0.5,11476,697980,,b4fa7d71dc045e5956f584de846a94248ac47a04486d2705c93fa36ace6da9f0,drat-trim,0.4,True,585.5,21:14:43,
1168,0,14,1,600.0,UNSAT,0.3,8377,431374,,acf510dfdbb45a5962f3dc3311702e0be019b45ef77eecdd46b8395242c628e1,drat-trim,0.3,True,585.6,21:14:43,
1169,0,14,1,600.0,UNSAT,0.3,5924,378686,,1efa7fa20e4a01f8fcbb0a3b5abfd80a4530a8fbaeb8d42972552a1e13516295,drat-trim,0.2,True,585.6,21:14:43,
1164,0,14,1,600.0,UNSAT,0.6,11997,982719,,d66ebdb2706c268c1803719f1afa5dbc5901caf9a6d995a2e7443a60fc1dff0e,drat-trim,0.4,True,585.6,21:14:43,
1147,0,14,1,600.0,UNSAT,1.9,46719,3252352,,31c85b4b7e6532ecce720eb324bb96104d7360181531f420cd6b64c8f22f3196,drat-trim,1.5,True,585.7,21:14:43,
1165,0,14,1,600.0,UNSAT,0.9,19243,1666398,,25c0fea2db1b9a792a1790722cf100859b1da3b7e9048187804752ff603e6aa9,drat-trim,0.6,True,586.2,21:14:43,
1177,0,14,1,600.0,UNSAT,0.5,10710,638227,,42437d779f082b3d990895027c784f1f4181c8d340365b7b22ce1252d390f4e2,drat-trim,0.4,True,586.5,21:14:44,
1171,0,14,1,600.0,UNSAT,0.7,16733,1215062,,6d4792ba039901874999cc1c590e459c8fb4beac9dc02fac1f5e607d5ecc8b0f,drat-trim,0.5,True,586.5,21:14:44,
1172,0,14,1,600.0,UNSAT,0.8,16820,1273393,,a0612664fda0200733ae9dd1d1abca2bcc33fcb3821eb2fc879e1640d6fb100f,drat-trim,0.6,True,586.6,21:14:44,
1176,0,14,1,600.0,UNSAT,0.6,14316,886732,,fff021f2d63502404aab88fbd53145a6f8e9f6a13c242eaf704d508e09d482c4,drat-trim,0.4,True,586.6,21:14:44,
1166,0,14,1,600.0,UNSAT,1.1,24070,1673240,,0d20ef2a3820a1c2117e8de7ac9c8fa326433b073b1718ce935f4a1d5c1c4b0c,drat-trim,0.7,True,586.6,21:14:44,
1167,0,14,1,600.0,UNSAT,1.2,26103,1729726,,89a290ecc184d740a7cbb1158d23ee845104f37f5ba7e470577767a51640db41,drat-trim,0.7,True,586.7,21:14:44,
1173,0,14,1,600.0,UNSAT,0.7,15891,1342477,,cfb84f7aa5d053b2a7da46c209240e370d5608303951ec7ba28238784933c72e,drat-trim,0.6,True,586.8,21:14:44,
1170,0,14,1,600.0,UNSAT,1.0,22474,1499841,,2e58ee2a8aec2d9cdb5e9ec2351764437edee061b079945ef1c8ff139e1f6968,drat-trim,0.6,True,586.8,21:14:44,
1184,0,14,1,600.0,UNSAT,0.2,3191,221689,,9ca70d6b5bdb8b46391b2dd1b1868436133fd474aa869a1598285571b721ed51,drat-trim,0.2,True,587.0,21:14:44,
1178,0,14,1,600.0,UNSAT,0.9,20050,1349600,,5a9d74800520a119a65e064d3768f1794952436e90f534fe47b6f7b939e3b390,drat-trim,0.6,True,587.2,21:14:44,
1186,0,14,1,600.0,UNSAT,0.3,6433,327325,,f8216dfc8d587cb522de30a19da41fed170677e6822bbd152d85e353fc706f56,drat-trim,0.2,True,587.3,21:14:44,
1175,0,14,1,600.0,UNSAT,1.1,22057,1591163,,4219e0240367388b9564cb6f951e598d9e58366b4a3aac3357301394e35324e1,drat-trim,0.6,True,587.3,21:14:44,
1174,0,14,1,600.0,UNSAT,1.1,22966,1704326,,d3496a7a7f842002ac82daeb6c25fff83471b9ad4c2f4482757826c9658dcecf,drat-trim,0.7,True,587.3,21:14:44,
1187,0,14,1,600.0,UNSAT,0.4,8144,448688,,edfe6b6c54e512403f8bc385b6806ee564af6a52684c20274b62881731410cc6,drat-trim,0.3,True,587.4,21:14:44,
1185,0,14,1,600.0,UNSAT,0.4,8483,463291,,208b2ba2650ff57dc56084683627107297148c2992a46eecc227dbdcd04ce88d,drat-trim,0.3,True,587.4,21:14:44,
1180,0,14,1,600.0,UNSAT,0.6,13007,763724,,7e287e1f8b3e02bd7c429a7a78860f893d07950816c03618b077fcd0344a2abd,drat-trim,0.4,True,587.5,21:14:45,
1181,0,14,1,600.0,UNSAT,0.7,15740,1323360,,8aed37323edc3049fe6e45c32e84ce0265201f992cf6f869b3e4d498c21fde99,drat-trim,0.5,True,587.7,21:14:45,
1192,0,14,1,600.0,UNSAT,0.4,7775,438145,,e3bdcb254977bd17800e76ec7224861cab39b93bf1b2555db451876e7cf7a831,drat-trim,0.3,True,587.9,21:14:45,
1193,0,14,1,600.0,UNSAT,0.4,8160,445493,,ea6762e59363775bd58b2c1d857b8f3a1a5979b87f03138e9e9ccf6b77a4f2a5,drat-trim,0.3,True,588.1,21:14:45,
1183,0,14,1,600.0,UNSAT,1.0,18832,1504026,,6a508b8a30125fcdc93f01e3dea70770d49c101e7e7b44fde75b8068c1d7b11f,drat-trim,0.6,True,588.2,21:14:45,
1194,0,14,1,600.0,UNSAT,0.5,11057,729325,,05b41c0b3019d8f5755f05eed8f18ba50e29d77e95e96e0e35b56ec087a9d54b,drat-trim,0.4,True,588.3,21:14:45,
1191,0,14,1,600.0,UNSAT,0.6,12648,838092,,550640dafc74f6ddea652d1af1e67eaa660983b396e1513152e0bb3abd1144f9,drat-trim,0.4,True,588.3,21:14:45,
1179,0,14,1,600.0,UNSAT,1.2,27985,1824067,,f07f71c528eca958c44934d8691a99eea179be3289ceb06fa7f6eff7f39e8786,drat-trim,0.8,True,588.4,21:14:45,
1182,0,14,1,600.0,UNSAT,1.0,23028,1700584,,825262992530afd73365e821c5f1c0f3f18dfaba6097fce5421cfd9ac5df4e1c,drat-trim,0.7,True,588.4,21:14:45,
1196,0,14,1,600.0,UNSAT,0.5,12133,803651,,4fd163456dd038c9b02f4d9a80e150a1d5461b210ac868c281259ca063aa315f,drat-trim,0.3,True,588.5,21:14:46,
1195,0,14,1,600.0,UNSAT,0.6,13060,1152883,,d553c4b66221999c2971e133a35357b944a8eaec5b3501e53d7f5cd4aed83238,drat-trim,0.4,True,588.5,21:14:46,
1190,0,14,1,600.0,UNSAT,0.8,17250,1230520,,ce8391d27461a8bb1b7d9e22bf2bfd9b964c58577c22b33c41ef32fc346676e6,drat-trim,0.6,True,588.7,21:14:46,
1188,0,14,1,600.0,UNSAT,1.0,26017,1682772,,fbb476bf79fcc5d20fdc60ec1e56624603be0a2654fca2ad3402bb48f00c1e1d,drat-trim,0.7,True,588.7,21:14:46,
1189,0,14,1,600.0,UNSAT,1.1,27536,1932474,,ffa1b750515bf7aac3e69baa7dbfd19f4c8a588b1a8b810754b4609e40e5c07a,drat-trim,0.6,True,588.9,21:14:46,
1197,0,14,1,600.0,UNSAT,0.6,14274,856729,,329dedbb7a02a8282fdfdbe20c4eddbd1eec30cfbcd8292679b71e08bc2fd408,drat-trim,0.5,True,589.0,21:14:46,
1200,0,14,1,600.0,UNSAT,0.6,13278,822677,,be46de9030e4a9996b89f41d72175a01f779df5a0209c270c94d6b6862896d81,drat-trim,0.5,True,589.4,21:14:46,
1204,0,14,1,600.0,UNSAT,0.6,12603,852153,,f01871e77d08b35ed2a007ae5bc0d3e4bcc6dddb4fb68188c5df86231cbdf021,drat-trim,0.5,True,589.7,21:14:47,
1201,0,14,1,600.0,UNSAT,0.8,17804,1252295,,19dc9c0b06faac87ac670d7ccbe36af4a4eff3f87508f61bd0aefd9b66c928b7,drat-trim,0.6,True,589.7,21:14:47,
1203,0,14,1,600.0,UNSAT,1.0,22267,1532758,,1ec6b69afee41cc5c0a078b95adcc0e4437c0790071d5269cbee6c9ba19f5604,drat-trim,0.7,True,590.1,21:14:47,
1208,0,14,1,600.0,UNSAT,0.7,13526,825945,,7e05bc82779104d46bba1054a862a65a902132ccd613f5190164689d0cef08e8,drat-trim,0.5,True,590.1,21:14:47,
1202,0,14,1,600.0,UNSAT,1.1,25165,1669027,,3985c5b3195152ffb366e62bfcbb2a84e84bfd98fe3b20d0c6eb498186ddd00b,drat-trim,0.8,True,590.3,21:14:47,
1198,0,14,1,600.0,UNSAT,1.3,28049,1937921,,be62b597ccd4285222d763002fb226381c61da7750188e26486a42bc3bd68ceb,drat-trim,1.0,True,590.3,21:14:47,
1206,0,14,1,600.0,UNSAT,1.0,19814,1493555,,7ba5290c0a6dcf3ba0f326953c7df3e2b8452364fa4a9a425641d68e47101371,drat-trim,0.7,True,590.4,21:14:47,
1199,0,14,1,600.0,UNSAT,1.3,28018,1965268,,c5826cda97e8ba98d03aabf0bb64ace537f4d04252dd5759895469045d684f4a,drat-trim,1.0,True,590.5,21:14:48,
1205,0,14,1,600.0,UNSAT,1.2,24412,1679326,,62de6fb8f99aa306381e6f8f579bdd5cd4f417d9baba95418c6d8a7c59e2b73d,drat-trim,0.8,True,590.6,21:14:48,
1207,0,14,1,600.0,UNSAT,1.2,23806,1772388,,dd0bc52bf795c85ec02bd13ada4d393ca898bb06322a199ee92e5642b5c0e613,drat-trim,0.7,True,590.6,21:14:48,
1212,0,14,1,600.0,UNSAT,0.6,11510,812728,,f5609b4eec50305fc0ed26ead13526aa5d74795cbaea133b58ad1b9547932aeb,drat-trim,0.4,True,590.7,21:14:48,
1209,0,14,1,600.0,UNSAT,1.2,21144,1487929,,56b5378f03b689a2c9524c5d2b141ce7ee07bfa9f68579d252a15627ada4a96f,drat-trim,0.6,True,590.8,21:14:48,
1213,0,14,1,600.0,UNSAT,0.9,18675,1451410,,f13ae744f1b8c799dd8a42133716ae66193ad3a273dc9fade4e456ef25468e70,drat-trim,0.6,True,591.6,21:14:49,
1211,0,14,1,600.0,UNSAT,1.2,28503,1895328,,053cd30f74c9ef4cec4e3d5f4abddefe7c4c449ac16b65b9ab4b6972b4bb43af,drat-trim,0.8,True,591.7,21:14:49,
1210,0,14,1,600.0,UNSAT,1.6,32513,2270110,,0c65e5fc1cb5a6a096165a212bebcd83d248eea2645bc05a5bc7b84c9c409b45,drat-trim,0.9,True,591.8,21:14:49,
1215,0,14,1,600.0,UNSAT,1.0,20439,1681452,,7dedeabe01bb8d75dea368e3484bf8992c02b852bb856039826e8d3fc7371393,drat-trim,0.6,True,592.0,21:14:49,
1151,0,14,1,600.0,UNSAT,4.9,106988,7525888,,1b9d2062618a9ef33fc2cb49179539ce5c70ce7126640875855c2a2cca85e3c4,drat-trim,4.2,True,592.0,21:14:49,
1225,0,14,1,600.0,UNSAT,0.5,11114,688422,,9bd030982dec629899214adbd38771e59b47015b51a83c7c5f41093a04827cde,drat-trim,0.4,True,592.7,21:14:50,
1224,0,14,1,600.0,UNSAT,0.9,19838,1579283,,a02058345a54b7b2fcc8996379c9db78dd32144ffa5562ce0be06b4e2cfea7f7,drat-trim,0.5,True,593.1,21:14:50,
1214,0,14,1,600.0,UNSAT,1.8,43973,2999611,,599b91105eedb2e13c0b914a64bf53511a09cc0b8a167534e65a1edd22e1cdc2,drat-trim,1.2,True,593.2,21:14:50,
1226,0,14,1,600.0,UNSAT,0.9,19297,1475354,,2f5ef3c07a6384e1a7bea68d57e26e725662ae868a6446caa9e62b93cc54f7fc,drat-trim,0.5,True,593.4,21:14:50,
1227,0,14,1,600.0,UNSAT,1.5,36879,2483489,,73fc8ede347b0c42cef6390f70c28ee7522d2bd7fbd2da4851dd750bbd2b3798,drat-trim,0.9,True,594.4,21:14:51,
1228,0,14,1,600.0,UNSAT,1.2,26436,1733430,,ca466ce3d52bc18e00802daddc36ecd96ebf55a74df9d48238523544ddcfb991,drat-trim,0.8,True,594.7,21:14:52,
1217,0,14,1,600.0,UNSAT,2.7,62624,4175585,,fb9ad4c98debd380c4ba7ec556b838140c1a8a5120be08cc29cefc25fefa85a8,drat-trim,1.9,True,595.0,21:14:52,
1220,0,14,1,600.0,UNSAT,2.5,59482,3859412,,6b2f011d030b2658cc07272fe14728084630e6a30df5c5a7d8604bbbb5feed3d,drat-trim,1.9,True,595.1,21:14:52,
1216,0,14,1,600.0,UNSAT,2.8,64600,4302298,,80aaf67b42b03b6c4366013b4e2a9b077ef42c21004cb23a439bf7c39bf3f4e6,drat-trim,2.0,True,595.1,21:14:52,
1219,0,14,1,600.0,UNSAT,2.6,60457,4032666,,8b8058fec802df87ffab37265a80ece115ce8a491d2726b7ad919fe30a9ce07b,drat-trim,2.0,True,595.2,21:14:52,
1232,0,14,1,600.0,UNSAT,0.7,15853,1215145,,6b979df861e8e08192ba4d81235fa9c113307954138950577ebe11e7342ebd92,drat-trim,0.4,True,595.5,21:14:53,
1233,0,14,1,600.0,UNSAT,0.6,13285,902503,,5c17fcba1642502133b84ecb8a7792a620c95c0910ae34c8ec230d6864533d89,drat-trim,0.4,True,595.7,21:14:53,
1221,0,14,1,600.0,UNSAT,3.2,69550,4973774,,cec603ffd727aff273077fcbd6a48f8224433ac923700f60e8269b4e7bcafc8d,drat-trim,2.3,True,596.2,21:14:53,
1234,0,14,1,600.0,UNSAT,0.7,17055,1383795,,78fd209550473177621b342d50041295fa9fe758acb8808f2939c95ac783705e,drat-trim,0.5,True,596.3,21:14:53,
1223,0,14,1,600.0,UNSAT,2.6,56224,3897857,,da3e74e2fa5e5ec3312a13b68ea3859fdaf25162663845360fa2b7a1b8d90a8f,drat-trim,2.1,True,596.5,21:14:53,
1229,0,14,1,600.0,UNSAT,2.1,47498,3185384,,274ff72d9be4a17c1151b9579543258e7377640ff8f49b9e934a32310b496c4b,drat-trim,1.4,True,596.6,21:14:54,
1236,0,14,1,600.0,UNSAT,1.0,23623,1759020,,70a60699c6a949b851c51a520a61ebd092dec73553d67d4ad74fe70d3d1a8174,drat-trim,0.7,True,596.8,21:14:54,
1235,0,14,1,600.0,UNSAT,1.1,26133,1802135,,37e7406bff869bfbc3048a2a4bf9e35f43db762fd924e971d620e02f172956bd,drat-trim,0.7,True,597.0,21:14:54,
1240,0,14,1,600.0,UNSAT,0.6,11903,939551,,a048a53f98abd1a90f4f9aea0ed80a14a045a30b0b14f1c805575121a5b5d623,drat-trim,0.4,True,597.2,21:14:54,
1241,0,14,1,600.0,UNSAT,0.8,18428,1452855,,da22a365c9adb4f44ac6f2d82d73c4cf88a1f0f092e837f8387e2e4cbea700e6,drat-trim,0.5,True,597.6,21:14:55,
1222,0,14,1,600.0,UNSAT,3.8,83592,5653790,,1f9f12c65c424d7beb0061d60dbe641bcbceebb20e48fe128d33a9e2d5e2a760,drat-trim,3.0,True,597.6,21:14:55,
1242,0,14,1,600.0,UNSAT,0.7,16563,1284678,,62e347b6ce1877e8e31e4fa4aa88c6794b4c2f3e9bdb21c4f418c81cc49248ed,drat-trim,0.5,True,597.7,21:14:55,
1231,0,14,1,600.0,UNSAT,2.6,62279,4289304,,a23e5bf1d20cb2b4c4f8cd915ff2bb03368a84ad41c0969c5d5a838b000e1688,drat-trim,1.8,True,597.7,21:14:55,
1230,0,14,1,600.0,UNSAT,2.8,63506,4380547,,7b7731be56a99a8b90ee3ca45a47b7661e88bb26a33f593e02e114bafe311478,drat-trim,1.8,True,597.8,21:14:55,
1013,0,14,1,600.0,UNSAT,32.6,451635,35148828,,2522d8e3601cdae3475672c98f8e5af285fc1a7e7453d396db300d2f97687335,drat-trim,24.0,True,597.8,21:14:55,
1243,0,14,1,600.0,UNSAT,0.8,17835,1359980,,81632c5cb25c960dc18312dc91f131d2f09296e4a500bd152e0b0d25e222207d,drat-trim,0.6,True,597.9,21:14:55,
1218,0,14,1,600.0,UNSAT,4.5,97435,6717542,,18c0eb1e4c238bfcadf2b5716b19075910206016696bce2c61bcb48d7124f9e7,drat-trim,3.5,True,598.5,21:14:56,
1238,0,14,1,600.0,UNSAT,1.9,42448,2794941,,6d770eebcb163e3df71b2342db739f42f30aa44591a24eb48b102242e6469cd5,drat-trim,1.3,True,598.7,21:14:56,
1248,0,14,1,600.0,UNSAT,0.8,17199,1234760,,20f6285750e43b79f081dc6c97b8af839f61907f186b8d91f9aa10999e7ea158,drat-trim,0.6,True,598.9,21:14:56,
1250,0,14,1,600.0,UNSAT,1.1,26469,1769375,,de4917669fa8a3427322473b1eaa1872ef6f6a9638f83c43a7cb286f97bff6dc,drat-trim,0.8,True,599.7,21:14:57,
1237,0,14,1,600.0,UNSAT,2.7,63026,4147961,,36ec3b52346ba39dc0fb56a4069a5825758f8cf7402bb137d985038f119640cb,drat-trim,1.9,True,599.8,21:14:57,
1256,0,14,1,600.0,UNSAT,0.5,11294,632083,,e60a2a88fe080acda685ba00a1fb564d0d43bb10b3e62c1547149a1f03d4a595,drat-trim,0.4,True,599.9,21:14:57,
1252,0,14,1,600.0,UNSAT,1.4,32571,2260917,,45bba3ccaee073e4fe17b13d55d84e570410c013e08df853050be00f0c77fd32,drat-trim,0.9,True,600.1,21:14:57,
1244,0,14,1,600.0,UNSAT,2.1,53003,3340568,,4c4593912d57e9bc250fc125b4ecf7e01f209d1a926dcb7e32139f92f1021670,drat-trim,1.4,True,600.5,21:14:58,
1257,0,14,1,600.0,UNSAT,0.5,11997,901146,,57b422b6b4b17780dc6cfcf7168fc964742c645c07c1d05681f23e100dfb1f08,drat-trim,0.4,True,600.6,21:14:58,
1260,0,14,1,600.0,UNSAT,0.7,16982,1211713,,9146d96636e75755aee29607fb2bc15591e71f139bd6415e6f4a51ff58b583be,drat-trim,0.5,True,601.3,21:14:58,
1245,0,14,1,600.0,UNSAT,2.7,58964,3959975,,8de3c6e58e83670929cf86b41e385285ef5ce846cf0324e67ebab7b6f5521819,drat-trim,1.8,True,601.5,21:14:59,
1246,0,14,1,600.0,UNSAT,2.9,67876,4697346,,51b8c6ee680aa3df5e1e168363fb4983e5b412fe3080ba5106da39d090b461c3,drat-trim,2.1,True,602.2,21:14:59,
1261,0,14,1,600.0,UNSAT,1.1,24865,1677147,,b91155893017b3c3b036c1bf47b0063e5a03bc34f186027053b7c9baf2650ad3,drat-trim,0.7,True,602.3,21:14:59,
1264,0,14,1,600.0,UNSAT,0.8,17856,1349455,,6070c70514cda22d917b8980549465512e304ecb891b937b06df30000d37d34c,drat-trim,0.5,True,602.8,21:15:00,
1254,0,14,1,600.0,UNSAT,2.6,60770,3817440,,c8fd7806a24d7a376c7ab81d0ede63373dcda8463a7010b5e260f976bdbb6351,drat-trim,1.8,True,602.9,21:15:00,
1239,0,14,1,600.0,UNSAT,4.2,87244,6222554,,0dee47c3ca7e4ac123e30781be5f69566a862d3be3cbdb2ba1e0f8bd4822d4cb,drat-trim,3.0,True,602.9,21:15:00,
1265,0,14,1,600.0,UNSAT,0.7,16062,1272400,,df2aa92c99a804067ce98152fa9d8237720761f3f8716570f557ecd31a808e33,drat-trim,0.5,True,603.6,21:15:01,
1268,0,14,1,600.0,UNSAT,0.8,17569,1333533,,92ede9955f0d32a8d12892290c50dc1c85d394e4899bd19a7ddf6a3d809b5bb9,drat-trim,0.5,True,604.2,21:15:01,
1269,0,14,1,600.0,UNSAT,1.5,36202,2364483,,6ef3a2e2db62d7d1014642d40bdac64da95117ed8c661ba2955a2722d7f7450e,drat-trim,1.0,True,605.4,21:15:02,
1253,0,14,1,600.0,UNSAT,4.3,91700,6004425,,1ae43c452608f260663a8384f7725e10f4b383857407b667db9087c23c022fa7,drat-trim,3.5,True,605.8,21:15:03,
1247,0,14,1,600.0,UNSAT,4.7,98458,6717772,,935e3fe1c0b221b2bb7717c3fa7ec8a1e2dcd06222fd7e9dbbc5d70fabaf13af,drat-trim,3.7,True,606.0,21:15:03,
1249,0,14,1,600.0,UNSAT,5.1,109815,7629043,,2725b2619982b20ddd37a1d1b1507f53e5bca3381f8b7bde587982e68293d9eb,drat-trim,4.1,True,606.8,21:15:04,
1259,0,14,1,600.0,UNSAT,4.0,86274,5915613,,50fd158c3c47c6d0b0665cf5bef114ceaf41d6e60f0944b6e1ced085b740cd9b,drat-trim,3.0,True,606.9,21:15:04,
1272,0,14,1,600.0,UNSAT,1.3,29120,1959428,,4da1054dc31dcf421b7b716ec6665c5240864e367f786ac0e3d6ead8daef57d6,drat-trim,0.5,True,607.2,21:15:04,
1263,0,14,1,600.0,UNSAT,3.4,75119,5178288,,27f67fb04ab97447b5a2ec2d34b6675255f675a18a60ad9b00de0bda5306cd4c,drat-trim,2.6,True,607.4,21:15:04,
1262,0,14,1,600.0,UNSAT,3.9,84771,5680384,,8e180922c9a3e472a79c84d910a6f14f57960e23a403e3bf1994c7fbf6f3dee6,drat-trim,2.9,True,607.6,21:15:05,
1255,0,14,1,600.0,UNSAT,4.7,99416,6901767,,888cecbd8bab4fd008f46b4f41eb81482dfd5575a8012eb5e756a91daf07178b,drat-trim,4.3,True,607.7,21:15:05,
1273,0,14,1,600.0,UNSAT,1.2,26297,1684447,,3453d9d0ffb7688236614dcb40ad1df7fa2ba7267ec540ed15f18a4cfd90e021,drat-trim,0.8,True,607.8,21:15:05,
1251,0,14,1,600.0,UNSAT,5.6,116481,8269061,,b5a9b2711aa7f0e5b024fc78258fca1a8e34962a3789533d7b922b058739d2b9,drat-trim,4.4,True,607.8,21:15:05,
1258,0,14,1,600.0,UNSAT,4.6,96806,6436641,,c7c8bc3f72acd2e18d803cac1045f6f84ccfc484669599dfa3f9fa9fe25688a3,drat-trim,3.7,True,608.1,21:15:05,
1266,0,14,1,600.0,UNSAT,3.7,81166,5242711,,e4789fdb45561d2968a2f496dd144d3faab14fec96d7148debcdea9f3032b829,drat-trim,2.5,True,608.5,21:15:06,
1270,0,14,1,600.0,UNSAT,3.0,67851,4626891,,95545a1a82b3802a9a893ebb92cfa1a46bc38516cf9c9a38e1416c707bdc5e69,drat-trim,2.3,True,608.8,21:15:06,
1276,0,14,1,600.0,UNSAT,1.2,28271,1856535,,d22fd6640fb73ef7955fd4c92495c36b23f373cb8d88e35688fb87be6c55eaa0,drat-trim,0.8,True,608.9,21:15:06,
1277,0,14,1,600.0,UNSAT,1.1,24281,1843937,,215f61aafad4eb9c4314d1519431923d19f9b129aacc641587c5ef8877177f79,drat-trim,0.8,True,609.0,21:15:06,
1267,0,14,1,600.0,UNSAT,3.7,86644,5369889,,5939fc9647596b5798d64d0a70f66b90f16759cdc8fe98a955a7c1aea27d18d2,drat-trim,2.8,True,609.3,21:15:06,
1280,0,14,1,600.0,UNSAT,1.2,26790,1688381,,c06df4943ac83c2d0395b8001a4afb42e12ad70406f4c056d3705d7be97069af,drat-trim,0.6,True,609.5,21:15:07,
1281,0,14,1,600.0,UNSAT,1.5,32547,2546631,,989049882df326feac2166a5ac4f3a43708b3f5733bf0058ccfb6e7aca00db7c,drat-trim,1.0,True,610.3,21:15:07,
1271,0,14,1,600.0,UNSAT,3.5,79175,5309023,,6f6ce9d24c9c054e4ecf60c426966e8ccf847b15f49a6645a4ccec03b903b4db,drat-trim,2.8,True,610.5,21:15:08,
1288,0,14,1,600.0,UNSAT,1.0,24023,1616814,,21d79aba83443724ddbdd59bc47faf3bc3719b2633e229ace609fa5a7e7e9031,drat-trim,0.7,True,610.9,21:15:08,
1275,0,14,1,600.0,UNSAT,3.0,68887,4749916,,8d872e5994ecb8ba297fde0956ae1e515d53848140a28b0e8d1465aaa8670447,drat-trim,2.2,True,612.0,21:15:09,
1284,0,14,1,600.0,UNSAT,2.3,51592,3713959,,70b1bb0b28e1e1ef2ef6fde7bfbce5b7d0fe0741d9e28db42092273e928ce655,drat-trim,1.7,True,612.6,21:15:10,
1274,0,14,1,600.0,UNSAT,4.0,88329,5755607,,f3de32d207ed4b6002a1edc1c78502bb58c494ae1999e266cbb2e1c0b17aa2b8,drat-trim,2.9,True,612.9,21:15:10,
1289,0,14,1,600.0,UNSAT,2.2,52492,3465153,,49e0f61c3d39bed12f23163aff31190e352c480498fd7b9b97474160ffb95f4d,drat-trim,1.6,True,613.3,21:15:10,
1290,0,14,1,600.0,UNSAT,1.8,42234,2851869,,0cb0ea08a54f096bba83307ce7c84777e9b8dbad49924d246518b8a3f686c20a,drat-trim,1.3,True,613.4,21:15:10,
1292,0,14,1,600.0,UNSAT,1.5,33449,2626717,,675fcee464824aae7bb00fe56531f50d42d547a40b3512830457cead4f2de86a,drat-trim,1.0,True,613.4,21:15:10,
1291,0,14,1,600.0,UNSAT,1.9,47188,3262849,,efd3fad53ea138362bff4e47e73bbea6995175c380412543c94c4a0aaef64215,drat-trim,1.4,True,613.8,21:15:11,
1282,0,14,1,600.0,UNSAT,3.5,81807,5485727,,59f6d01b95d019054b20d5f8d433bed16cc9f7f127c2c524d64c7ce64b37b0c8,drat-trim,2.9,True,614.2,21:15:11,
1283,0,14,1,600.0,UNSAT,3.5,77883,5379245,,3caa0d0df488306d93fd5c91336319d702ccda1fd5b4e62df9676aa886456bd1,drat-trim,2.6,True,614.3,21:15:11,
1278,0,14,1,600.0,UNSAT,3.9,83799,5520768,,e09c2a29e7d8351cdba8036531295ea8c584e6d65ff04f30b37c883243a82bb7,drat-trim,2.9,True,614.3,21:15:11,
1296,0,14,1,600.0,UNSAT,0.7,13558,735919,,88074275581d32c0c27dec6012bdbc3ef348d998308ef431c1347c495d138a97,drat-trim,0.5,True,614.5,21:15:12,
1293,0,14,1,600.0,UNSAT,2.0,43934,2897982,,c13604e705ecc444ef7c7aba231b6b13923f292d9fd6e3a4a647d1bd852bc730,drat-trim,1.3,True,615.4,21:15:12,
1297,0,14,1,600.0,UNSAT,1.5,33543,2403971,,e35a2b31bae5bef8e5952c5456dd51ecd1d5110ad57bba0ad62a84f986e03896,drat-trim,0.9,True,615.9,21:15:13,
1298,0,14,1,600.0,UNSAT,1.6,36133,2344576,,905ed89515291b2928a7b64353d098e4464e55cefb9c66085d516e0e5d92e99f,drat-trim,1.0,True,616.0,21:15:13,
1299,0,14,1,600.0,UNSAT,1.6,33523,2357576,,dab8b9051113003d0bb13e94f4154ac76bec453b7cd5cf454124434f0423a7c9,drat-trim,1.0,True,616.4,21:15:13,
1300,0,14,1,600.0,UNSAT,1.3,28251,1971833,,0ffca3f0c42917cd503a4491373826604c95ff951f49a0ebff3f77ae569918f0,drat-trim,0.9,True,616.4,21:15:13,
1304,0,14,1,600.0,UNSAT,0.6,12940,836989,,0ba1acc19ce2dd2e11df876731b83c9d10859dd6272b63969dbeb7f1ffa58595,drat-trim,0.4,True,616.4,21:15:13,
1301,0,14,1,600.0,UNSAT,1.5,36094,2499589,,468e9559d808b29b26ef2858f6fc514f660dc4b7e90b029b51a42c2fc24ff57f,drat-trim,1.0,True,616.8,21:15:14,
1279,0,14,1,600.0,UNSAT,5.1,101054,6872504,,79e110e59983521b8d3e03e619114aaf10555c168a25b21b28f44692be96707e,drat-trim,4.3,True,616.9,21:15:14,
1285,0,14,1,600.0,UNSAT,4.9,102314,7218065,,3a50aace6d201bb2e9ba73a6725c0c2ddc5966c007413bcf18e99aa42daeefcd,drat-trim,3.8,True,617.5,21:15:15,
1305,0,14,1,600.0,UNSAT,1.2,28644,1811017,,2f85e1af392e4eb7f5bc200a8e614e8d3ffad623a779bb669792838e0140f2f0,drat-trim,0.8,True,617.9,21:15:15,
1286,0,14,1,600.0,UNSAT,5.1,105070,7497778,,46f5d0fe480a6347743e5c2052e19907f2e0e0dc68fd1bb7be3fa556d07f3ca2,drat-trim,4.0,True,618.1,21:15:15,
1306,0,14,1,600.0,UNSAT,1.6,36820,2465966,,9d3a9aefe8d9f239a861a1dc2daefd843e60c457eedc1fb194a69d16121bd27c,drat-trim,1.0,True,618.7,21:15:16,
1294,0,14,1,600.0,UNSAT,3.6,75959,5355578,,78ade0bab3afb13eca918d46a22bb7c9ec5a47b4b4b2f856f2e2a7c319be9cc7,drat-trim,2.7,True,619.1,21:15:16,
1309,0,14,1,600.0,UNSAT,1.6,36358,2518490,,850cba0553488b676cb027d4cc05a6e46c4b9b56d16a4b586f5a47f47cdb5b01,drat-trim,1.1,True,619.2,21:15:16,
1307,0,14,1,600.0,UNSAT,1.8,43864,2799679,,633541b0a1781675a2c56746510ee174624bfcac4c559ac246d56bdaac788cef,drat-trim,1.3,True,619.4,21:15:16,
1308,0,14,1,600.0,UNSAT,2.3,53753,3865836,,4596990d8cdf7f43ed462b935d87dcd2ca6b8b6e8f1af0e5c4df39de68d7a981,drat-trim,1.9,True,620.5,21:15:18,
1295,0,14,1,600.0,UNSAT,5.1,100701,7316702,,ba49ba667218bd8facbbcd172a1e534ff2893d5ddb34d22bf6060acae61e0b56,drat-trim,4.2,True,622.3,21:15:19,
1303,0,14,1,600.0,UNSAT,4.8,96286,6656131,,a4f8d380a7b9daaf2a52df9fdfd2899a80328e9064045d63d76dba13d3fd5235,drat-trim,4.0,True,623.2,21:15:20,
1312,0,14,1,600.0,UNSAT,3.7,81651,6001970,,eedcd67b4ce155dd0d24eaaaa20440e217a9a1082d1e1a81d0719495dca1af2d,drat-trim,3.0,True,624.2,21:15:21,
1316,0,14,1,600.0,UNSAT,3.4,74589,5140821,,6b8ddecd14710c167885833e3bed174bb99a121518ea0f790e2a03af78ab9c2a,drat-trim,2.8,True,625.3,21:15:22,
1320,0,14,1,600.0,UNSAT,1.8,43507,2904612,,df53e39a663b20f5c7470d02af69bb34edd32caf1bec300464b20c687ab7fe10,drat-trim,1.3,True,625.3,21:15:22,
1321,0,14,1,600.0,UNSAT,1.8,41151,2608683,,f99ba6a1d74a0bd534245413e517f8c6dd06b8f77f36c00a86b95b42c3dbf6e7,drat-trim,1.3,True,626.5,21:15:23,
1314,0,14,1,600.0,UNSAT,4.6,96393,6700588,,5029987e7204f2e4ca1fe5e92f369f4041c0a79756bf9957743d2785c0b25053,drat-trim,4.1,True,626.8,21:15:24,
1311,0,14,1,600.0,UNSAT,5.4,109239,7539356,,ecf3936e8f4c5e239356ad8340923aa8d3e8b067307cb3bb7f68c8d40becafd2,drat-trim,4.7,True,627.1,21:15:24,
1318,0,14,1,600.0,UNSAT,4.2,91305,6051169,,551ca59f34f2364c2feb033a39da6cd8bb12d621382022da56e352a7e07f8173,drat-trim,3.7,True,627.4,21:15:24,
1324,0,14,1,600.0,UNSAT,2.0,43522,2836010,,b6e281d676006bb5227376717a8d44a13866067d137d464c92c10057ba1d6de6,drat-trim,1.2,True,628.5,21:15:26,
1310,0,14,1,600.0,UNSAT,6.4,134128,9346985,,b121ccb69ce300406d7f3e463a0a75084738c1fef65ccdd68884a3a88cdc39d9,drat-trim,5.7,True,629.1,21:15:26,
1313,0,14,1,600.0,UNSAT,5.6,115205,8366107,,64ee37037d99cdd61ea29a16cc0623f3fb07e9cbb556e859dd815540e31a5fa3,drat-trim,5.4,True,629.1,21:15:26,
1325,0,14,1,600.0,UNSAT,1.9,45340,2813242,,0a28a57e33f548d8691c94db46403821663a0182aad35e16cb213510bd9273d5,drat-trim,1.3,True,629.7,21:15:27,
1302,0,14,1,600.0,UNSAT,8.1,161900,10704214,,dd604da7f40cc0f146a36b5af83a349818a3c79cacb17fe11e7184859d1248fe,drat-trim,7.5,True,629.9,21:15:27,
1287,0,14,1,600.0,UNSAT,11.5,218712,15480273,,39f498035795da5f2b2544358602571805d8c4bb5beab74c66e6007838a4484e,drat-trim,10.5,True,631.1,21:15:28,
1328,0,14,1,600.0,UNSAT,2.5,55212,3970925,,d39a8188c5c4393a1de98a8d2b15e52c5d74cad5d6888560e063007c3d9ff436,drat-trim,1.8,True,631.6,21:15:29,
1322,0,14,1,600.0,UNSAT,4.1,89384,6291263,,19798dbae0672bc9cde3a501e2c7f19525b3f3978089bf898e2b884c8ff55ba1,drat-trim,3.4,True,631.8,21:15:29,
1330,0,14,1,600.0,UNSAT,2.6,58524,4104660,,a9fcc9a413a7e02a9a7ad90d28185e4e8fa7e2c959b1d1940b05768e0847bed1,drat-trim,2.1,True,633.8,21:15:31,
1332,0,14,1,600.0,UNSAT,2.7,62801,4512728,,d91f4f0c7dd5f694c56ea4fe54eed947942171b62f779a292e342a908d005a96,drat-trim,2.1,True,634.5,21:15:32,
1336,0,14,1,600.0,UNSAT,2.2,49386,3560556,,2ca710cafa70864f146567b264515354ed0a8d171f51845f4ff6af2b0ee764fd,drat-trim,1.7,True,635.6,21:15:33,
1315,0,14,1,600.0,UNSAT,9.3,167182,12296137,,9710cf3bc35d2bcb725e4db977510345ba391c45b0a61394e1edb91790fcf265,drat-trim,8.1,True,636.1,21:15:33,
1326,0,14,1,600.0,UNSAT,5.1,105428,7424781,,61465a9445c7e2a5e647649bc16593331bbb7ce25a7ec2ed73ff5734544f7671,drat-trim,4.4,True,636.3,21:15:33,
1337,0,14,1,600.0,UNSAT,2.0,46073,3067781,,487c151d4fcb3a9d3045aefeb32792c719c5cce6b9e609b7ac99d78d488bf508,drat-trim,1.5,True,637.5,21:15:34,
1323,0,14,1,600.0,UNSAT,6.5,129332,8644851,,70e6905f629b954fd46f14b3ded33636072cc104cede9d3745acac5edee9d495,drat-trim,5.6,True,637.5,21:15:35,
1340,0,14,1,600.0,UNSAT,1.2,27725,1926253,,6e0d34d22630776bea95d68fd5bfb4cc021ccdea28ddf00792e36d27d486dc35,drat-trim,1.1,True,638.4,21:15:35,
1334,0,14,1,600.0,UNSAT,4.2,90489,6083608,,41dd3f7207f85ddcb4e37d06f13916aab5e5d1223332ee578a0e9440e251f830,drat-trim,3.4,True,638.6,21:15:36,
1327,0,14,1,600.0,UNSAT,6.5,124235,9219699,,03c0ab993f5e00aa7d2af11ca19d7f35a356b7a868f33f735f30a58f8b6dee90,drat-trim,6.1,True,639.8,21:15:37,
1344,0,14,1,600.0,UNSAT,0.9,18525,1428110,,14f8f24dd4a2cdddce507a89f6bec2225c4c9495d344147543c53d1a63eeefd6,drat-trim,0.6,True,640.0,21:15:37,
1329,0,14,1,600.0,UNSAT,6.0,117568,8471178,,6133785cae86d75c58e12b26fa74b334f2d697df832817a5794781deb7dd6a97,drat-trim,5.5,True,640.2,21:15:37,
1338,0,14,1,600.0,UNSAT,3.4,72178,5279651,,38497097e2c61d3ee38da56734d7c7341d4fe0c62d68b3bbedd5aefef45251a9,drat-trim,2.8,True,640.7,21:15:38,
1346,0,14,1,600.0,UNSAT,0.6,12493,845109,,2eebefb9bd10713a4bb2b6a717322753f87098e77c4d2d4148d803d1de407e1b,drat-trim,0.4,True,641.0,21:15:38,
1345,0,14,1,600.0,UNSAT,1.8,42334,2702512,,b9e1ce80f4aafdcc3904a537161831700127da4d830a3d34f8642979c1abe623,drat-trim,1.1,True,641.5,21:15:39,
1341,0,14,1,600.0,UNSAT,3.1,63582,4329754,,9fda0e0821580397c7cc98c12c355a54ea7b0aa2e25046281a68c1d078764cb2,drat-trim,2.1,True,641.5,21:15:39,
1347,0,14,1,600.0,UNSAT,1.1,27471,1842858,,1dd69da9f2e5d687fd4bddfa4eab5805f598e6e4664952a12c72472dbf050c16,drat-trim,0.8,True,641.9,21:15:39,
1331,0,14,1,600.0,UNSAT,6.8,123597,9658928,,dc59416f8a53470f8aa4cbdcd330522c220faaaad1f3cbaecea668cd6f6067dc,drat-trim,6.0,True,641.9,21:15:39,
1348,0,14,1,600.0,UNSAT,1.2,28956,1904982,,4a8ccddc966f55db2ce01e1580c450d63af9599fdc3d296f6491970af86aba0a,drat-trim,0.9,True,642.3,21:15:39,
1354,0,14,1,600.0,UNSAT,0.5,12397,811121,,97b66bdd6977b8facc33e7530b0ce50cd34f1e64474ec4ce33f869a73eaecfbc,drat-trim,0.4,True,642.8,21:15:40,
1349,0,14,1,600.0,UNSAT,1.3,29917,2096480,,5566728364279f0f3a3fa066908b2a09357b7dade632ff7b48ef99f0b67bb9ca,drat-trim,0.9,True,642.9,21:15:40,
1353,0,14,1,600.0,UNSAT,0.7,16753,1158262,,b257eee40787ea0a37ed2e902f3f4802a42690db91601125fdfa80d9104c6da1,drat-trim,0.5,True,643.1,21:15:40,
1355,0,14,1,600.0,UNSAT,0.6,13371,803830,,3a63e9b97e2d01574e25d90fcddeab8fc2eb1d8cd035d37c0d735fa58204dbe2,drat-trim,0.4,True,643.4,21:15:40,
1352,0,14,1,600.0,UNSAT,1.1,26304,1724193,,6201fbf577c643201609428eb468153bacf80e9c2631b039f948f484e9859f1b,drat-trim,0.7,True,643.4,21:15:40,
1342,0,14,1,600.0,UNSAT,3.5,69835,5257269,,4ec8cda3e768e183c837fce0a1415efd86fc00b20f944d093747dd24efb18b1f,drat-trim,2.4,True,643.4,21:15:40,
1339,0,14,1,600.0,UNSAT,4.6,93385,6491516,,8df6359ca40e76a9c45237dc626209c131cc42231a38d7446c8dedcad4d4e2b7,drat-trim,3.5,True,643.8,21:15:41,
1361,0,14,1,600.0,UNSAT,0.3,6599,341181,,77b1cf4feb4a160bce33d480d582d4dda311d65f95018372d90eb3b2ad7b540a,drat-trim,0.2,True,644.0,21:15:41,
1317,0,14,1,600.0,UNSAT,13.0,232602,17363328,,651a7cd616efb638b6af92172e96f11b6a0d421da3fad0591349249b0258ccc3,drat-trim,12.2,True,644.4,21:15:41,
1360,0,14,1,600.0,UNSAT,0.6,13667,927254,,9faf638ed1804b533bb86756f49cc0f7cbb8c3872bf5f158b5deff4eec2466a6,drat-trim,0.4,True,644.4,21:15:41,
1357,0,14,1,600.0,UNSAT,1.0,19329,1485994,,d38b0bc1a02be44eb4ed9091a43ab6216a2bbc9522f8ba17b826addb1ba15549,drat-trim,0.6,True,644.5,21:15:42,
1350,0,14,1,600.0,UNSAT,2.0,45491,3261814,,7e9c7013ab530fd0088e2d30cf1e60ec63cb55b5fa626c30c8910e5105e29351,drat-trim,1.6,True,644.6,21:15:42,
1356,0,14,1,600.0,UNSAT,1.1,24003,1845826,,3fdc5014419c650e42ceeb7efa87dce1a5254c4628752e13a82b4fed00a0bf14,drat-trim,0.8,True,644.7,21:15:42,
1335,0,14,1,600.0,UNSAT,7.5,135380,9873643,,1486a578e1b9c45e5da49e88c905b96e490825957e27789d7c8d8067abd981db,drat-trim,6.3,True,645.4,21:15:42,
1351,0,14,1,600.0,UNSAT,2.4,50980,3590267,,8695d914763447bc5329a2ad4c27af6751f37bd97e84321994a3188387448b6f,drat-trim,1.6,True,645.6,21:15:43,
1368,0,14,1,600.0,UNSAT,0.5,12442,761159,,5481ab875e4fd5b809fd508bb4a6c00af7cb3710e9b49e4c2807e1a69a12368a,drat-trim,0.4,True,645.6,21:15:43,
1362,0,14,1,600.0,UNSAT,1.1,27688,1834688,,67a750e665829d147cc4b854d032adc352567684acafebccecd0161ccfd312ad,drat-trim,0.8,True,645.7,21:15:43,
1364,0,14,1,600.0,UNSAT,1.0,22477,1584514,,af60687d270b4cdbbe6fd9bccd84d3392c4a57e3678c4b568b2a790014b8dbdb,drat-trim,0.7,True,646.1,21:15:43,
1369,0,14,1,600.0,UNSAT,0.3,7735,497187,,2e80274a40d0a19dca972934778cae03ec278eea8604791ba4354ce58fbb74e4,drat-trim,0.3,True,646.2,21:15:43,
1333,0,14,1,600.0,UNSAT,8.5,156303,11379662,,b69ae3c40ec80bfe46c61e8657f31c6d4608b948287d9e16d6bfb55925ac51ee,drat-trim,7.9,True,646.3,21:15:43,
1343,0,14,1,600.0,UNSAT,5.1,96310,6821419,,eb0fcc62306e901eccda7c60966f9d47bc15993e380215d6a0d7793a5c5900b1,drat-trim,3.8,True,646.4,21:15:43,
1363,0,14,1,600.0,UNSAT,1.5,37217,2379049,,2b2b29ec87826edfa940cd89b727c98b1fc1d3992f6b3515d6228227ed65718f,drat-trim,0.8,True,646.4,21:15:43,
1366,0,14,1,600.0,UNSAT,1.1,26734,1846351,,262c846de2ab9c59d31a1f1317cc2ce68394fc1e7b24d5121c127f5bad0e87bd,drat-trim,0.8,True,646.5,21:15:44,
1358,0,14,1,600.0,UNSAT,2.2,49577,3421168,,95f4049df97a070120eccd1aec33e77de239cd4fe7371cfbf2cb76e51b65ce81,drat-trim,1.4,True,646.7,21:15:44,
1359,0,14,1,600.0,UNSAT,2.0,47251,3101987,,023663c7a776c0855462447d9ba7ff3b6e1b506a25f1636e3949d13986a85bea,drat-trim,1.4,True,646.7,21:15:44,
1319,0,14,1,600.0,UNSAT,13.5,240698,18316747,,3ab93bc340a93ae03a3c818146a133a77b88e4ddf5ecbd9b8fd2b4b6bdca1d98,drat-trim,12.8,True,646.9,21:15:44,
1365,0,14,1,600.0,UNSAT,1.5,36769,2503418,,16362f2776663a8fa75747982150b6c9da0a2414dab399a88496da34dd28a4f4,drat-trim,1.0,True,647.0,21:15:44,
1367,0,14,1,600.0,UNSAT,1.5,32153,2337838,,6de4dcb6b231eb2fb12ac71de8f2559aa6747b8b4c495e63a31f650dbdce18f0,drat-trim,1.0,True,647.1,21:15:44,
1371,0,14,1,600.0,UNSAT,1.0,23811,1616250,,ebae3a4bcf03bf43236236b18369f820a2dd966ae757732fee72f28e33974f35,drat-trim,0.6,True,647.2,21:15:44,
1377,0,14,1,600.0,UNSAT,0.5,11035,664171,,ca50fabbb8b0299bc917b0971ee7b3178ad496eb6bf65ad3708cf9b0ec576738,drat-trim,0.3,True,647.2,21:15:44,
1376,0,14,1,600.0,UNSAT,0.6,13182,842706,,fef683e2537901d9ef8e0cf88b530d8095ea612b0da685ecdcb7215e9cf3f469,drat-trim,0.4,True,647.3,21:15:44,
1372,0,14,1,600.0,UNSAT,1.2,25571,1797090,,9d87625c9e96c6f069ee74d7f38ca885ad3576ec9d660bf021718e983740b225,drat-trim,0.8,True,647.6,21:15:45,
1370,0,14,1,600.0,UNSAT,1.5,35042,2367367,,597c50b37d344c063870c6740625292d937bdfbfb64e21a0d0e55a3fe44cc7e3,drat-trim,0.9,True,648.0,21:15:45,
1385,0,14,1,600.0,UNSAT,0.5,11256,703736,,458122e5c73c5ebe581b3f4f0e055d8b4dc83e2fc91748de0beefec4d94cbbfb,drat-trim,0.4,True,648.1,21:15:45,
1374,0,14,1,600.0,UNSAT,1.2,27712,1983446,,bce2846b036ff58b43ff8706171f984b0c272cdc7c5848b156a0428f10eb5600,drat-trim,0.8,True,648.2,21:15:45,
1378,0,14,1,600.0,UNSAT,1.1,26732,1728249,,9d412c7955bb491f6e87d7e2340e611d7dfefdab141ebd4ee19974050d4ba219,drat-trim,0.7,True,648.3,21:15:45,
1384,0,14,1,600.0,UNSAT,0.8,17447,1324761,,ccde6a45435fea05fe0b6410b2700ca757e9e5dabcc34bda4c1fe8f24f8bc981,drat-trim,0.5,True,648.4,21:15:45,
1380,0,14,1,600.0,UNSAT,1.1,25233,1809319,,124808a924bdc1db2c2aea17a72f5c865ea48b53e811bd05fa1ff97c46876875,drat-trim,0.7,True,648.5,21:15:46,
1379,0,14,1,600.0,UNSAT,1.2,26840,1937324,,3aa45378d2f083f9b60df18c52775c642aa355cb74f4e054661c01b637b81a79,drat-trim,0.8,True,648.6,21:15:46,
1373,0,14,1,600.0,UNSAT,1.6,38776,2673389,,2c23034d8d669e41fa735a0bd5d95c4ded951e8244f3a075b668180c44f40299,drat-trim,1.0,True,648.7,21:15:46,
1375,0,14,1,600.0,UNSAT,1.6,35398,2557368,,189c31293cdde58e110c6271e4419f519af5a2850e7bf5a415cb4b6f2a145fb5,drat-trim,1.0,True,648.9,21:15:46,
1381,0,14,1,600.0,UNSAT,1.4,31553,2402622,,6491e70cdfea1a9e0da45975bca30d28c685062f6b9b22e324c2abf9633915fe,drat-trim,0.9,True,649.2,21:15:46,
1387,0,14,1,600.0,UNSAT,1.0,25884,1676981,,f110df31bead7f70a6edb745412dfcfd4f49d4da4302976dc3732bbd000879e4,drat-trim,0.7,True,649.4,21:15:46,
1393,0,14,1,600.0,UNSAT,0.6,12257,864538,,8859aede97cbeda6534c317e8bac8ee1c32349f43d5a09e3d62468cd31365644,drat-trim,0.4,True,649.5,21:15:47,
1392,0,14,1,600.0,UNSAT,0.8,15511,1237515,,643590e9b60f0c8e518527c8e2cafb12ce6b24ecd14fc37bbeb2f6f79ccb6fb9,drat-trim,0.5,True,649.7,21:15:47,
1386,0,14,1,600.0,UNSAT,1.5,36243,2404400,,c10ea11828841a3542f91a0a3a9c5dec5033eb665c10e4999327027a18d9394c,drat-trim,1.0,True,649.8,21:15:47,
1389,0,14,1,600.0,UNSAT,1.2,29063,1918732,,8c5926d547b0f2007e6bd2420ec99deeca3a325ff6977f0ead8745c8f1fbd94b,drat-trim,0.9,True,650.2,21:15:47,
1401,0,14,1,600.0,UNSAT,0.4,7875,436006,,2e5bf4baf4c1bc8b906557ba9342c2db869f3f920830fa9902d51ff41587fd37,drat-trim,0.2,True,650.4,21:15:47,
1400,0,14,1,600.0,UNSAT,0.5,10612,691994,,9b9f42a31f9742d883fd20b6f1dc8df414e5a228b4470973296554c5c07eb7f5,drat-trim,0.4,True,650.6,21:15:48,
1388,0,14,1,600.0,UNSAT,1.8,41500,2904850,,1c029682b571cec5be26fcf30fc81541c410e9b8c8f02a857d93ce4bcee755bf,drat-trim,1.3,True,651.1,21:15:48,
1394,0,14,1,600.0,UNSAT,1.6,38972,2579651,,7c17df237f389093abd4b1390d5284145656ede9656c8bae2b9dd26f491a24d4,drat-trim,1.1,True,651.3,21:15:48,
1396,0,14,1,600.0,UNSAT,1.6,33402,2620777,,f6c965b593211368d88763e0cd461dbb15e0f69da1be665b5dbfcbabecfea273,drat-trim,1.0,True,651.5,21:15:49,
1402,0,14,1,600.0,UNSAT,1.2,29478,2138301,,486eb3eeec44514e39268b8f33fcacc29ba2aa12a74584ae71aa1d3e6ee8b94f,drat-trim,0.7,True,652.2,21:15:49,
1403,0,14,1,600.0,UNSAT,1.2,26034,1779033,,d245d6c140f7a0462cb69644e195ee64f9e6a8ef4caa2ed5444ad4f84e29f022,drat-trim,0.7,True,652.3,21:15:49,
1404,0,14,1,600.0,UNSAT,1.1,24415,1785727,,54300d58d70d153f5c728a9e95a55673af3456aa9782920a9d2a3b943bf5d42f,drat-trim,0.7,True,652.5,21:15:49,
1395,0,14,1,600.0,UNSAT,2.3,53385,3303914,,334da57cdf36c93afec86eadef28b459b8a57fcae2ff00ede633c4b0b484ea9e,drat-trim,1.6,True,652.5,21:15:50,
1408,0,14,1,600.0,UNSAT,0.3,5986,399433,,00f756ee100aaa1b0b5f78a21e38987850dfd2ede2d06f7bf049c9ce0edc04d6,drat-trim,0.2,True,652.7,21:15:50,
1397,0,14,1,600.0,UNSAT,2.4,53550,3630224,,8c147b9b4928904d97e903339f500dbe0594fb0f8c6756e5eb7a77dc19c82311,drat-trim,1.6,True,653.3,21:15:50,
1409,0,14,1,600.0,UNSAT,0.7,13266,837347,,6085d2b80b819a0be82c37250ebc4204c99df55e4254fc8bfb2f9b3ae1d1eab3,drat-trim,0.4,True,653.4,21:15:50,
1412,0,14,1,600.0,UNSAT,0.5,11714,846550,,5b6b4db36a9f1ef464576bf5b1578c90aa396ae8c0f95dadba74da4a6124e96e,drat-trim,0.4,True,653.6,21:15:51,
1410,0,14,1,600.0,UNSAT,1.1,26583,1713039,,98c1e4dc8931c91ff97d554a1ff36db84cebc457f6297a87729673505f269709,drat-trim,0.7,True,654.2,21:15:51,
1411,0,14,1,600.0,UNSAT,1.1,25901,1688141,,5f7a58b194e21b5e4d310a2de9ac52740bf286bc5e0bc38ed3955381a12c2911,drat-trim,0.7,True,654.4,21:15:51,
1405,0,14,1,600.0,UNSAT,1.9,43508,2872128,,83ff81dc7102a2f16dd8910ab064135f1ed6f28c868732c3f87ae708db028458,drat-trim,1.3,True,654.4,21:15:51,
1413,0,14,1,600.0,UNSAT,0.9,19514,1582839,,081ad399b6f98e277cc5d5ec95036694856f7e2edf8c86fe266a8738431a6cea,drat-trim,0.6,True,654.8,21:15:52,
1414,0,14,1,600.0,UNSAT,0.9,18890,1472666,,d4e0111ee32ab89a1b60a5833000955409cea9eb6a5b722cba3dcf74f7533a13,drat-trim,0.6,True,654.9,21:15:52,
1415,0,14,1,600.0,UNSAT,0.8,17747,1409437,,4b113f8d49af03ce1cddd63c98f12bfeff2533117a02ea4d0dfac15064d459de,drat-trim,0.6,True,655.0,21:15:52,
1382,0,14,1,600.0,UNSAT,4.7,95228,6571327,,a8e40a58443bfe9fa9b1a53456de090c5a09ca312f559b084e6db0b9ccfd040d,drat-trim,3.5,True,655.1,21:15:52,
1416,0,14,1,600.0,UNSAT,0.6,13385,798352,,1b1302257ef41b33244608d75593fbc6493543267e0efb611d83c6080b720875,drat-trim,0.4,True,655.3,21:15:52,
1417,0,14,1,600.0,UNSAT,0.6,12740,921724,,013ea21ed287791f19db0814d5b67e36f9391e49612f3294b5b8400494280576,drat-trim,0.4,True,655.4,21:15:52,
1391,0,14,1,600.0,UNSAT,4.5,95629,6637499,,76719d59be8e9a3d073740de0f6201f2d73671bb5be2f71586f9035fb6a93c5d,drat-trim,3.3,True,656.1,21:15:53,
1418,0,14,1,600.0,UNSAT,1.0,24116,1672193,,d155407a201f2a4ba2a908cbc068050dfc31651614c989cd54b53e2654048f90,drat-trim,0.7,True,656.1,21:15:53,
1420,0,14,1,600.0,UNSAT,1.0,19154,1521766,,e683d695fc08fd5bbdfa95f27430ba3f38354e8d11da7ad071bb103ede7ef7e0,drat-trim,0.7,True,656.6,21:15:54,
1422,0,14,1,600.0,UNSAT,0.8,18409,1531207,,bfbc1dd3118da6b2e8c4f1ba1dd9404faf69f30de10926d616a0609ae8d4535a,drat-trim,0.7,True,656.7,21:15:54,
1421,0,14,1,600.0,UNSAT,1.1,24421,1821607,,9d93a3bd8e71467d830aa20e757aaec4d81e9a257bef12d689658f8a30ad0f29,drat-trim,0.7,True,656.9,21:15:54,
1423,0,14,1,600.0,UNSAT,1.0,20813,1610797,,9485b9da8b8e4d32ee1cb186258d2bf0bc5d178ff21cb3b87b3bbf2a18e1b13a,drat-trim,0.7,True,656.9,21:15:54,
1419,0,14,1,600.0,UNSAT,1.3,29823,2013297,,a5c9ed548e08679f21031c55ea06fe36d3cb6820aece35ce206bc6a5096d5f99,drat-trim,0.9,True,657.0,21:15:54,
1426,0,14,1,600.0,UNSAT,0.6,12060,814825,,52bf7edd708747e2df3f0042e743fd2aaa090e940e6e474ebab182fc0b9bf6cf,drat-trim,0.4,True,657.1,21:15:54,
1424,0,14,1,600.0,UNSAT,1.1,26618,1669079,,abe7760838b94a0822891752666dbdc4e1b9297c8dc5bde702d3e14891cad334,drat-trim,0.7,True,657.2,21:15:54,
1407,0,14,1,600.0,UNSAT,3.4,75244,5260346,,4f9970f74856e47328ac7589d9a220ece63ed9fe84f751448e830d7fcc879886,drat-trim,2.5,True,657.4,21:15:54,
1383,0,14,1,600.0,UNSAT,5.9,121040,8149557,,c24ff4274d6ba9d45ec11ddc96c952491fdebc11912bff9d716630a0f84e42ff,drat-trim,4.6,True,657.6,21:15:55,
1425,0,14,1,600.0,UNSAT,1.0,26969,1786547,,c96910aedc41922abed2c8a74878af94defa0a9e534a61be1f518cb2d022985c,drat-trim,0.7,True,657.8,21:15:55,
1427,0,14,1,600.0,UNSAT,0.8,17256,1242933,,70f76e19d5f8996fab12c9613e7df73fc75f0687d71515e363a64a0da1532254,drat-trim,0.5,True,658.0,21:15:55,
1428,0,14,1,600.0,UNSAT,0.8,17275,1324379,,b7a293dcb02345ee1d9002f30e6605b58ab1d95db8ac63a0ad9f2e69ec2cfac5,drat-trim,0.5,True,658.0,21:15:55,
1429,0,14,1,600.0,UNSAT,0.7,14898,1202073,,4dd7413c200e2237ad3963d9b104c3755660b14ed978ea74f341109c6b5dad7b,drat-trim,0.5,True,658.1,21:15:55,
1434,0,14,1,600.0,UNSAT,0.5,10876,669545,,f8daa038b18e115ba5b2fdb21ca9c430474ba72ca281a05ac2d714d2dc9a8e42,drat-trim,0.4,True,658.3,21:15:55,
1390,0,14,1,600.0,UNSAT,5.6,118662,8013446,,c69cc4df0b5548ebecfb9ee05012054404eab434350e3eb43da0ee82173349ed,drat-trim,4.4,True,658.3,21:15:55,
1435,0,14,1,600.0,UNSAT,0.6,12303,911057,,1716bcca191c836a16d41a9c9c355e2fc317ec8c00d1308799c194b4a355afc9,drat-trim,0.4,True,658.6,21:15:56,
1432,0,14,1,600.0,UNSAT,0.9,18668,1367123,,38bf0bfcd139db76172803cecfa5c665f29994e101f2044af55adc625ea10412,drat-trim,0.5,True,658.6,21:15:56,
1398,0,14,1,600.0,UNSAT,5.1,107841,7673592,,d4a9228f0c027b22c4806ccdc2295a68fc72e7ae4edc806a8d63334d2efc33fd,drat-trim,4.1,True,658.6,21:15:56,
1433,0,14,1,600.0,UNSAT,1.0,22552,1491230,,6b114fa4c54ad8766dafbfb0732d3536a08a3d1424df9445e41204a617509eae,drat-trim,0.6,True,658.7,21:15:56,
1440,0,14,1,600.0,UNSAT,0.3,6149,357635,,39068a1c871c9f4e29eaafe64c81ae3e55a291d92abef53f30ac5c4592041c34,drat-trim,0.2,True,658.8,21:15:56,
1436,0,14,1,600.0,UNSAT,0.6,13867,921458,,4ff7c33c9e4115dfc04f30e322c411d1d8a2c06ead8fb96145f47fd3fa826b11,drat-trim,0.5,True,658.9,21:15:56,
1430,0,14,1,600.0,UNSAT,1.2,28004,1979777,,420a0b58db5c3450c5d666d40241662f7b4cc3dbb51d98ec8f3c4f2aad55d2ee,drat-trim,0.8,True,659.0,21:15:56,
1437,0,14,1,600.0,UNSAT,0.6,12678,819367,,81e10291aac9f62fa4cf89d0d7781c34e647ff09883c21d9c58838858f05bf4c,drat-trim,0.5,True,659.0,21:15:56,
1448,0,14,1,600.0,UNSAT,0.3,7474,413478,,2e63a51c26f1adc584719251917fcb4def865bd651830b01be82453a2522b0e6,drat-trim,0.2,True,659.5,21:15:56,
1431,0,14,1,600.0,UNSAT,1.7,41373,2739851,,7a830a71a86df9516193692f8cd525cf5577db044d7316ecd9241dee26747fcd,drat-trim,1.1,True,659.8,21:15:57,
1441,0,14,1,600.0,UNSAT,0.9,20982,1524402,,bf9beed40fc46e9a98c393ad4f6ad5ee102f86de8502d9a1938662674a318326,drat-trim,0.6,True,659.8,21:15:57,
1444,0,14,1,600.0,UNSAT,0.8,16488,1260294,,e8e76fae470d997d69f17de29d080ba92ccc9cc9c3cf99e19cc4085e8ea7bd4b,drat-trim,0.6,True,659.9,21:15:57,
1438,0,14,1,600.0,UNSAT,1.2,29790,2052482,,c73caeace8c03deb4a3e5793aafa72efa05f61253522d192a44cd92208136d90,drat-trim,0.8,True,660.0,21:15:57,
1439,0,14,1,600.0,UNSAT,1.2,29063,1962721,,27e86c8ef631cc61cba00efe9b54cafd917cf7109a591372a67a99bbd590ab92,drat-trim,0.8,True,660.1,21:15:57,
1445,0,14,1,600.0,UNSAT,0.8,17946,1406093,,f7e8edd8df30081369ab93c3a8290ea40c2c578078c9633f0b696aa16515520f,drat-trim,0.6,True,660.1,21:15:57,
1399,0,14,1,600.0,UNSAT,6.0,123660,9098243,,47a174f571cdcfc7921341684d1db1f292ce9dad931aefe1c85e0ee339d9da97,drat-trim,4.7,True,660.1,21:15:57,
1446,0,14,1,600.0,UNSAT,1.1,26179,1734516,,7de34007c941987d436b89f28aee58b53dac84b8b78cdd828a81661679245003,drat-trim,0.8,True,660.6,21:15:58,
1449,0,14,1,600.0,UNSAT,1.0,20533,1593388,,3507659c8800c56843ac23fcbf1f26fd870789a9076fef7c3987e60bd637a043,drat-trim,0.6,True,660.6,21:15:58,
1447,0,14,1,600.0,UNSAT,1.1,25782,1705572,,1c70166e022821a7f80d6571fc14c88f2ecd29322c921800875e91b6dcecefbf,drat-trim,0.8,True,660.8,21:15:58,
1443,0,14,1,600.0,UNSAT,1.5,36187,2373855,,7f253c118c6651cc5b39e142b5ee6191068ccb41072015dface8c71667fd65a5,drat-trim,0.8,True,660.9,21:15:58,
1442,0,14,1,600.0,UNSAT,1.6,36933,2435544,,0d96d104c1fd7ff29e7f70d865edfe2e4ab2e04fe2a9fcd80de5281298c48379,drat-trim,1.1,True,661.2,21:15:58,
1456,0,14,1,600.0,UNSAT,0.8,19837,1405884,,a95a03f87cdac7c674585ea6907c696d86680a146c49bf6a3c65e35966500064,drat-trim,0.5,True,661.5,21:15:59,
1452,0,14,1,600.0,UNSAT,1.0,25735,1761495,,e7bdda0f61cab40eb60336e677b530e89bdf697a57476cdeef47aa23b4c6924d,drat-trim,0.7,True,661.6,21:15:59,
1458,0,14,1,600.0,UNSAT,0.6,13236,753863,,b8c6d5d53409ab1f803089b5381498b32c953a069a9137896c3d912625e7dfa0,drat-trim,0.4,True,661.6,21:15:59,
1450,0,14,1,600.0,UNSAT,1.5,36790,2353489,,03177706c089dc9f10b032ac33cd12643910a22bc79088c3f9bbe345b4be5eeb,drat-trim,0.9,True,661.9,21:15:59,
1457,0,14,1,600.0,UNSAT,1.1,28272,1948847,,c8178056ffad4e4060df2c433f9762ef7f16ce10c7497cbc8d367e2a7f6e5575,drat-trim,0.8,True,662.1,21:15:59,
1453,0,14,1,600.0,UNSAT,1.3,27679,1949091,,32c7bcd4c8c1a94bb4cb2e2254772e10bd1c3eb9b122c7d835902bca0296b25a,drat-trim,0.8,True,662.1,21:15:59,
1455,0,14,1,600.0,UNSAT,1.2,25025,1795788,,54a175d1d86705b352e4a83988844bac4ada370ddb7e8dff34983bb666bc9d42,drat-trim,0.8,True,662.1,21:15:59,
1451,0,14,1,600.0,UNSAT,1.5,34804,2277242,,8fb286e770d1202e779400b313ca522ea9627ce0ae1fc9f74b09570aa02ba142,drat-trim,1.0,True,662.2,21:15:59,
1406,0,14,1,600.0,UNSAT,6.4,127716,8672555,,c000612a0f68620cd7c88f183aaf4ebdeaed5205d1b14477dd388953dd5be2ef,drat-trim,4.6,True,662.3,21:15:59,
1454,0,14,1,600.0,UNSAT,1.4,30032,2110445,,1df29b5a8fce9e89b4a8728a72507d5057e56c47e1460250598855ccc9f4cd1a,drat-trim,1.0,True,662.3,21:15:59,
1459,0,14,1,600.0,UNSAT,1.1,23253,1624468,,a6b2627fe55f8b2e3145a8618b1dc7e6e1a8c55960b18c4da512daa2fe082d6c,drat-trim,0.7,True,662.4,21:15:59,
1460,0,14,1,600.0,UNSAT,1.0,22874,1621255,,47719acb533c7fd266a70c28ed42e8953aa8f3a965f5cc47ad0809b7616d9e90,drat-trim,0.7,True,662.5,21:16:00,
1461,0,14,1,600.0,UNSAT,1.1,22804,1652424,,03770147891745a1c69b7ee8c58ccbed24ff86463653eac5805ae2df5de071fc,drat-trim,0.8,True,662.9,21:16:00,
1465,0,14,1,600.0,UNSAT,1.1,22809,1566800,,cdd64fef26342f62f79763f30a620d26853f2cb7443fc98c70ccc93bfbad7902,drat-trim,0.7,True,663.4,21:16:00,
1466,0,14,1,600.0,UNSAT,0.8,14917,1129963,,039247cdb367d9722d9aff43fa69c6060a46e4fd7397bfdd872f189de757a1c7,drat-trim,0.6,True,663.5,21:16:01,
1468,0,14,1,600.0,UNSAT,0.8,16922,1319098,,a1f0ba0338afe3c4e3dab8fb5b791cf645664717a7b2971637ea134282e708e0,drat-trim,0.6,True,663.5,21:16:01,
1469,0,14,1,600.0,UNSAT,0.9,16695,1227673,,612a96456f172850fbf545225dd7109cbdb0952cce4ae3a898426efed18f85e3,drat-trim,0.6,True,663.6,21:16:01,
1467,0,14,1,600.0,UNSAT,1.0,20925,1513359,,a39b678d1ad44d80b3f7db9c2b295bfda1d85c429ba4f5d27959331163615d39,drat-trim,0.6,True,663.7,21:16:01,
1464,0,14,1,600.0,UNSAT,1.6,33481,2287981,,2d8b7c4e2f1d1807ec46ae32c055987b56a5558eec961d69dc27c267983102cb,drat-trim,0.9,True,664.0,21:16:01,
1462,0,14,1,600.0,UNSAT,1.7,37551,2490248,,e3f66f5d64452dcfab272647a1e6e5dd934844345c9881fe727e5d6e182f9a1c,drat-trim,1.1,True,664.0,21:16:01,
1463,0,14,1,600.0,UNSAT,1.5,31682,2488191,,db4a5b60565f2cf40025cc2e313f6280accdd7a43c5346c45f5423678c32ee4e,drat-trim,1.1,True,664.1,21:16:01,
1470,0,14,1,600.0,UNSAT,1.4,29739,2151028,,35688eff21190782b2c4d7177ad204200e888d43127679d8e935d28b1bddebb3,drat-trim,0.8,True,664.4,21:16:01,
1471,0,14,1,600.0,UNSAT,1.4,31110,2198355,,3b007297d4ffea9f50a3098a315e4520456096a4e70b6d085fc63fd0ac684435,drat-trim,0.9,True,664.5,21:16:02,
1476,0,14,1,600.0,UNSAT,0.6,13928,830867,,a097ef42f254fd7bed66c1ede3c30c25fb0aaec063ae5fe03a0e3a8b432c0fd1,drat-trim,0.5,True,664.5,21:16:02,
1474,0,14,1,600.0,UNSAT,1.6,35833,2366668,,fa9f3478109525d293dd9bfe5ab08a253717e664333b1e73e820915f73ea43f2,drat-trim,1.1,True,665.2,21:16:02,
1472,0,14,1,600.0,UNSAT,1.9,41362,2810208,,01b68fa31062f50050e2f640f83c75588326c10b8c2093ab99ef4b3eb6a86963,drat-trim,1.1,True,665.3,21:16:02,
1480,0,14,1,600.0,UNSAT,1.2,28631,1912298,,af996beb23bac3995e8eb930b44e637649b983d028befb186ab3199d884d77f9,drat-trim,0.6,True,665.6,21:16:03,
1477,0,14,1,600.0,UNSAT,1.3,30373,2239246,,f210ef4c0464422bb4c7557cbcda2bfc959e129a3cd11ab8497dc41f45f3a1d4,drat-trim,0.9,True,665.7,21:16:03,
1475,0,14,1,600.0,UNSAT,2.3,52612,3557844,,f0f3d76a4ad75d3030a80c320f43f63dcfdfc555d5c805c54f50c8b04124df32,drat-trim,1.5,True,666.6,21:16:04,
1481,0,14,1,600.0,UNSAT,1.6,41033,2630519,,2f17894efa77bd4168d4721188f8c3fceb4774ce3f192a03f243b7ffaeb5baf5,drat-trim,1.1,True,666.7,21:16:04,
1485,0,14,1,600.0,UNSAT,1.5,38412,2665583,,fdf12f964d43de369c2b8ef680ed99dfa60558ec54507ab0742e664974a3cb7b,drat-trim,0.8,True,666.8,21:16:04,
1484,0,14,1,600.0,UNSAT,1.8,44873,2929722,,d43334482f17f1569773bbdd3646eaa42ce8559db701e0f5cd03b21f9b613fad,drat-trim,1.2,True,667.4,21:16:04,
1473,0,14,1,600.0,UNSAT,3.0,64537,4387519,,2131d30440cabb34bd4e752ae30e12d8e39c5b30790ec28d5051271fd44202a5,drat-trim,2.0,True,667.6,21:16:05,
1492,0,14,1,600.0,UNSAT,1.6,38887,2664770,,a0a49d0cd107fd5c8fe447cf935c3c7fd85150b82c28d43d5cdcfd0d5b14d48e,drat-trim,1.0,True,669.4,21:16:06,
1479,0,14,1,600.0,UNSAT,3.4,80375,5486987,,d8dd3111f33f2031f0f15f7f561c75fab95641e54f12df66131d5fc6a88ec2e5,drat-trim,2.4,True,669.4,21:16:06,
1488,0,14,1,600.0,UNSAT,2.7,65616,4349221,,bdccbf749c513e1642acf703c918f80dcf0c18336fbef5178af27c3672b546f0,drat-trim,2.0,True,670.0,21:16:07,
1490,0,14,1,600.0,UNSAT,2.9,66745,4354629,,239c6fbde17214041ecfe67384b147fee7a17675f57c8996ffdd043aea5083bd,drat-trim,2.1,True,670.7,21:16:08,
1483,0,14,1,600.0,UNSAT,4.0,89926,6130050,,0b8e6f7bbdc5ecd63603858004356143b70da53c79acc78efca1914003954a78,drat-trim,3.2,True,671.3,21:16:08,
1487,0,14,1,600.0,UNSAT,3.8,87371,5874936,,54774d94643ee308121b37ebd837cb2bde081d3134a31a2275556e45dbe0d0f0,drat-trim,2.8,True,671.8,21:16:09,
1494,0,14,1,600.0,UNSAT,2.7,61164,4225390,,7e78fb97f4f840f58f757f2126a20ff74d636cd506573ae98fba6b4cc84b72f3,drat-trim,2.0,True,672.3,21:16:09,
1500,0,14,1,600.0,UNSAT,1.1,27892,1803560,,5e501c980a97b208bc4a882d370ee97904464f88cef5aba307d83ae73d84135d,drat-trim,0.9,True,673.3,21:16:10,
1496,0,14,1,600.0,UNSAT,2.9,65072,4444379,,fc9df85d86e902822a0b1db3fd1b901dadc19b666940f14a74fb289d3a0bdce1,drat-trim,2.1,True,674.3,21:16:11,
1482,0,14,1,600.0,UNSAT,5.7,121281,8412508,,26a83d4fa4e54490bfc5c7a700860c933ff85c034f3a5337f4b7325f6d13e1b6,drat-trim,4.9,True,674.6,21:16:12,
1486,0,14,1,600.0,UNSAT,5.6,122117,8510578,,ea27f72f517e23f44872af821f8ecdda3380d65bf0cee3179ad0ccc499fd1424,drat-trim,4.7,True,674.9,21:16:12,
1498,0,14,1,600.0,UNSAT,2.9,65694,4432509,,aa24d6c9c690213949430c0a6cbd23ffb9365c2e0e31705994cd8a24190ef005,drat-trim,2.3,True,675.2,21:16:12,
1478,0,14,1,600.0,UNSAT,6.4,129791,8718980,,3fd1d8dcbd9132c3bfef5999cf8a32eca4a539df1038aa67f6df34a9d48bfbfc,drat-trim,5.8,True,675.8,21:16:13,
1508,0,14,1,600.0,UNSAT,0.7,16648,1248743,,16554b4942f00362b856b06fe325ba9de9d9b70286e7080b617bf30b0e2fd4e8,drat-trim,0.4,True,676.9,21:16:14,
1489,0,14,1,600.0,UNSAT,6.4,124151,9316343,,06874d8f8a4410edc94e093555f75d39e0212729bd9b713c35d6413406589cec,drat-trim,5.4,True,677.5,21:16:15,
1502,0,14,1,600.0,UNSAT,3.0,67205,4407067,,510190a1393394b63bc2cf9aca1028eb4e938b36bece511c136f099c6a4d7483,drat-trim,2.2,True,677.5,21:16:15,
1504,0,14,1,600.0,UNSAT,2.1,49052,3446738,,8e84e6c8f63d5685de112d186cee07ff9b693409b4832a7f34457cbecc755bd1,drat-trim,1.6,True,678.1,21:16:15,
1505,0,14,1,600.0,UNSAT,2.0,48395,3184359,,9d99e937352a0182c80d0a1d2f2d615fda2409b368a0a1ec50e7ce64ae37db58,drat-trim,1.5,True,678.1,21:16:15,
1509,0,14,1,600.0,UNSAT,1.1,25771,1893378,,d66b5caba165a0a482fe118589909cbd0ee354e35739c1f09ea563ef1f809d96,drat-trim,0.7,True,678.7,21:16:16,
1493,0,14,1,600.0,UNSAT,6.7,141757,9535811,,a67d50550c6ff4a27ba1c465b8f4164c59cf93ebbcdb8ed369fd2501cdf4a01d,drat-trim,5.3,True,678.9,21:16:16,
1495,0,14,1,600.0,UNSAT,6.5,131186,9578444,,d47e55b68f90260abb83c8722c578f297e825486c9c14cfacde64499697cf8fe,drat-trim,5.3,True,679.3,21:16:16,
1491,0,14,1,600.0,UNSAT,6.9,132530,9572244,,42668950ee0ea6a00c002ad90f64fa79edac110d7a86eb7f22e5475ae4625817,drat-trim,5.8,True,679.4,21:16:16,
1512,0,14,1,600.0,UNSAT,0.9,18252,1505188,,ca04cb4f88e56f84881fe68c233e0fc41ef37cbf29737106ab58d778a19047e7,drat-trim,0.5,True,679.5,21:16:17,
1501,0,14,1,600.0,UNSAT,4.2,92508,6600644,,9bc017b081e4c619c9ea80fcd712b43e568ec2db2ee2cc4481c48f680098f742,drat-trim,3.6,True,679.6,21:16:17,
1513,0,14,1,600.0,UNSAT,1.0,21919,1555144,,f49e3e5cc092cec8af105fb8b0a0fad3ce6d74f3a7b8467bebb179bd2cd13ada,drat-trim,0.7,True,679.8,21:16:17,
1506,0,14,1,600.0,UNSAT,2.8,62626,4241159,,8a2cc795da5c43097fe3c97bdd04647322f4ada7e1b8cdcc7649a4f50e505a89,drat-trim,2.1,True,679.8,21:16:17,
1516,0,14,1,600.0,UNSAT,0.6,12611,1013231,,298384f1e2b486d1b17846262b66e6f640a351ac70b013ef0c45a1ff8018ee8c,drat-trim,0.4,True,680.4,21:16:17,
1522,0,14,1,600.0,UNSAT,1.1,26800,1945810,,7f5d5e9f7d7b75ba28165313d6ccf3fbd420bbc2704278db69d615683d4a79b1,drat-trim,0.8,True,682.3,21:16:19,
1517,0,14,1,600.0,UNSAT,2.5,59308,3941424,,cb6157839de660ca2763569841cd73f54e2c67918b79ef198b4cb75db24b6be8,drat-trim,1.8,True,683.7,21:16:21,
1503,0,14,1,600.0,UNSAT,6.4,125033,9594660,,cf33f183650104768587764b1fbfb36dc66d7c7c958b482c1e5e96fb8f57545d,drat-trim,5.5,True,685.4,21:16:22,
1507,0,14,1,600.0,UNSAT,5.4,118627,8163057,,a9165c30db7c7ae248c92269b775cb16e4737f9fab8d8decf826c2d84e0e80e3,drat-trim,4.9,True,685.6,21:16:23,
1520,0,14,1,600.0,UNSAT,3.5,72000,5251666,,0a9980fd37af078d25fffe52b2262830cbd40e5285ee788fe193c24422d9931b,drat-trim,2.7,True,686.0,21:16:23,
1524,0,14,1,600.0,UNSAT,1.6,36145,2637094,,ea3f62aa8323f816db2c63822452b7a1dcf5c5ed623011a19593ecc10be6408f,drat-trim,0.8,True,686.0,21:16:23,
1499,0,14,1,600.0,UNSAT,8.3,165745,11390516,,61d3203c31910aa167c0e79c1f0a05f4da3d2186e00591e9da34256d2ee77017,drat-trim,7.1,True,686.2,21:16:23,
1514,0,14,1,600.0,UNSAT,4.1,89247,5991313,,d16c75c4553746e1a5e3fa35248d4c3e0fd9e4a28cc4a390135d75800fe18bb9,drat-trim,3.5,True,686.4,21:16:23,
1497,0,14,1,600.0,UNSAT,9.1,164984,11954880,,2c54e8488a9ff1a409677d73cf1c19a3e9c6c5dd2c42f12f3aa1fb8ea45e58ac,drat-trim,8.4,True,686.9,21:16:24,
1515,0,14,1,600.0,UNSAT,4.3,92878,6280496,,a6c8ff30a73ca340ebefd04091e6a812b64bef0ba86004891bb70021a0ff6db5,drat-trim,3.9,True,687.1,21:16:24,
1518,0,14,1,600.0,UNSAT,4.1,87401,6087067,,5427ef9c17929b2f6e2c9bf652a08bbf08d3dd1b6d97ac67ad8d4f8d2a12ab22,drat-trim,3.7,True,687.3,21:16:24,
1519,0,14,1,600.0,UNSAT,4.4,91076,6181947,,0b9632e56681bc6e21aa8a1606e2bec08c2ffd921295e8936feaaf633a101611,drat-trim,3.5,True,687.5,21:16:25,
1511,0,14,1,600.0,UNSAT,5.8,122994,8248495,,fff6820c0f50ea118b215e7a845821f3677834f14ad1db117ef192fcab994a46,drat-trim,5.1,True,688.5,21:16:26,
1510,0,14,1,600.0,UNSAT,6.0,127266,8770418,,0e2c1662090bd78dc76d00257935a824a2077320a977e0706dbd9ed8b00ca758,drat-trim,5.1,True,688.6,21:16:26,
1530,0,14,1,600.0,UNSAT,1.3,28922,1937457,,171382b3ba6199246318566f76cc6f4de1a3dd977e1285663b46021a3c2733f6,drat-trim,0.9,True,688.6,21:16:26,
1526,0,14,1,600.0,UNSAT,2.8,64311,4331866,,8a9476be63764057d515b83212b532f1fd001a49ab300649bbd9793519f35f6c,drat-trim,2.0,True,690.5,21:16:27,
1536,0,14,1,600.0,UNSAT,1.3,30601,2051025,,59c59d179105019191247dd888a69f4cd1549f47c983b745fda9e9147cda2c29,drat-trim,0.8,True,690.7,21:16:28,
1534,0,14,1,600.0,UNSAT,2.2,49586,3575609,,39f4847c1153f9a79bb5cefc9f82c75be923e407282628da561f5e7a1dbcfef6,drat-trim,1.6,True,691.3,21:16:28,
1528,0,14,1,600.0,UNSAT,3.0,67350,4774344,,0bbf6d01b5ce2f26c4e9456b4491bb0482c60daa38b63dd956f315448841ba97,drat-trim,2.4,True,691.4,21:16:28,
1532,0,14,1,600.0,UNSAT,2.6,61051,4045197,,19d9e6f32ea8a331bf061839972b7ec4f3cb91bc350dc2cdb0d36b807ca8d80d,drat-trim,1.8,True,691.5,21:16:29,
1537,0,14,1,600.0,UNSAT,1.9,43904,3002308,,dd5d3f1f27c628f97a0b94a6e031853291911c0a75880d1f2c7d34b2171bf63e,drat-trim,1.3,True,691.8,21:16:29,
1523,0,14,1,600.0,UNSAT,5.4,101107,7013830,,c5d6e5d96cffff70f7cf7763520c5d02c20ff46ffe44eff2e4c214739fb5b2e1,drat-trim,4.3,True,692.0,21:16:29,
1540,0,14,1,600.0,UNSAT,1.0,23056,1651766,,ab8dc27226d94331169d2f3d54ef39fca7c6adb17b0e1b883d3abe757437feeb,drat-trim,0.7,True,693.0,21:16:30,
1525,0,14,1,600.0,UNSAT,4.1,85777,5816149,,9208f35ff4965e572d98508290ff262bb0ec7419db3f7ec2e6f1718444e28e4a,drat-trim,3.5,True,693.2,21:16:30,
1544,0,14,1,600.0,UNSAT,1.0,21415,1591024,,7e921ad89b906f88b231a3dc08401c005359c518c4f9a74591dc2eacba9fedfe,drat-trim,0.6,True,693.6,21:16:31,
1541,0,14,1,600.0,UNSAT,1.3,30373,2111305,,05d154eaa2bc04d6775cf189280415d64844c38954d11b01eab9bff7e2b0b91f,drat-trim,0.9,True,693.6,21:16:31,
1545,0,14,1,600.0,UNSAT,1.2,30114,2030496,,8074c6f05fa8dec734a8219068540fdf3a704d844e9af248b7e86071a0fe45be,drat-trim,0.9,True,695.1,21:16:32,
1531,0,14,1,600.0,UNSAT,4.8,96241,6856187,,62ca085370e6d3bbd4477f20b2e32c7e38a48fbe2f358494b9028ca2c2c37a83,drat-trim,3.9,True,695.6,21:16:33,
1538,0,14,1,600.0,UNSAT,2.9,63473,4244477,,808a1c2531a39345b2ce48bb8749dbe3f23093cabd5a29ecab8b3749d0e4112b,drat-trim,2.2,True,695.6,21:16:33,
1548,0,14,1,600.0,UNSAT,1.3,30814,2026543,,2c2b53e9339602ce6e33c5dc2d95f6dbe78fa4291ec889835103b3d78b8a7818,drat-trim,0.8,True,695.7,21:16:33,
1521,0,14,1,600.0,UNSAT,9.1,174797,12544630,,39b8191654ed15b1fb5786b9bedadd3f3caae71b766a1a6352634480fe71a6cf,drat-trim,7.3,True,696.3,21:16:33,
1543,0,14,1,600.0,UNSAT,2.7,59431,4157275,,f150a735336481b2fb385d694314dc937b71071f459ced52a5be92d4228c3b64,drat-trim,2.2,True,696.7,21:16:34,
1546,0,14,1,600.0,UNSAT,2.1,47026,3346240,,e44000e5ef0b72c2eeae9883041e8b0e55e1233305278c221befe3d4da6f7970,drat-trim,1.6,True,696.8,21:16:34,
1539,0,14,1,600.0,UNSAT,3.6,71719,5212894,,705aac616fd22395c07153636241f583d40dd698687abd5385b652d309a3de4a,drat-trim,2.7,True,697.2,21:16:34,
1549,0,14,1,600.0,UNSAT,1.4,31825,2298285,,9298e09e615b61a9a6d981ff98a353d0571961e3945311c7de7e83c206e64379,drat-trim,1.0,True,697.5,21:16:35,
1542,0,14,1,600.0,UNSAT,3.7,79594,5459859,,98562256ec2fc305cbc99a425754877068564dae38a894d4cee6816553f6ce7d,drat-trim,2.5,True,697.7,21:16:35,
1547,0,14,1,600.0,UNSAT,2.5,55443,3885573,,d5006949aa9a2b09b20529611ea71bbe58761b2d1a7789b24cc43a57d51c59f6,drat-trim,1.9,True,698.0,21:16:35,
1552,0,14,1,600.0,UNSAT,1.6,36626,2562101,,944b6e41912342754fa417241ba883c2510c5e2064561075ecafb50465efe2ef,drat-trim,1.1,True,698.5,21:16:35,
1550,0,14,1,600.0,UNSAT,2.6,60096,4116179,,2043e37997ca07662ae409cb61404f1e8d6994b9a2bb885b9ed02a2ae9e46d6f,drat-trim,2.1,True,700.3,21:16:37,
1560,0,14,1,600.0,UNSAT,1.3,29116,1930782,,6b3d94358398ae5685c739e1977f9e3be30cc144be3a6550d0b9658286c2a006,drat-trim,0.9,True,700.6,21:16:38,
1551,0,14,1,600.0,UNSAT,2.8,59937,4450313,,c8b03a6cadc70e22bf6a6b91b415a92e2cd21ff2e79879a900e86451bd3c3fca,drat-trim,2.4,True,700.8,21:16:38,
1556,0,14,1,600.0,UNSAT,2.2,48408,3499395,,a4fc16e354611c0be74d800ef377efd65cb52ba0c40fbf0920eaa290def4b5fb,drat-trim,1.5,True,700.9,21:16:38,
1558,0,14,1,600.0,UNSAT,1.9,44255,3008665,,c594f4a3900a2a24dd93b68e4053c65a176005d36f4bed21916d64e0f8f24f0a,drat-trim,1.5,True,701.1,21:16:38,
1561,0,14,1,600.0,UNSAT,0.6,12920,849577,,7815bd85921062ac2ec782ef8a683a271c0555c7d60467b11a88a758c87ef6e2,drat-trim,0.5,True,701.4,21:16:38,
1554,0,14,1,600.0,UNSAT,2.8,59388,4109927,,d11f8d531c371b1712f40259e148a28e4649958fc0ea17377e7ccdf9558aa526,drat-trim,2.0,True,701.5,21:16:39,
1527,0,14,1,600.0,UNSAT,8.7,172262,11737250,,538fc92ce88f6f70ecfa70d1da52416a7c79feb47bcfb8d4b40dd4767fafc06b,drat-trim,7.2,True,701.9,21:16:39,
1565,0,14,1,600.0,UNSAT,0.7,13611,936935,,5fdf1804d2f07292c9ddd7aba628094c1ef7ac3fcdcbe9dc2fbcc32fe31154d9,drat-trim,0.5,True,702.2,21:16:39,
1533,0,14,1,600.0,UNSAT,8.3,170579,11759673,,b291653c748323d35c8e2ced3d602fe1991c537e9211fe57454e48f442f6dae3,drat-trim,7.0,True,702.6,21:16:40,
1568,0,14,1,600.0,UNSAT,0.6,13124,838094,,41440b85c2cff717294c9c73700260d96bc1a82ef4180ed5289f53543e4ce6a0,drat-trim,0.4,True,702.9,21:16:40,
1553,0,14,1,600.0,UNSAT,3.8,77471,5787779,,df806d8af6d53517beb20d37a2227f35b55e6892543eb2f35f302a288382eae2,drat-trim,3.1,True,703.3,21:16:40,
1569,0,14,1,600.0,UNSAT,0.8,16624,1318190,,8e7727089683cbee628efb8b034db7429dc946feb358906b8c2005dfdafc0703,drat-trim,0.5,True,703.5,21:16:41,
1564,0,14,1,600.0,UNSAT,1.6,37214,2402126,,53082fd158230b85b7c7bc87c13afa399831ea50c493de6c5b02d7fad7ece17a,drat-trim,1.1,True,703.6,21:16:41,
1529,0,14,1,600.0,UNSAT,9.4,183607,13111813,,eb4ba18fc3d1037ff1a5a1cc998f85f975f86baeedea8dbe7e231cd7996be93d,drat-trim,8.1,True,703.7,21:16:41,
1535,0,14,1,600.0,UNSAT,8.2,162691,11491664,,fdc146d4d57b7c9057fbcf395d43e7a055a4de8d5881f19dd56f0a671806205f,drat-trim,7.2,True,703.9,21:16:41,
1572,0,14,1,600.0,UNSAT,0.6,13132,895704,,f17a2fafc43634bf66c79aca40bd5f1af2432438e273c5556245c3748b12da6a,drat-trim,0.4,True,704.4,21:16:41,
1562,0,14,1,600.0,UNSAT,2.3,52162,3484573,,c5643c4eb320d7f98ffa52789f5346f7fa1ff392512553a36f6a96a829af1118,drat-trim,1.8,True,704.7,21:16:42,
1555,0,14,1,600.0,UNSAT,4.3,91420,6175217,,07258b876dacb1c3c44457569ed0f9fa9a181ba95570818d6e8b19e683d5730c,drat-trim,3.7,True,704.8,21:16:42,
1576,0,14,1,600.0,UNSAT,0.6,12809,839097,,73a06df1e3c4693bcaa33cc3931824e3ed2c1dfdf3ba6b0abd4150e29920582f,drat-trim,0.4,True,704.9,21:16:42,
1570,0,14,1,600.0,UNSAT,1.6,37384,2563131,,2590ab4310dbc8b006efd283d55523fee531bd159a90a93e7b12b1c0f2d99ef3,drat-trim,1.2,True,705.4,21:16:42,
1557,0,14,1,600.0,UNSAT,4.4,86774,6309377,,76e702a5b11812add0f48fcab42a28586572cb7ec17cdaddf66efe074e3c877a,drat-trim,3.6,True,705.5,21:16:42,
1574,0,14,1,600.0,UNSAT,1.2,25026,1671371,,b44db07ff02c2ce4dfb0ba9503f397e089553c7ea906be4d6d7f99066c2f7ded,drat-trim,0.7,True,705.5,21:16:43,
1571,0,14,1,600.0,UNSAT,2.0,46559,3601548,,e66fcaed981a06094a3a2166af61cbb5119b8f4a900b7711dbe2b792806a395a,drat-trim,1.6,True,706.5,21:16:44,
1580,0,14,1,600.0,UNSAT,1.0,22484,1565624,,35dfdbe476dc09c2eaa723857e900e3562a0b45aa12d4e582ea070fab04d11c2,drat-trim,0.7,True,706.5,21:16:44,
1563,0,14,1,600.0,UNSAT,3.4,72305,5121866,,72debe71f9b8f5035759f1e17c45f670e40c01aa2accac98ad70cb039fc7daee,drat-trim,2.4,True,706.6,21:16:44,
1577,0,14,1,600.0,UNSAT,1.3,31293,2259120,,cfbccfb7b986025ddbcc4ef5b023321eafb0cc23d609e40ad8bb133b047d4405,drat-trim,0.9,True,706.7,21:16:44,
1559,0,14,1,600.0,UNSAT,5.1,98368,7142898,,72e679efbe5fae5f054a991cda4d2615761565c2a7767a8b0a4241f98915e82d,drat-trim,4.0,True,707.1,21:16:44,
1567,0,14,1,600.0,UNSAT,3.0,67723,4812019,,7fac5753398b9c1d49685d0125a71f9e61591bd763acb32c951145430e5fa095,drat-trim,2.4,True,707.3,21:16:44,
1566,0,14,1,600.0,UNSAT,3.5,71730,5129727,,0a07e02340b119c178b1162607edb82537c77203ac6dd846e6b05cc22c6b30a5,drat-trim,2.6,True,707.6,21:16:45,
1582,0,14,1,600.0,UNSAT,1.4,31021,2146976,,2257b2a4dee928d5c3e68f5c640eb2d966ec41c190898246c9eb2df4e1d8c5de,drat-trim,0.9,True,707.8,21:16:45,
1584,0,14,1,600.0,UNSAT,1.3,30483,2205892,,a9ec01a0bb9823e839266230f0f01a6ea5dc29d922f4c5acf12819c21cc9cb7e,drat-trim,0.9,True,708.7,21:16:46,
1586,0,14,1,600.0,UNSAT,1.3,30505,2329490,,d6a9d47aef813e1f8faa7199e350f1eba23cd8e24ad262ba01c35194c3d3ec6a,drat-trim,1.0,True,708.9,21:16:46,
1579,0,14,1,600.0,UNSAT,2.5,56728,4189616,,2383543fa9d68593dc8d2c8cbaa125d9b8fcea39e4752edcb943b9d31579b042,drat-trim,2.0,True,709.3,21:16:46,
1575,0,14,1,600.0,UNSAT,3.2,67684,4849950,,bbf02d7dc2fa4cde9df5efa0b430d026e59f3eb424d323160fdc6e0738f1c25f,drat-trim,2.5,True,709.3,21:16:46,
1590,0,14,1,600.0,UNSAT,1.5,35281,2424218,,ad7987d8702a030d29d0c0dc4846089a020da967a42488a9cc6fef3b9782306d,drat-trim,1.0,True,710.1,21:16:47,
1573,0,14,1,600.0,UNSAT,3.7,78043,5658668,,48ff35def8acb489353e75aa274636329d3663ca746201326a7eddeadb6d9839,drat-trim,2.8,True,710.1,21:16:47,
1588,0,14,1,600.0,UNSAT,2.5,59608,4115430,,a426503f3c8d176764c3ee0f3a1d5da6ad7e5d9bcf8c2b2c92c1375e2410cadb,drat-trim,1.8,True,711.6,21:16:49,
1592,0,14,1,600.0,UNSAT,1.8,40240,2738513,,68f56b1495740d26e935a71e57a463403b3560153dcda36243e661f921edcc9c,drat-trim,1.4,True,712.0,21:16:49,
1594,0,14,1,600.0,UNSAT,1.7,33672,2467239,,1aa4a85ec73864c1691dd0eea9ff2e0dab00b4db5e81103f00ca9c2ad8b27b83,drat-trim,1.1,True,712.1,21:16:49,
1583,0,14,1,600.0,UNSAT,3.7,75893,5539204,,a3d1b9974030a68e886b033843aa527a43c4a728e623369ea8e88b6e1bd10e4f,drat-trim,3.0,True,712.1,21:16:49,
1578,0,14,1,600.0,UNSAT,4.2,89759,5973672,,ab59d7809a80851f1d656955edeefde66d489b5c42663fc0174c08a0b71ee217,drat-trim,3.4,True,712.3,21:16:49,
1596,0,14,1,600.0,UNSAT,1.5,29561,2132520,,786ad2b8f07d47fd9481f5c8016bdb657f38494640dbfd9adca57f58f3714d67,drat-trim,0.9,True,712.5,21:16:50,
1601,0,14,1,600.0,UNSAT,0.2,3239,272720,,fbc9e0413d2b4783b80b2929affafa40f2e2c182eec8ae3134cd01d4c49d310f,drat-trim,0.2,True,712.5,21:16:50,
1600,0,14,1,600.0,UNSAT,0.3,4606,275012,,c1205decb7d09f7512fee4959b55bbc60c5b6b24c3887fe3137674a1d58f8c1d,drat-trim,0.2,True,712.6,21:16:50,
1589,0,14,1,600.0,UNSAT,3.0,63998,4588356,,aba63d8cabf561697f76f95e99d6bdfe4a846b62381b382856e319a9755f359f,drat-trim,2.5,True,712.8,21:16:50,
1587,0,14,1,600.0,UNSAT,3.3,72357,5217898,,82caa58fcdf9a4c185ccc0c540d5fb7ad97cbbdbbf848e3199c6bb82804d80b0,drat-trim,2.9,True,712.9,21:16:50,
1602,0,14,1,600.0,UNSAT,0.3,5889,367776,,ef2858249c9782dcc5a6d86b5293dd89d3f198a78e63f6137557cbf3115091bc,drat-trim,0.2,True,713.0,21:16:50,
1603,0,14,1,600.0,UNSAT,0.3,7040,354249,,5919be3df9419ff1afbacdfd3173162ab0f5447df4b96296fb12eaffcc9f5765,drat-trim,0.3,True,713.1,21:16:50,
1585,0,14,1,600.0,UNSAT,3.7,74726,5229817,,8d41d85fa704c7003f6ad88f10dea144f6b289d721b4789f522615dfd1062375,drat-trim,3.3,True,713.5,21:16:51,
1598,0,14,1,600.0,UNSAT,1.1,27213,1907881,,0354c9b76a378f60be529aae5311fc13642648e6613797362640f2aff90f8951,drat-trim,0.8,True,713.6,21:16:51,
1581,0,14,1,600.0,UNSAT,4.4,88779,6207296,,56f163bad31f551d6a392240bf9a701f3444ad12e4c8c04df19dc3d12e99a13d,drat-trim,3.9,True,713.8,21:16:51,
1609,0,14,1,600.0,UNSAT,0.5,9322,682108,,4e1601294c5e62f52686ad2fa1764d33dbce696840d919fdefa0c32460664f28,drat-trim,0.3,True,713.8,21:16:51,
1605,0,14,1,600.0,UNSAT,1.1,28606,1888874,,166f1a04241946c187d70aa2fc1f9364ff2fa54d41cede68ffb5aab5ff378840,drat-trim,0.9,True,714.6,21:16:52,
1604,0,14,1,600.0,UNSAT,1.2,28015,1946251,,e8964c78d65de13c067071632b78aa1be6ef7a83f272a14f892b835732596d8e,drat-trim,0.9,True,714.7,21:16:52,
1612,0,14,1,600.0,UNSAT,0.7,13291,803961,,fe8c360105c0884384518a075b00af16fbe1f53af991ee13efa361c3d6ec38a0,drat-trim,0.5,True,715.0,21:16:52,
1613,0,14,1,600.0,UNSAT,0.7,14222,863595,,4279ff0735d34600b1b861e898429e592463d64f8539b3f0852b5b40be53eda2,drat-trim,0.5,True,715.1,21:16:52,
1610,0,14,1,600.0,UNSAT,1.0,23147,1566643,,1fbfd4f8043e19c6bf643196cb2bc91b03a4242b45fff51641056e8175aa8b46,drat-trim,0.6,True,715.2,21:16:52,
1608,0,14,1,600.0,UNSAT,1.3,29163,1829201,,1221692e5305a430b54b801eb8947577076eceba545b94e4cfd3e336bc8c32fb,drat-trim,0.9,True,715.3,21:16:52,
1617,0,14,1,600.0,UNSAT,0.1,2745,139529,,0acdc62ab8b5bac9fba36706657e17622c076364d5c8f000a94d5a5270582b01,drat-trim,0.1,True,715.4,21:16:52,
1616,0,14,1,600.0,UNSAT,0.2,3828,268106,,5c556a9df3aa823080361dbef77c865d845dec8e69308cfab0d111070d41f13a,drat-trim,0.2,True,715.4,21:16:52,
1611,0,14,1,600.0,UNSAT,1.2,28400,1826252,,1d7c77171994266c1ded7ebbfc1c1c992d1096a5c00ae644befd9f0146c905e7,drat-trim,0.7,True,715.5,21:16:53,
1618,0,14,1,600.0,UNSAT,0.2,3073,248320,,4ae23673ca81045ea5115f1c4c2f766f2b3a6c6727d0c3e478c9275d78aea595,drat-trim,0.2,True,715.6,21:16:53,
1619,0,14,1,600.0,UNSAT,0.4,8304,430632,,5666e74fddf8294ade8c2e90d9b970b4412f41ef0de4b435f51d8ccb1ef3b2b7,drat-trim,0.3,True,715.9,21:16:53,
1607,0,14,1,600.0,UNSAT,1.8,39708,2606759,,7d696d620881d1febfbf85de1cf79736041cc8da7949a9895edf42a215109fb4,drat-trim,1.2,True,715.9,21:16:53,
1625,0,14,1,600.0,UNSAT,0.4,8259,431525,,ec34a9e186ec912e384e59b41ff9615961a749f980f174e68cd7e8a6ef0a49d8,drat-trim,0.3,True,716.6,21:16:54,
1615,0,14,1,600.0,UNSAT,1.3,26938,1924694,,2fad940b0c67b59d0deb5a1a4ce1d2a3287897c4b0a778e1b89899583ad0476d,drat-trim,0.9,True,717.0,21:16:54,
1606,0,14,1,600.0,UNSAT,2.4,52541,3489482,,d46e47908e8545d33b840b79377b6aad43974e235d88aa1fcde21531c5b58941,drat-trim,1.8,True,717.0,21:16:54,
1624,0,14,1,600.0,UNSAT,0.8,14324,804427,,289585e235b44069f859c6408cfc455acdc4ac3921251ece54ff468bb95175bc,drat-trim,0.5,True,717.1,21:16:54,
1620,0,14,1,600.0,UNSAT,1.1,23658,1790775,,3df57813845840f06863ab409229fd47d5830ec3590a858817b1a6549f45efe2,drat-trim,0.8,True,717.3,21:16:54,
1593,0,14,1,600.0,UNSAT,4.4,86082,5861186,,490f1650dec79813344b9f8146869aea983c3e9a411262375cc107c25a868257,drat-trim,4.0,True,717.3,21:16:54,
1626,0,14,1,600.0,UNSAT,0.5,9524,717917,,9e1aa5fe52a5b7356ed895a9c645cc7ea6e0df4eaf10b3f23a5c28bd0ae0e888,drat-trim,0.4,True,717.5,21:16:55,
1627,0,14,1,600.0,UNSAT,0.3,7848,395076,,f325560696a477fbaffd6a8091515cf8cdaa6ffdd63b961d4939dfc50c2e25bd,drat-trim,0.3,True,717.7,21:16:55,
1621,0,14,1,600.0,UNSAT,1.8,40379,2572842,,008ceec2b3be67aed1a95121b90b359d15c18157edbb19e02b3f86600b590f43,drat-trim,1.0,True,718.2,21:16:55,
1622,0,14,1,600.0,UNSAT,1.8,38686,2605819,,1dc19c30d826e7280061f65894aef58068b91cef1fc70af1e9b4ce84d7776d40,drat-trim,1.2,True,718.5,21:16:56,
1623,0,14,1,600.0,UNSAT,1.8,41492,2781740,,30a8dbb0f066874a46b4460bea302c91a3308b46118377aa7ede5aab0c6110a6,drat-trim,1.3,True,718.7,21:16:56,
1629,0,14,1,600.0,UNSAT,1.0,20586,1558212,,2775d9c30b9c9143373260422a8ccf1bfc63a9148f968d348fe66786344381eb,drat-trim,0.5,True,718.7,21:16:56,
1628,0,14,1,600.0,UNSAT,1.1,23466,1608989,,a0db467b23cec01ef4a8d63679181e596bdfca8f595ca8afe521c7268acf1140,drat-trim,0.8,True,718.9,21:16:56,
1597,0,14,1,600.0,UNSAT,4.8,94596,6543981,,391786b75e304a0b1b03f91ce7fa2ca5959fe958fbfd278cf0056fb1f1199aa3,drat-trim,4.1,True,719.0,21:16:56,
1633,0,14,1,600.0,UNSAT,0.8,17268,1315251,,4de40413415b6679393b3eef3740f87e58cc2188d058b78e506935eaecf5d947,drat-trim,0.6,True,719.0,21:16:56,
1631,0,14,1,600.0,UNSAT,1.1,23105,1651229,,a7ef3a413f3f8273141de6e16890a11524f53045a679aa22707454c0fa00b63a,drat-trim,0.7,True,719.1,21:16:56,
1595,0,14,1,600.0,UNSAT,5.4,103930,7479747,,477dd0e02cea5ffdb860cf3e461a9081960eae7ed2ec33d00deb712c70ec8e3c,drat-trim,4.5,True,719.2,21:16:56,
1632,0,14,1,600.0,UNSAT,1.0,21100,1590344,,eb03e85bc6bb5040b0e21983eccf7696984b6c8474e5b0d32708f1c2e385fd1e,drat-trim,0.6,True,719.3,21:16:56,
1599,0,14,1,600.0,UNSAT,4.0,83295,5787174,,5819bb5aeb2e1ae171dba962742c3bc495ccb70d41aa1e0b9b54c2721b41d486,drat-trim,3.7,True,719.7,21:16:57,
1630,0,14,1,600.0,UNSAT,1.6,33378,2344532,,aaa398d7cc1381820408e8e4c34fa84e094ffd73ba8eee5cef73716e985fc536,drat-trim,1.0,True,719.9,21:16:57,
1636,0,14,1,600.0,UNSAT,0.9,18793,1467901,,885519b6e302497c2cb16862b98a1d9bdbbbb4bc45fcfad2834336f58eaa0192,drat-trim,0.6,True,720.2,21:16:57,
1614,0,14,1,600.0,UNSAT,3.4,70627,5039429,,c3304f34cc4cbf0644f0713db6d4d77119fdc8163902adc3405a5f22a670f800,drat-trim,2.2,True,720.2,21:16:57,
1640,0,14,1,600.0,UNSAT,1.5,32911,2250125,,75f1a679e6886135444ffdc2369a654af37ef595dd7e2800d8d9f79179c97ba9,drat-trim,0.7,True,721.2,21:16:58,
1644,0,14,1,600.0,UNSAT,1.1,27174,1822187,,08f24240a335c8ac9ba6366afbc1e21e1016988bedb8661e0938d8d1db40e7b5,drat-trim,0.7,True,721.4,21:16:58,
1641,0,14,1,600.0,UNSAT,1.7,42324,2868371,,431bcb8414aaf051e92b92ad3714eaae6d19786cd0ea11dde62551573c69f74e,drat-trim,1.3,True,722.1,21:16:59,
1645,0,14,1,600.0,UNSAT,1.9,40734,2752399,,24d42c14bc7f161a1da95648078f84de6e0dbdfde627818e5b14a65e0522eb04,drat-trim,1.2,True,723.1,21:17:00,
1648,0,14,1,600.0,UNSAT,1.1,24218,1762848,,b108b34f1705a69963207a1cb6eb1c1f34e4ad08d27d16c601e9b9f0646f09fe,drat-trim,0.8,True,723.3,21:17:00,
1649,0,14,1,600.0,UNSAT,1.2,23415,1649506,,11bc44017f1e841cbefa626f12fb8b0e4268d9dc730e579f77d594dfd909613a,drat-trim,0.6,True,723.3,21:17:00,
1637,0,14,1,600.0,UNSAT,2.8,64263,4357388,,81c3d581f5e93633b84865d86ae43c7f7fd2e87d12189662748631541041418f,drat-trim,2.1,True,723.6,21:17:01,
1591,0,14,1,600.0,UNSAT,8.9,176165,12081102,,caaacf56dc427a511f4d3553e3a84e47ddfd43379eeab3704b53a2e5a08da027,drat-trim,7.4,True,724.1,21:17:01,
1635,0,14,1,600.0,UNSAT,3.2,69192,4712599,,1d40a7b58dc8dc0c7b95494aed53e39f5ac6f40e9971f1a369ad6addafbde031,drat-trim,2.5,True,724.2,21:17:01,
1638,0,14,1,600.0,UNSAT,3.1,70049,4731287,,fc9f37930262f122edc5da9416cd439cf4ad8100602d652ab79f729f27b857d5,drat-trim,2.1,True,724.2,21:17:01,
1653,0,14,1,600.0,UNSAT,1.9,43073,2951896,,0252de12de2df907d19c1088294b1427c251f1d14712413390747c2f57ad1f62,drat-trim,1.3,True,726.5,21:17:04,
1646,0,14,1,600.0,UNSAT,3.7,78329,5217473,,2f491a5877e03d7adfeda60b7ded588aed4a6ed0c2ca40ba0c6b216489ae73c8,drat-trim,2.8,True,726.7,21:17:04,
1642,0,14,1,600.0,UNSAT,4.4,93906,6453829,,08b2b10412202fa2410c7f29cc9062acd2fade097b4014788233181dac897ff8,drat-trim,3.5,True,727.1,21:17:04,
1652,0,14,1,600.0,UNSAT,2.3,48833,3930759,,b0c5bf50d3563ebebf29c663d2e7f1608a32f55b68a8d4f72acb5c24876091e5,drat-trim,1.7,True,727.3,21:17:04,
1634,0,14,1,600.0,UNSAT,5.3,101724,7320188,,78a25c40ab57480f2fa3ad87879d06b756dc9a4c98461aac0c3131b429ad92e1,drat-trim,4.2,True,727.8,21:17:05,
1654,0,14,1,600.0,UNSAT,2.4,54313,3840787,,06cf773a8d352f0a137421987232f9ed229fd6d4a4b676fceaf735c88eda76a9,drat-trim,1.9,True,727.8,21:17:05,
1651,0,14,1,600.0,UNSAT,2.9,63264,4204945,,e0c686d62d46d892906fd1cad68c5bd29ff2a69a119bec69c223480e1cb5720c,drat-trim,2.4,True,728.5,21:17:06,
1657,0,14,1,600.0,UNSAT,2.5,53751,3728879,,d40e3d6b615c1749a3c9ef0f13089c362aed94dc008867e86925e09b8db5c106,drat-trim,1.8,True,728.7,21:17:06,
1656,0,14,1,600.0,UNSAT,2.7,61060,4174587,,8657f8241fd2d79bb5b667f0be8b83b2e789df374618808cccce67dfbeb61364,drat-trim,1.9,True,728.7,21:17:06,
1661,0,14,1,600.0,UNSAT,1.1,23448,1689263,,4118bdde0a7dfb28ded292baf2b165e6e5d2a32176079aa22d5ea8e8b72a0fcb,drat-trim,0.7,True,729.1,21:17:06,
1664,0,14,1,600.0,UNSAT,0.3,7531,478214,,1f4f966af29f46583600156a5055bf462b772d6594a25e3dcd7099260d42c180,drat-trim,0.3,True,729.3,21:17:06,
1666,0,14,1,600.0,UNSAT,0.5,10259,674172,,328d35cb9a2c52a5f614adce92cfe5e4cc201e6358236b22cce1e43dfab307ee,drat-trim,0.4,True,729.6,21:17:07,
1660,0,14,1,600.0,UNSAT,1.5,32580,2367052,,daea0ba9d66aaf40f4580696883263be914fcec6da7c15550ca5dc2614b68760,drat-trim,0.9,True,729.6,21:17:07,
1650,0,14,1,600.0,UNSAT,4.5,92079,6883576,,030faa3597d8009468828d568470827bd46addf835006ed664b8153af360568f,drat-trim,3.8,True,730.4,21:17:07,
1665,0,14,1,600.0,UNSAT,1.1,25312,1712157,,7f7c2a315abc5d0a6aaccadca435181396236342772fdfee213da544b464d500,drat-trim,0.7,True,730.4,21:17:07,
1672,0,14,1,600.0,UNSAT,0.2,6505,322191,,f9522d19fa3440a09fec39e4b4edab14e9dc57fe6407687d32cef1dc33226086,drat-trim,0.2,True,730.9,21:17:08,
1667,0,14,1,600.0,UNSAT,1.3,28879,1979827,,5324fb696b6e433ef90034bcb5ebe693cc22801ce2dbf34444ed2d565ba95033,drat-trim,0.9,True,731.3,21:17:08,
1658,0,14,1,600.0,UNSAT,2.7,59164,4322959,,2462338d6c620f5ee07258aba15ec56e910a417e477f07598e49e324ba349ef9,drat-trim,2.1,True,731.3,21:17:08,
1673,0,14,1,600.0,UNSAT,0.4,9319,831004,,9faad01781036a20c814cb229b7946e9a9298d89f9689a23c6a93ca48fce4a31,drat-trim,0.4,True,731.7,21:17:09,
1639,0,14,1,600.0,UNSAT,6.8,137040,9782216,,d572970577adcebf41b8115ae571d9ec7e111cd6f48d0867c083c0a3addf004d,drat-trim,6.1,True,731.9,21:17:09,
1674,0,14,1,600.0,UNSAT,0.6,12222,851533,,a9e945e40056142d137bd30eddd4d9407ffaff1c7d865a6cd21036c8a4117465,drat-trim,0.4,True,732.3,21:17:09,
1668,0,14,1,600.0,UNSAT,1.8,42998,2780705,,21545e8f120729be9fefb19a10a1c9e8df4979271a082aa5699ba0f47fd2b818,drat-trim,1.3,True,732.4,21:17:09,
1669,0,14,1,600.0,UNSAT,1.7,41077,2566600,,ff94d008e2e68f9c37dccb7b27954a75c887eebbb630bd4e437ed8d943e1b921,drat-trim,1.2,True,732.5,21:17:09,
1670,0,14,1,600.0,UNSAT,1.8,44978,2912877,,49db7d597d6d192d24d9201502073c676e5744182c39ef84257e4aed56de500a,drat-trim,1.4,True,732.9,21:17:10,
1675,0,14,1,600.0,UNSAT,1.0,22529,1581217,,07a1859945dbdcacee4ab3ccefe34d3c53fe649e66be7c5d65def2e491fe5aa8,drat-trim,0.6,True,732.9,21:17:10,
1680,0,14,1,600.0,UNSAT,0.4,7923,468895,,f636bff560cb189120b1932de3f57874c119f4b650a4c63ce138a48010cd7352,drat-trim,0.3,True,733.1,21:17:10,
1647,0,14,1,600.0,UNSAT,7.1,138531,10132218,,0972cc28f2100292bc9184a1659ca7bf92e26bd8507682546eff604fd093cb8a,drat-trim,6.2,True,733.5,21:17:11,
1682,0,14,1,600.0,UNSAT,0.5,9259,794142,,ca4efe56620b8a21424c5b6abe8181bd857a85e3d06eae2651b68bb27d7c7916,drat-trim,0.3,True,733.7,21:17:11,
1681,0,14,1,600.0,UNSAT,1.1,27587,1978491,,2f0d3f5b6aea5eeca4a06ae9a6f196a5d8bd3bb24d7dfb2ec4d75f723bb8ae2c,drat-trim,0.8,True,734.8,21:17:12,
1684,0,14,1,600.0,UNSAT,1.3,30869,2144658,,8960a36c3c90a796983e3a2337a0dfd42f7e78de174a73ec15efa2786774a577,drat-trim,0.9,True,735.7,21:17:13,
1677,0,14,1,600.0,UNSAT,2.4,53545,3636747,,16926b6357b399e5f2c3425e8368fc0fda726614f98039c3f7cbe0ffa37a56a3,drat-trim,1.5,True,735.9,21:17:13,
1676,0,14,1,600.0,UNSAT,2.4,51503,3542409,,b7117f36cde89df9c1fdfa5020fa5d8d3f4d143cfa275d8df853ce704c5e0175,drat-trim,1.8,True,735.9,21:17:13,
1643,0,14,1,600.0,UNSAT,8.6,165659,11560420,,8aeaf82b260c83bae67e92acd00065a56a9e003f5781914f8d751e1fd5c06e35,drat-trim,8.1,True,736.0,21:17:13,
1679,0,14,1,600.0,UNSAT,2.1,47722,3197864,,504391134aa29703890d36dfa3ff202b5c8e05ed4d9c8e946c8cefa4e28f79ea,drat-trim,1.6,True,736.1,21:17:13,
1655,0,14,1,600.0,UNSAT,6.5,124992,9411671,,d5881d31ee59b3ba1bee99a33b4630f8fc18b9c54f278355102da55eded4497a,drat-trim,5.6,True,736.2,21:17:13,
1671,0,14,1,600.0,UNSAT,3.4,77861,5468231,,d1d18648581b1ead991a55b262db517fb1a33bdb503bde55cd93d5eb86e751e9,drat-trim,2.4,True,736.3,21:17:13,
1688,0,14,1,600.0,UNSAT,0.3,7420,483552,,7f1c8573ea7da036222fccb7ba58b755ec7604decfa533b8a7e7ddf375908a78,drat-trim,0.2,True,736.4,21:17:13,
1678,0,14,1,600.0,UNSAT,2.4,55672,3856698,,0b23b6d41671b2d7120e35213cb3d329f8c1c7ad853d644258cf0768cf46d223,drat-trim,1.8,True,736.5,21:17:14,
1689,0,14,1,600.0,UNSAT,0.4,8918,748290,,2f761f0c7f75a45319acf217f61b5d80ddc73e880f79f6f5723a785191a123be,drat-trim,0.3,True,736.6,21:17:14,
1685,0,14,1,600.0,UNSAT,1.7,40187,2599363,,8e2c550b52e36e7a136651cd9c0d07a18c116441fa3587041e5fc1b094fa3647,drat-trim,1.2,True,736.8,21:17:14,
1663,0,14,1,600.0,UNSAT,5.0,103491,7129940,,14e123306503a500a36589941992eaae1762af0b2616289aa210275f11ada14b,drat-trim,3.9,True,736.8,21:17:14,
1690,0,14,1,600.0,UNSAT,0.5,11001,626885,,fe2705607213a4775296c1ec316014cf9479e9d4146b52b11bff529a7b726c60,drat-trim,0.4,True,736.9,21:17:14,
1683,0,14,1,600.0,UNSAT,2.3,54786,3716720,,5ad5652c72d2358129abc01a6fcf496ce61f9dc0369fc312ee9f6ee586afb44d,drat-trim,1.6,True,737.0,21:17:14,
1691,0,14,1,600.0,UNSAT,1.1,22941,1639053,,cee1f60264e3aeac993cf774ea29cc0106247836446e81ce4fbfa2ebf13f38dd,drat-trim,0.6,True,737.8,21:17:15,
1686,0,14,1,600.0,UNSAT,2.2,48785,3717269,,6bdeb65b4a0687bd74fb3cbbf2f4b6c28706a2c30baea87c55992789ff2957ca,drat-trim,1.6,True,738.6,21:17:16,
1662,0,14,1,600.0,UNSAT,5.8,121571,8642382,,3bf99564585be317eaa0375bebf450521fab0e41f567b8eb8a1c966e574848ce,drat-trim,4.9,True,738.6,21:17:16,
1687,0,14,1,600.0,UNSAT,1.8,39943,2673810,,421c917d5c1e996de3946295018c506057f3fc1d54260d9cb3ae58bba2c25377,drat-trim,1.3,True,738.7,21:17:16,
1693,0,14,1,600.0,UNSAT,1.9,44484,3112264,,9676af68ea29d24bf20b4520d68f1a958c6d43e6bf1c8faea0721127a875908a,drat-trim,1.5,True,739.7,21:17:17,
1692,0,14,1,600.0,UNSAT,2.3,51051,3596035,,5015844a3f693b0fcc77538fea9d368fe07d78275a0087d0c0020fe9ec910844,drat-trim,1.6,True,740.2,21:17:17,
1694,0,14,1,600.0,UNSAT,2.4,54160,3939410,,8ae0cc24b7e73806845a48996dccedd022df101b260fbdd9bc835a053470c561,drat-trim,1.8,True,740.7,21:17:18,
1695,0,14,1,600.0,UNSAT,2.6,54764,3749479,,3525443a6980f7f97552103b78a4d1a30334fe1a311f7ac25fc4062c377a52d0,drat-trim,2.0,True,741.1,21:17:18,
1700,0,14,1,600.0,UNSAT,2.6,55471,4073614,,71b36b7a7884c46fee72f100604de4cc64871c7ff1eced978e5ca53aefcfff38,drat-trim,1.9,True,741.5,21:17:19,
1659,0,14,1,600.0,UNSAT,8.6,169362,11972149,,6872acda9967e0be156040bddde243339d6accab100715d34a213c66fe2b8d54,drat-trim,7.8,True,743.2,21:17:20,
1701,0,14,1,600.0,UNSAT,7.0,140021,10175052,,ef45b90246e16c66e4183ab59ea8ca3994b69792c0ec6e751d5f92c8cec60c0e,drat-trim,7.2,True,752.0,21:17:29,
1708,0,14,1,600.0,UNSAT,6.9,123893,9537869,,175113635a0558a2083b051f007124310233d2eb6334bfb720cd30b39887fe7b,drat-trim,6.4,True,754.5,21:17:32,
1709,0,14,1,600.0,UNSAT,8.2,155097,11268814,,36c47d91f65f3558841cabc409421f264cef84180fa7674ff3b55bb4d73e7b8f,drat-trim,8.0,True,757.8,21:17:35,
1706,0,14,1,600.0,UNSAT,10.5,180739,13790491,,74b360d6207d45622cd29980e0359b8a34e5372005578c41af9be12cce37f5e9,drat-trim,10.9,True,761.7,21:17:39,
1704,0,14,1,600.0,UNSAT,11.8,220886,16016903,,862325750113d8a0adec3533be5871e653085833d54c650c038e1c2cc7f03cdd,drat-trim,11.8,True,762.4,21:17:39,
1702,0,14,1,600.0,UNSAT,12.3,221711,16305728,,1efaa62b56d2c7211e4ef756976ae9b47b86ac530211f26d03b69323313de303,drat-trim,13.4,True,764.3,21:17:41,
1707,0,14,1,600.0,UNSAT,12.2,222173,16652220,,eb5a04c7d49b212afc490cd5a6886cf77f04f190b0112879ad8a9a6de64365eb,drat-trim,11.7,True,764.6,21:17:42,
1710,0,14,1,600.0,UNSAT,10.8,192787,14792022,,26db091c2045c349e34f9ce9aee640f2d445e1ebf5869ad1183ab39f2a30b371,drat-trim,10.9,True,764.9,21:17:42,
1699,0,14,1,600.0,UNSAT,14.6,254579,19614008,,b3a851ff61ddda8b5fa2f9131e79ecd466ca040977ca61491c710407a221886e,drat-trim,16.5,True,768.0,21:17:45,
1698,0,14,1,600.0,UNSAT,15.4,271059,20790224,,160c33f9870a4a601c746adb062364fe320b712baeb8984feb6e48af01a513d9,drat-trim,16.3,True,768.6,21:17:46,
1696,0,14,1,600.0,UNSAT,17.5,280052,21375857,,ea78b12fdaa2fc6d1c8ffb8ed4f3a9ec80dcaa15425e5b58457900e477ff0cb8,drat-trim,17.7,True,771.8,21:17:49,
1716,0,14,1,600.0,UNSAT,5.9,99433,7177052,,0a041455c2212a4eb85318becea2306b99260a4ce1b7c1bd5def3d00024e4105,drat-trim,6.6,True,777.0,21:17:54,
1705,0,14,1,600.0,UNSAT,18.7,304736,22743465,,158e49c8e5d2cc522513e036ca9d717a6f7900b47f394894f9ab0a3a652da491,drat-trim,21.8,True,780.4,21:17:57,
1718,0,14,1,600.0,UNSAT,7.8,127050,9070607,,f728c2c382855f62ad67bd5416553eb635e04f3c6f1dbd25874fbef66f76d633,drat-trim,7.8,True,780.5,21:17:57,
1703,0,14,1,600.0,UNSAT,20.2,296892,22589686,,7cffeaf0e1c5bc386ec4794676dd08223ed50ec49cd4dff17fb6aa873ceaebe5,drat-trim,22.7,True,781.5,21:17:58,
1711,0,14,1,600.0,UNSAT,13.1,215198,16306523,,1027aea70a16a62c4c84504dc4d32366db52f4df02a41a06740ac9ebd7ceab1a,drat-trim,16.4,True,781.6,21:17:59,
1697,0,14,1,600.0,UNSAT,22.9,335162,26177219,,fc1b002ae892f58ef688be3570edb1df9004afc4755fe40732014da7d43bfbd1,drat-trim,23.7,True,783.4,21:18:00,
1712,0,14,1,600.0,UNSAT,14.2,215665,15881029,,e15c8ab89e5f632c1a768a1cf947a4d810239340d0459c507fd7f614ef74620a,drat-trim,16.7,True,785.4,21:18:02,
1724,0,14,1,600.0,UNSAT,2.7,59349,4221364,,5d0ad865abbc8f0b781c1db2e1df33983bed1b9488f6c471662ec995d03e671c,drat-trim,2.3,True,785.5,21:18:03,
1728,0,14,1,600.0,UNSAT,0.3,7272,463584,,c5e994ba8d45abaf6d7d795333cd07672345a068b6ba48445556f35135b8c35c,drat-trim,0.3,True,786.1,21:18:03,
1729,0,14,1,600.0,UNSAT,0.3,7488,458537,,6ee73ba12e182f0659a0906659edc7ba9bb729fb48064e47f798f7e1faaf6de2,drat-trim,0.3,True,786.1,21:18:03,
1730,0,14,1,600.0,UNSAT,0.3,6275,344598,,6e7e188f5fd8447151fc99c8c0a7cca753399ff8aa966df13b45de9561be8063,drat-trim,0.2,True,786.6,21:18:04,
1731,0,14,1,600.0,UNSAT,0.3,5744,354126,,ce0d69198961d9cce385847af99497469395417c1b708d11853a8d6f50a2977b,drat-trim,0.2,True,786.6,21:18:04,
1726,0,14,1,600.0,UNSAT,3.4,71767,5223376,,48dd619081bc9301c154172b93524e07757b9eca66f2abfec3c02cdaded0673f,drat-trim,2.7,True,787.7,21:18:05,
1720,0,14,1,600.0,UNSAT,11.4,148579,11825203,,8582e141d932ac77d7debcd796f61e4869b03a33700a09c249a0438be40be54a,drat-trim,8.1,True,788.1,21:18:05,
1733,0,14,1,600.0,UNSAT,1.8,40824,2605903,,597fa235544a66eea894f1b41a8ad89633cecf35d965b1335315738ee895067a,drat-trim,1.5,True,789.9,21:18:07,
1732,0,14,1,600.0,UNSAT,2.0,44814,2892391,,38e8196f71e6fc313b1f6a61aaf2a748a50089fad248a15468fe8b233e29e73a,drat-trim,1.7,True,790.3,21:18:07,
1736,0,14,1,600.0,UNSAT,0.8,17896,1280504,,fd47e3a7d09f27183c6ac462716c046035af1d028a28b7e4bc8943cf1f5c7a8f,drat-trim,0.5,True,791.4,21:18:08,
1735,0,14,1,600.0,UNSAT,3.1,60184,3863772,,62de913754c6ad2faa4cb1f189be6d2b53c1396a9a7aa6b1a18d6afdd0470e69,drat-trim,2.3,True,793.5,21:18:11,
1737,0,14,1,600.0,UNSAT,2.2,46682,3087467,,d624410c3b1875a98a7c710c5a75d16d76db5eedeed40829689ee378f3b2e5e4,drat-trim,1.4,True,793.9,21:18:11,
1717,0,14,1,600.0,UNSAT,16.8,217890,16276232,,80443ccdb8975a21b65c347e7d55c0e5e06a0113072584ead11bebcd9af7459f,drat-trim,13.0,True,794.5,21:18:12,
1734,0,14,1,600.0,UNSAT,3.8,69923,5043851,,8b771f147c5893c5418faff75ef68f88bb14a574bcf1582ef1d9da0cdc63c97f,drat-trim,3.0,True,794.6,21:18:12,
1714,0,14,1,600.0,UNSAT,18.3,238539,18491432,,00e9b61883dc52196b9b76dda1c4f0ccff529a19dd5584b017f0a1c7c85f6d5b,drat-trim,15.3,True,795.3,21:18:12,
1738,0,14,1,600.0,UNSAT,2.5,49253,3285222,,e4d2ca91132de275bed70a8b82c63987f0e10ed71b35970750bb6eac276283d0,drat-trim,1.5,True,795.5,21:18:12,
1739,0,14,1,600.0,UNSAT,1.1,27803,1708270,,805f237bffb6b8ab26b4a4041b428d79b6246c3302cf76c3145479beff2d97a7,drat-trim,0.9,True,795.6,21:18:13,
1740,0,14,1,600.0,UNSAT,1.1,24941,1874077,,80b71e5a7b1abc6eb2085d5099cd8f8de45209056d15a9a301f0eda0e66f9468,drat-trim,0.7,True,795.7,21:18:13,
1744,0,14,1,600.0,UNSAT,0.2,3640,232668,,b9ecf98976e0c57d408a7450682aef332f77ff498e99dd0069a270174ef83246,drat-trim,0.2,True,795.9,21:18:13,
1741,0,14,1,600.0,UNSAT,0.8,17561,1307344,,0af1443f97310f172338e49319182cc92d8c389db2005be12fd82793ac99beb8,drat-trim,0.6,True,795.9,21:18:13,
1746,0,14,1,600.0,UNSAT,0.2,4743,246823,,7fa8e5ca2426c3f221b552ad6d9f62e09c964b406eb72326e5d716f8f5f0364b,drat-trim,0.2,True,796.2,21:18:13,
1745,0,14,1,600.0,UNSAT,0.5,10672,761248,,6fb86c4e5642c7fa807bfa9fd36a1c8a4027b7ba16bf97acd613c0dd39ad327c,drat-trim,0.4,True,796.5,21:18:13,
1747,0,14,1,600.0,UNSAT,0.3,7039,373839,,8a5a7cad184d921576119e289e6ab3a043bc78c2d35cb79c11d9a93bdb1b4295,drat-trim,0.3,True,796.5,21:18:14,
1725,0,14,1,600.0,UNSAT,7.3,136324,9812900,,13cd41e0c230fdaa00b3571a4feba5eac3365812b24bbac5c9cfd55b7f4c727a,drat-trim,7.7,True,796.5,21:18:14,
1721,0,14,1,600.0,UNSAT,13.3,184688,14502739,,4e66bc90efef664b238076e091ff3fd5b979194a7216ffd172799d6a81f47f76,drat-trim,11.6,True,796.8,21:18:14,
1722,0,14,1,600.0,UNSAT,10.3,168663,12553171,,906fe88bc1d55570faf4ab079c4367c40ce4f8d5b71a677b3b6be4179428f874,drat-trim,10.0,True,797.5,21:18:15,
1742,0,14,1,600.0,UNSAT,2.0,47693,3169734,,3efcbb844fd4965b3ab842f983adbe74cbee359708abed0f1aa56e8d62b502b1,drat-trim,1.5,True,798.1,21:18:15,
1743,0,14,1,600.0,UNSAT,1.7,37721,2847001,,2c2c99d6258bc0221f01d9fc6ba70a714dc4ef93a7b15eda6e4dea3da0646bf5,drat-trim,1.2,True,798.3,21:18:15,
1752,0,14,1,600.0,UNSAT,1.2,28790,1963554,,374227f0d007d7f2ec0fcb3746d1b209bb0fb7026dd462b380c7c7b1368666d9,drat-trim,0.9,True,798.6,21:18:16,
1749,0,14,1,600.0,UNSAT,1.6,38221,2608089,,9e2846d7b4a3062b4702951184b7de7ecc80b8cdfa49fa39af38b0078bed89a9,drat-trim,1.2,True,799.0,21:18:16,
1748,0,14,1,600.0,UNSAT,1.9,44311,2860255,,637fbf28b23f7105055c28d96d22e545f54880c89ddac0a3d7ab40b2a07cc088,drat-trim,1.4,True,799.2,21:18:16,
1754,0,14,1,600.0,UNSAT,1.5,34167,2263904,,441bdf18466d73f90d914971e9bbe723dd753e63b99245309c80bb8e3384683a,drat-trim,1.0,True,800.0,21:18:17,
1751,0,14,1,600.0,UNSAT,2.3,49909,3552095,,51e9ab86731ed3f553559ea3eb59f5058f3e3e1f855cafde14a2cc3163706c6b,drat-trim,1.6,True,800.4,21:18:17,
1757,0,14,1,600.0,UNSAT,1.5,38824,2406740,,ff299135e9184b27225c1b533228100c05946afdd2d88ac2b910692027c186c6,drat-trim,1.1,True,801.1,21:18:18,
1756,0,14,1,600.0,UNSAT,1.8,41898,2880085,,7fe7cdd519cab0364a83e3c8748d002e6ee8f4a87cbdb0c6e01b3cbebd366c79,drat-trim,1.3,True,801.4,21:18:18,
1750,0,14,1,600.0,UNSAT,3.0,66926,4410723,,78b4e3a1a550a82361b4980dd0fa253376d55654252fb27694a4708b5cf7e2eb,drat-trim,2.3,True,801.7,21:18:19,
1758,0,14,1,600.0,UNSAT,2.6,55748,3822362,,f7cb0f08feaef9b4282bacc94e22572a609a1c696a8209d5d5c4cdad6e927abd,drat-trim,2.2,True,803.7,21:18:21,
1723,0,14,1,600.0,UNSAT,12.7,209802,15743972,,2198f3845359b3dbb846853f818c3f77f00796b56d53f9623a92a3b191aa19fe,drat-trim,11.4,True,804.5,21:18:21,
1759,0,14,1,600.0,UNSAT,3.2,72474,5178825,,2c20d2242e8fe6022fd7a97854c06b11b536c75563192ed86956211202651156,drat-trim,2.9,True,805.3,21:18:22,
1753,0,14,1,600.0,UNSAT,4.4,89525,6134243,,dde8b1ed7d3200d6c8f0cc3590a457ca1fd7626a80da353274d642ff0c834d24,drat-trim,4.4,True,805.7,21:18:23,
1755,0,14,1,600.0,UNSAT,4.1,89804,5778392,,3642a85b4f9b9b4711b3cafe6e14d40017d847635a6c230cf20ea391ecead90f,drat-trim,4.1,True,806.3,21:18:23,
1764,0,14,1,600.0,UNSAT,2.5,57722,3674268,,412605fc7c498c855650bf9dc99799c727512981c0af2824201b416198c0217a,drat-trim,2.4,True,806.7,21:18:24,
1760,0,14,1,600.0,UNSAT,4.0,83400,5669266,,3fa82e46875c3eb6dbeaea7430cd3852ef06acc8e9a160c1876e3acc00a33cee,drat-trim,3.7,True,807.8,21:18:25,
1768,0,14,1,600.0,UNSAT,2.4,53324,3616402,,c3a8c60128191a9917023e5f6b825784287828cd51f07a5a357f0cc17b7a7fc3,drat-trim,1.9,True,810.0,21:18:27,
1727,0,14,1,600.0,UNSAT,13.5,221246,16286914,,423dbcd05ab3a3bec0bb1a28f491b9e2146c4e0a757103beed03bfbf2e5c0d7e,drat-trim,14.3,True,811.4,21:18:28,
1719,0,14,1,600.0,UNSAT,24.6,307506,24509245,,7a4ea3b8da88552445599cb1aa8f970176bc6b8b11ec1586ceb351b05d620a4c,drat-trim,19.3,True,811.9,21:18:29,
1761,0,14,1,600.0,UNSAT,6.6,123409,8652754,,2a479c31eb3aa8dbe28d2f8739d56c22d94064a27315054c2ae47153612fa329,drat-trim,5.7,True,812.7,21:18:30,
1769,0,14,1,600.0,UNSAT,3.7,77407,5546854,,423e667c2301cd5dda2fbbb8ec96fdfc78271bf424e9ffd2e0eee25b207f7391,drat-trim,2.9,True,813.1,21:18:30,
1713,0,14,1,600.0,UNSAT,31.2,388775,30732134,,c8dbb6cdb4c39ffb28a86055da654913a61d5ccf4cbde5f1544672dcc74ce8d0,drat-trim,24.3,True,813.4,21:18:30,
1715,0,14,1,600.0,UNSAT,27.9,349323,27830209,,4df495ede6b15764466017cfb894a2100287b4e2c747603b37f16790e002fde3,drat-trim,23.2,True,813.5,21:18:31,
1766,0,14,1,600.0,UNSAT,5.5,101230,7495764,,1e391395a217fbc238a00c9b089731ebbe5592a539c43eb16ec9736d99e2a7fb,drat-trim,4.3,True,814.3,21:18:31,
1762,0,14,1,600.0,UNSAT,6.9,122243,8711867,,ea2e6a838c2f3a80c6c5d2ebb588acc1fa84e79c51101e788127a5e85730ebda,drat-trim,6.1,True,814.3,21:18:31,
1770,0,14,1,600.0,UNSAT,5.3,98784,7108524,,2b384a8fa8392838d986af778c625c347a23ab46aad57cd4b1f7b3f35513afd1,drat-trim,4.1,True,816.1,21:18:33,
1780,0,14,1,600.0,UNSAT,1.3,28864,1932228,,0d467832a4467cf187f22a3eb97dfc31eba4da67b47ff5dd185090ac893877b9,drat-trim,0.9,True,816.5,21:18:34,
1765,0,14,1,600.0,UNSAT,7.6,132453,9438905,,c5fc2ea3631f998ac2fcc8ccb3792510036d51e8579e3cfb9b957b142a635e67,drat-trim,5.6,True,816.9,21:18:34,
1772,0,14,1,600.0,UNSAT,4.1,87250,5744116,,89c65c1c09b198f6dacbdf081a9c9940327696b9bc8548f64fa4a7ec6cda7144,drat-trim,3.2,True,817.3,21:18:34,
1773,0,14,1,600.0,UNSAT,4.3,92823,6437485,,a279bddd09d6cdf89dd05e928eb0029b05107f97e56afc5a4ba6a9095248399b,drat-trim,3.7,True,819.4,21:18:36,
1784,0,14,1,600.0,UNSAT,1.2,28034,1989628,,0e24eabbf54cc11a655dad71f743ab64a88ae54611c2de8bf4a4467e76c3d26c,drat-trim,0.9,True,819.5,21:18:37,
1781,0,14,1,600.0,UNSAT,2.0,44974,3108753,,03f5e8c6fede0b8ce974db9ab18b9da6153416bae9cbb8c748e7045e95986caa,drat-trim,1.4,True,819.6,21:18:37,
1774,0,14,1,600.0,UNSAT,4.7,95018,6636837,,081d8effe16b4b066f139057051337b588ab37b4bfbc6891649427cd536e380e,drat-trim,3.8,True,820.6,21:18:38,
1785,0,14,1,600.0,UNSAT,1.7,36142,2446366,,cb4109da0887c259d070be9110ed39896553b2b337b1aa7e1f9a475385da0e36,drat-trim,1.1,True,822.3,21:18:39,
1771,0,14,1,600.0,UNSAT,7.8,156347,10960385,,d9eb46381dd6df7dfe4097bd54acb2f168f60ea898bf1c93c6088fb2be57c853,drat-trim,7.5,True,823.1,21:18:40,
1783,0,14,1,600.0,UNSAT,4.1,83757,5937240,,8f86866e818203d325a3ac9d6d7bc67e9a68aa455bc598cba27a60c5dda26af4,drat-trim,3.5,True,824.5,21:18:42,
1767,0,14,1,600.0,UNSAT,10.4,175977,12727477,,7a7a0f5bbd55652f9d5bf9add52d7ecefafef890a02a362c27ef5242f96f2eff,drat-trim,10.0,True,825.7,21:18:43,
1787,0,14,1,600.0,UNSAT,4.0,84501,5710117,,bfbc61e0c80fa234db3205585622ae540642a542ace99d11e7bdd51cf985a0d4,drat-trim,3.5,True,827.2,21:18:44,
1763,0,14,1,600.0,UNSAT,12.9,217528,16108648,,10b2d779f9183e5d1cdba6ce2f6edc2dadf29ac7f6938a24e02925a9a5a9652a,drat-trim,12.9,True,827.2,21:18:44,
1792,0,14,1,600.0,UNSAT,1.3,30426,2124764,,2e29d504ae3ddada33bfdaea3e6893bc50fae73eebf1633e186bba4042c63e61,drat-trim,0.8,True,827.7,21:18:45,
1778,0,14,1,600.0,UNSAT,7.9,148661,10285686,,42c695bdc1244ad6d247acb581dbcec80d68fde73d1d709e9b2e63534de6d814,drat-trim,7.5,True,828.9,21:18:46,
1782,0,14,1,600.0,UNSAT,7.0,124470,9560711,,95ee34e5a1090417217ded6ef6996ed65076db23726585bccea8118851d058cc,drat-trim,6.3,True,829.8,21:18:47,
1793,0,14,1,600.0,UNSAT,1.8,39932,2629373,,4a16feae029baa552bcfce559c480150a4dbdb464dae021c25d9c853d1c3da03,drat-trim,1.4,True,830.4,21:18:47,
1794,0,14,1,600.0,UNSAT,4.0,84644,5658616,,67d7f815b95c7eaf9d33d15559a5dd6d1daf56c4cad19e5087e6a38ed7f8e1c0,drat-trim,3.6,True,834.7,21:18:52,
1795,0,14,1,600.0,UNSAT,4.1,90805,5852333,,edd9a31461f8f23c0f363a070b2e4db5b0140f6b068446f2fb00cf470265be2c,drat-trim,3.4,True,835.2,21:18:52,
1790,0,14,1,600.0,UNSAT,6.1,121028,8537378,,9259986d5e4e61f1156c773eb4d57c4fc3a05f93a9613242a1e425be2c63292e,drat-trim,6.0,True,835.5,21:18:52,
1786,0,14,1,600.0,UNSAT,8.4,150670,10758333,,94a784df6902686bc504c8ac0e5039f82e2a7feece8429bb85a7b6f33df0deaf,drat-trim,8.1,True,836.0,21:18:53,
1796,0,14,1,600.0,UNSAT,4.0,81478,5463120,,16da024e47963878a18ffed10039f1225df49456de293f5dd8fb374fae3b1812,drat-trim,3.2,True,836.2,21:18:53,
1801,0,14,1,600.0,UNSAT,0.6,12902,821850,,352fe66961fa8f969ebbb66242a362393903dd2159acfaa9f13fc2055580475d,drat-trim,0.5,True,836.5,21:18:54,
1800,0,14,1,600.0,UNSAT,1.1,22516,1588898,,0877e8e0e7535f2a9ca90c1d3c3a35839023f000212f1aa04480c7d8c407d653,drat-trim,0.6,True,836.9,21:18:54,
1776,0,14,1,600.0,UNSAT,11.5,207194,15518473,,ba13778dce60d03a9f30e859714ebbcdc8f0492df7f8d9e7c4609c6116638113,drat-trim,12.2,True,836.9,21:18:54,
1797,0,14,1,600.0,UNSAT,4.2,87469,5906492,,4167755a07de06539dce9207c80d66ecc797fa7800daea2c73552198422242ea,drat-trim,3.3,True,837.4,21:18:54,
1802,0,14,1,600.0,UNSAT,1.1,23723,1733579,,5b1885e9f3d30e8f07d9cd0218234f811740d84407a42c02f816f0293b4be218,drat-trim,0.6,True,837.7,21:18:55,
1803,0,14,1,600.0,UNSAT,1.1,24883,1769253,,0f4354ed51483cf9bb4dce24afa07133040956f4032471fdae4fb6a85bcf4e41,drat-trim,0.7,True,838.1,21:18:55,
1808,0,14,1,600.0,UNSAT,0.8,17468,1351790,,0258fb212307d957bd3607a90d0ecdbfb91a3acb08eea3b172d1ce26a5a3c4fe,drat-trim,0.5,True,839.0,21:18:56,
1809,0,14,1,600.0,UNSAT,1.0,20823,1669211,,b072e66efbc06b2f16cea5f991b9f1fd1eaffc34e815e2dd50bf4f638057a6c5,drat-trim,0.5,True,839.6,21:18:57,
1810,0,14,1,600.0,UNSAT,0.8,17675,1263040,,359844bc3da0fab7ac8ce78c431b37ece281187fc6107b4c03a5143e4304129d,drat-trim,0.6,True,840.4,21:18:57,
1775,0,14,1,600.0,UNSAT,14.5,237833,18388773,,687ec72090a769d1338ce864ed82b27ebbd00dcdec378121ef57a64e26ba997f,drat-trim,13.8,True,841.0,21:18:58,
1811,0,14,1,600.0,UNSAT,1.4,31527,2366559,,48a17f7fd904576cd9c8c85580273fdd9649525949e390da554f97abeac73dff,drat-trim,1.0,True,841.9,21:18:59,
1805,0,14,1,600.0,UNSAT,2.9,64254,4368406,,1feef4b11eff63515afce908a5da59125447c558c3d2433048539385566d1304,drat-trim,2.2,True,842.1,21:18:59,
1788,0,14,1,600.0,UNSAT,10.9,193512,14794896,,4e5edbc5bc286dc967051fb4f045d052d13db353f7e0647cc1fb64ab34426ab0,drat-trim,11.1,True,842.6,21:19:00,
1804,0,14,1,600.0,UNSAT,4.0,87552,5896822,,a2d725c59012965cc9946049d92dfd22e9e915ce5db214098f179639100f20c9,drat-trim,3.3,True,843.9,21:19:01,
1777,0,14,1,600.0,UNSAT,15.5,258606,18882337,,b178571af5db8d6028340956432cd61c6dc0abdc0ec7f24e6504ccee6e485924,drat-trim,15.1,True,844.2,21:19:01,
1816,0,14,1,600.0,UNSAT,1.0,18691,1560316,,a75e1d03667c43bcba7de96f35cc4d2a7218f281c2f09dfcea2b1e7891867e9e,drat-trim,0.6,True,844.2,21:19:01,
1807,0,14,1,600.0,UNSAT,4.5,92781,6726558,,bf00092510420e25831da66b7bcb334ad867aa0100597006c5a477e32602ffde,drat-trim,3.1,True,845.0,21:19:02,
1817,0,14,1,600.0,UNSAT,1.0,18552,1584309,,3e4b9631cec2c1178a9f73ee5e537d1d038ec339cddb8d6b567cc3371da44ebe,drat-trim,0.6,True,845.4,21:19:02,
1812,0,14,1,600.0,UNSAT,3.0,65425,4384877,,5618b8371d40a7466f2ae1c339e220480ec6162da82112abe3c0c7645214f9da,drat-trim,2.2,True,845.8,21:19:03,
1819,0,14,1,600.0,UNSAT,1.3,31419,2177665,,a502d499fecee04fd69d9e0b6d3ca9ff7e2f93aba5da4c9162038d6472123fc5,drat-trim,1.0,True,846.5,21:19:04,
1798,0,14,1,600.0,UNSAT,9.2,158474,11225549,,7cc0ccb6e7e22de71f780f4bd292e0c381ef65ffdab6bb0cc54db1637178329e,drat-trim,7.3,True,847.0,21:19:04,
1818,0,14,1,600.0,UNSAT,1.8,39251,2793590,,6971d5a1dc12bf5e8f68173660c696a50ac98f3375e730a0270f2812c7a00b67,drat-trim,1.2,True,847.2,21:19:04,
1806,0,14,1,600.0,UNSAT,6.3,121127,8649969,,295107a81b49cde55abc1362ab5a9212273b817fda1d57fb3808f54c9ac49d32,drat-trim,5.3,True,848.5,21:19:06,
1813,0,14,1,600.0,UNSAT,4.7,93064,6416063,,8476e9c2cab3456fdd5c32dd2c27409a0af4e5b67c8fb21dfafe5b704c2f9f22,drat-trim,3.7,True,849.4,21:19:06,
1820,0,14,1,600.0,UNSAT,3.0,64279,4375761,,3f129267ec7d5f8ed3cf582e782b090adbe167253bfa3bd8707797af047fe79e,drat-trim,2.2,True,850.1,21:19:07,
1814,0,14,1,600.0,UNSAT,5.4,105088,7480507,,4434539ff5131524badf46652f8878cb8ef041d36069a41e737e649edf0aeb8b,drat-trim,4.7,True,852.0,21:19:09,
1799,0,14,1,600.0,UNSAT,9.2,165040,12114984,,325f8eb2137f992585cc71dc16624916007af74b98b11fbd7d89e8372c109f5a,drat-trim,8.0,True,852.2,21:19:09,
1815,0,14,1,600.0,UNSAT,5.8,115121,8560516,,0f2e22faeb89041b69daa64d6fafba91da2bd8cd3529e6f54496b174f3f2fba2,drat-trim,5.2,True,853.1,21:19:10,
1789,0,14,1,600.0,UNSAT,15.9,265115,20403549,,c964e0f90e2b85c6ccedbe2b9ffaa46204dc2ade38cf322fe945ce713185ac5a,drat-trim,15.0,True,853.2,21:19:10,
1824,0,14,1,600.0,UNSAT,3.2,69464,4913450,,14d781f9eb7b57e72e954fefa4ec51c3e3f2927bad3db3519511e07d03106a7f,drat-trim,3.1,True,853.3,21:19:10,
1828,0,14,1,600.0,UNSAT,2.1,44651,3018377,,cfb4370d45c388c90380de1e2af96b22e489319f703f0f55477474fee0522965,drat-trim,1.3,True,853.6,21:19:11,
1832,0,14,1,600.0,UNSAT,0.9,19653,1453870,,c86b67248e7b9fe711a4a1ce0214930e1545b1b8f01165936a217ff49c9b2ef7,drat-trim,0.6,True,854.7,21:19:12,
1779,0,14,1,600.0,UNSAT,21.2,312689,24101135,,bfeab01513fa740072a4be129addd8b289081ee97de20fd776966031bd95e5fd,drat-trim,19.2,True,854.7,21:19:12,
1833,0,14,1,600.0,UNSAT,1.4,33718,2366187,,d5d64c51b8063cf3fe9557e6e3b51e920696a84a9f6d138464a61c1732b789e7,drat-trim,0.7,True,855.4,21:19:12,
1822,0,14,1,600.0,UNSAT,5.1,100079,7221276,,72fdf5a7d2f97eb5de2ecfb8817afbce31a966abb3dac8bcb6ea57fb5e746f6c,drat-trim,4.5,True,855.6,21:19:13,
1826,0,14,1,600.0,UNSAT,4.1,80563,5813964,,bde5579c78b29eb2d4f9dadc7c91830320c1cfc337c92c8ba51a222184bdc074,drat-trim,3.1,True,855.7,21:19:13,
1834,0,14,1,600.0,UNSAT,1.5,36547,2431465,,64b92afe4e2bf90a217d2434a2c6104a903de3ce617e5f07bc37353dd7f55ebd,drat-trim,1.1,True,856.2,21:19:13,
1829,0,14,1,600.0,UNSAT,3.0,65601,4452981,,cba9a8e73383bde0bd2ae6d8dc5cfa54994fef8081f4ab2a13c30c8de4423aa4,drat-trim,2.1,True,857.3,21:19:14,
1840,0,14,1,600.0,UNSAT,1.0,21911,1585539,,7b721cbc7f76c3ed224b1ccd100e4a3f7071554f2eaeb27083bded875f34344c,drat-trim,0.7,True,857.9,21:19:15,
1791,0,14,1,600.0,UNSAT,16.5,275385,20588056,,295a8c90beb93db39272638bf32c5ab948bb52a36b790846583f96b09a4ee2b7,drat-trim,17.2,True,858.2,21:19:15,
1841,0,14,1,600.0,UNSAT,1.0,25344,1858226,,7340e64bcf6f447d51f8a900da09aca9c0a46bb3ae7806173542f607358ed3c5,drat-trim,0.7,True,859.2,21:19:16,
1835,0,14,1,600.0,UNSAT,2.6,60774,3979749,,9c8237375d5f3dd31a409b6008928d03046de9dc625b847dc5eba914d43cd818,drat-trim,1.9,True,859.2,21:19:16,
1821,0,14,1,600.0,UNSAT,7.5,134130,9274601,,3012688317b11d4cc7fd5283e51df83e94fa0adbf74c5aa94ad08f6fefdf34f1,drat-trim,6.4,True,859.2,21:19:16,
1842,0,14,1,600.0,UNSAT,0.9,21779,1539661,,81c7b186b7cd921e6c9d327307ba6556fd2a5015401b3b7d8ebd7b5d15d2b320,drat-trim,0.7,True,859.6,21:19:17,
1823,0,14,1,600.0,UNSAT,7.5,136856,10211306,,b7fb59ae345b9bc8beea8f5451302cc8cc64717fdbfabfef6259d294c87a4744,drat-trim,5.8,True,859.8,21:19:17,
1836,0,14,1,600.0,UNSAT,3.5,78328,5336561,,7a78855b16bbd3cbae2058ceb2cb205b64e285d6ce28f5e9db9f326a99e6ef16,drat-trim,2.7,True,860.9,21:19:18,
1848,0,14,1,600.0,UNSAT,1.0,20108,1498696,,c2e2c314afdca36ca67bd5b8b8f1e76f904a7ef7a6798695947d9444888b3e49,drat-trim,0.6,True,861.4,21:19:18,
1843,0,14,1,600.0,UNSAT,2.6,61054,3987222,,e870de6b82d5727d88eeac9f56c50245646c13d7d87007816970c17cdbbd2f23,drat-trim,1.9,True,862.7,21:19:20,
1850,0,14,1,600.0,UNSAT,1.7,40950,2702942,,c764146bc4f3c31c324309ef93e7626299141da315be1b57d4e539ac9e042c7e,drat-trim,1.2,True,864.3,21:19:21,
1839,0,14,1,600.0,UNSAT,5.1,108703,7563291,,c37d2af342ca2e0b06e702464618e85d6734b00acb125c3ebcef34ed487b08cf,drat-trim,4.5,True,865.2,21:19:22,
1849,0,14,1,600.0,UNSAT,2.6,62785,4554737,,e034fdd694a2bd9d40ef96680def9c6256adff8ad19ad1941ea02480c98b9410,drat-trim,1.7,True,865.3,21:19:22,
1838,0,14,1,600.0,UNSAT,5.3,108133,7758032,,1b75ef97830f9c1950c964d317cc65195aec32785dfe925770b6e4afab5c6c05,drat-trim,4.8,True,865.7,21:19:23,
1845,0,14,1,600.0,UNSAT,4.4,88091,6396909,,45a34a1a0df0d7c8a407257773086aa085d396b0e4feb9a4aef857d7e4bd06b5,drat-trim,3.2,True,866.7,21:19:24,
1844,0,14,1,600.0,UNSAT,4.2,94532,6380489,,6984fff53f3eb6e914156d4f60dad57b2ecf14026ed3a96a32428dd35e598f3b,drat-trim,3.4,True,866.8,21:19:24,
1837,0,14,1,600.0,UNSAT,6.7,134629,9377688,,dee361d461b2c4b47874376b40eaf0bc193733e6df4d50837764661c1b4e9af0,drat-trim,5.8,True,868.0,21:19:25,
1851,0,14,1,600.0,UNSAT,2.9,64283,4466416,,305e9f1208ee9a0d453371a40dd57cdaee72755c5c6134a314b2106125d84394,drat-trim,2.2,True,868.1,21:19:25,
1847,0,14,1,600.0,UNSAT,4.9,97900,7148071,,464d6668821e9d28c0b64adf19ee15692d7b4a76c43b0071b1366b4c7b2c4ab9,drat-trim,3.9,True,868.4,21:19:25,
1856,0,14,1,600.0,UNSAT,1.0,23525,1753100,,1daa5555a6ee251e0951cab6a914019ebe865dea2fd2ea51f9bc8629c74582d6,drat-trim,0.7,True,868.5,21:19:26,
1857,0,14,1,600.0,UNSAT,1.2,27518,2103338,,e6473cb8518a609af0631c5d53a4d3cc52170a2f82d5ec4ff0c37846753c9583,drat-trim,0.9,True,868.9,21:19:26,
1831,0,14,1,600.0,UNSAT,8.4,164954,11362396,,3d8b2eca772117cffae3ce389bdeb74bef57daedc2a291fc640495aa41e0e9aa,drat-trim,7.4,True,869.0,21:19:26,
1830,0,14,1,600.0,UNSAT,9.2,171038,12111251,,e6eac24da8d15bee1ab584e4f763ec075ecddb8cd7f30cedd3feb02d579b2635,drat-trim,8.5,True,869.9,21:19:27,
1859,0,14,1,600.0,UNSAT,1.7,40708,2777336,,09dc7a454bfdcc39c3608d138da76a5abc66df6d53babf5c28c1002067c24e02,drat-trim,1.1,True,871.0,21:19:28,
1858,0,14,1,600.0,UNSAT,1.9,42966,2849334,,cf09c62dc93630716f46f83e1fa3ec6ec52a75c1efc68720f5d40bc51112332f,drat-trim,1.2,True,871.2,21:19:28,
1846,0,14,1,600.0,UNSAT,6.6,125691,8839669,,81e89975bb08cc3e8be171d5578b6748e3116f7139223d8421765f2d87a25b3b,drat-trim,5.6,True,871.4,21:19:28,
1864,0,14,1,600.0,UNSAT,1.1,28018,2042031,,9c235ab06a82a93cecb47e1de32e729fcb5d59081d5214c0089dd6279f4327d8,drat-trim,0.8,True,871.9,21:19:29,
1860,0,14,1,600.0,UNSAT,2.3,52484,3949007,,8c88715119106c19f969b9003074fb3fe2b21c1d56f688ba26d6d63f7c899794,drat-trim,1.8,True,872.5,21:19:30,
1825,0,14,1,600.0,UNSAT,13.5,234119,17209741,,a82090fbb588efe2c35be82c0266241b611472f4d0ab6527d5c1339cc510982e,drat-trim,12.2,True,872.9,21:19:30,
1852,0,14,1,600.0,UNSAT,4.9,100227,6766407,,5e5a47acad6668c6a408798c80522da7ba92f4c518ba1efa09649967319d7d50,drat-trim,3.9,True,873.1,21:19:30,
1853,0,14,1,600.0,UNSAT,4.7,96199,6971073,,cb6cfe519029ef555ac188114f91c979420027615f20b0566015d896871b011a,drat-trim,3.6,True,873.6,21:19:31,
1866,0,14,1,600.0,UNSAT,1.5,34745,2433725,,e9b094650960db44c881bab1c1df4b55fc17764606c78e2d5128f12f48eec3a1,drat-trim,1.0,True,873.7,21:19:31,
1865,0,14,1,600.0,UNSAT,1.8,41942,2858034,,b58855f8caf81e460a9f06d4d101ca42ef937dc616bac8d70f7789b8f954b68e,drat-trim,1.2,True,874.0,21:19:31,
1862,0,14,1,600.0,UNSAT,3.0,65368,4409098,,661cc53334e773166a67fac6e6831fb6fb014da5bd3970d4ea98c623d2a5ccc4,drat-trim,2.3,True,874.2,21:19:31,
1855,0,14,1,600.0,UNSAT,5.0,96650,6987261,,987d08cc6a719b413723a546cfbccbd3cc69e9e41949765c23e9799ee9388fc0,drat-trim,4.0,True,874.7,21:19:32,
1854,0,14,1,600.0,UNSAT,5.2,108459,7589289,,bbd30844ce4c659d42ed734ff40a1a2e78819efb6b5cf6de41eb6994f0a1f9bf,drat-trim,4.3,True,874.8,21:19:32,
1827,0,14,1,600.0,UNSAT,13.3,226944,16611110,,0f4313996226607fb11a6f93041720557bd6172c05f5651fe5719403d4c0838d,drat-trim,12.6,True,875.3,21:19:32,
1861,0,14,1,600.0,UNSAT,4.0,81736,5898009,,19f38ced95409ae438f4d0c5ce49b35b8ddb3884e2d51c6e7e8e56e0c50b6f04,drat-trim,3.1,True,875.5,21:19:33,
1867,0,14,1,600.0,UNSAT,2.4,53672,3705301,,4bdd03c1f18275126fe0530ba1ccbaa55e1c61b30902ee053ef62facb2b39658,drat-trim,1.9,True,875.7,21:19:33,
1872,0,14,1,600.0,UNSAT,1.6,37432,2527971,,9a9d46371b2275300e78ff0fb8d352464296ce78de767dc5380ba716dbbd70ab,drat-trim,1.1,True,876.4,21:19:33,
1863,0,14,1,600.0,UNSAT,4.3,92930,6474325,,2aa3d235ed4a4e213e34d8f70a28e5725d937257878e4dd5c2d0fdde1706c06b,drat-trim,3.5,True,876.8,21:19:34,
1873,0,14,1,600.0,UNSAT,2.1,46273,3173387,,149601c41df007caad1849b950ec53b1c94feb038fe902da3bf2a7fa2df46924,drat-trim,1.5,True,877.3,21:19:34,
1876,0,14,1,600.0,UNSAT,1.7,35867,2448015,,f732ff4d953457ed86f5457cb14b4e299e515209d6fc24c77dd948aeea732b51,drat-trim,1.0,True,877.4,21:19:34,
1877,0,14,1,600.0,UNSAT,2.0,44913,2919329,,7bca089bdb088c816c11a5c4fa1139ae59180e25118c2cb4a4fe7fa7e1b97166,drat-trim,1.2,True,878.1,21:19:35,
1880,0,14,1,600.0,UNSAT,1.7,38136,2653020,,94f990ca383f9dde79ba76adf9f6473479ca26f4e3ae6bb75ab9b472e970e751,drat-trim,1.1,True,878.5,21:19:36,
1874,0,14,1,600.0,UNSAT,2.9,63767,4138532,,6d03d48bc43208fee3fbcadfab6ca5347eb0e1b4418eefe0a0b80d96420773e1,drat-trim,2.1,True,879.1,21:19:36,
1881,0,14,1,600.0,UNSAT,1.7,39867,2733950,,3a04e186b493980541fca5087cae4285a05ffd45d6523a7ccf21d968db63a52a,drat-trim,1.2,True,879.4,21:19:36,
1884,0,14,1,600.0,UNSAT,1.5,36037,2402835,,12379c29cae9a86a62c8d55c2728707ddc8ff1192781687c74bd8165b3c24a0d,drat-trim,0.9,True,879.8,21:19:37,
1875,0,14,1,600.0,UNSAT,3.2,69031,4913343,,1376f2a1e5d537c626ff6bac936e9e0df7818361dcefb7d8b72d110a61288035,drat-trim,2.5,True,880.0,21:19:37,
1882,0,14,1,600.0,UNSAT,2.6,59970,3951501,,46fd668a46e3ae6f1fbb673aeb59249150edcf851425551cde42ee498f5dff46,drat-trim,2.0,True,881.4,21:19:38,
1879,0,14,1,600.0,UNSAT,3.4,69996,5230708,,6a7700b1e77684398e5ac119df254b5ab1fae4a03418be9fe572816b8553c52d,drat-trim,2.7,True,881.5,21:19:39,
1870,0,14,1,600.0,UNSAT,5.0,102640,7113873,,0ccf05fe9ce9cf3472fe09810e6878eff14809ac14cd5af409eaca2b9a24691d,drat-trim,4.0,True,881.9,21:19:39,
1871,0,14,1,600.0,UNSAT,4.9,99350,7048263,,f4f95b6533d10b107126fb28a0fed783bc5b54a6bd2fc13e762a8ded900c9c1c,drat-trim,4.0,True,882.0,21:19:39,
1869,0,14,1,600.0,UNSAT,5.5,115713,7667384,,878226579aa2922a096a1e62508acf59bd25bac69054383430a8a2f52c5f2fd2,drat-trim,4.6,True,882.6,21:19:40,
1883,0,14,1,600.0,UNSAT,3.1,67755,5200379,,63487c4de61445bd647fc52a2d0145f1d06443ef4946d406cf5b042a13b32acb,drat-trim,2.4,True,882.8,21:19:40,
1885,0,14,1,600.0,UNSAT,2.7,61171,3794845,,208229026fe8e6fdd33ece1660168adb9a78922716608b36cb01e2514eb6b2ed,drat-trim,2.2,True,883.0,21:19:40,
1868,0,14,1,600.0,UNSAT,6.3,137934,9131578,,7c1ab9ac541acbad65ea505514c9194e8cc51b4378c35c42afab495f2c80ce09,drat-trim,4.9,True,883.1,21:19:40,
1886,0,14,1,600.0,UNSAT,4.3,90031,6328165,,a3264e6fa4ae4fa926f73b6d26202faae90b4da7b86dbaa7d6f7c2a6e07f9118,drat-trim,3.6,True,886.4,21:19:43,
1878,0,14,1,600.0,UNSAT,6.2,123113,8537648,,bdf14bc0d84a01af698437acc89f337851ec205d7d78ff04e7832c83030b833c,drat-trim,5.3,True,886.8,21:19:44,
1887,0,14,1,600.0,UNSAT,4.5,90053,6601870,,e7dc5b410ac9a8c7fdec990180ed8cd2613c83a9cfd837862e4c14eb13136833,drat-trim,4.0,True,887.6,21:19:45,
1896,0,14,1,600.0,UNSAT,3.5,74100,5367989,,a5bfd319e6aa4a5a9acf43317e04f7e5f20793b978ecfbb9e790500fe068fc6a,drat-trim,2.5,True,888.7,21:19:46,
1888,0,14,1,600.0,UNSAT,6.4,128705,9307685,,89df36553dbda232df162ce0e237a28fdb081a3ea5e915202fe688d95380f803,drat-trim,6.2,True,891.9,21:19:49,
1889,0,14,1,600.0,UNSAT,9.2,172124,12181982,,4be8257ce5c13ba6c4cfd1fb28a9d7ea68ee63168b7cc2d1c79f461d1f6b31a7,drat-trim,8.8,True,897.8,21:19:55,
1898,0,14,1,600.0,UNSAT,8.6,161568,11412047,,213a1c0409314d1d96a91e8e4d9d490ac2146b3b8cd788f875a3ae1ec2d4dcd5,drat-trim,8.8,True,900.5,21:19:58,
1902,0,14,1,600.0,UNSAT,7.3,130668,9821974,,7b528d14252429f98ebf945f378c0157027b214d37fbdcf7101b949068929b1b,drat-trim,6.3,True,902.4,21:19:59,
1904,0,14,1,600.0,UNSAT,5.6,100700,7343277,,f29d50c07709cf84693957061c14efe3b10f3b5ce78c2a47627c317edcb73855,drat-trim,4.5,True,908.2,21:20:05,
1892,0,14,1,600.0,UNSAT,14.5,242596,18202851,,2937e3c52f2d8bffd64da29026a2f6ddc3dd871d587c1c657cd7ad64fae50fa0,drat-trim,13.5,True,909.5,21:20:07,
1906,0,14,1,600.0,UNSAT,4.7,92459,6832641,,dc8388e6f40f34d08b2197652d749bdf405ba841b31d62cb840273c62e75299e,drat-trim,4.0,True,911.1,21:20:08,
1895,0,14,1,600.0,UNSAT,14.7,254289,18734752,,36c2f2e56f8e54925b6d772de3e58a7cb22cd22c1a4b28ea02c3a0a617ba45f4,drat-trim,15.1,True,912.5,21:20:09,
1891,0,14,1,600.0,UNSAT,15.0,260254,19139718,,06be59a90d5dbc0be1cde3dc12359c7c9bc31a7f4754e0a649a663f1e3907e8d,drat-trim,16.0,True,912.5,21:20:10,
1897,0,14,1,600.0,UNSAT,16.2,266071,19331957,,049bafe9b2a0cb359ec6f6d30556398449a8efb0905c39cf4b8e3967658e7990,drat-trim,16.6,True,915.8,21:20:13,
1890,0,14,1,600.0,UNSAT,19.4,304483,23630347,,04fbae9e50c0a462cb534a9e1d94043bf7965d13c7a0568a00ae696461c28336,drat-trim,17.8,True,917.2,21:20:14,
1894,0,14,1,600.0,UNSAT,18.8,311447,23699759,,737568b5710519570f1142f447672eb4b4d402bc6a8cdbf98ea93265afe99e9b,drat-trim,18.7,True,919.5,21:20:17,
1905,0,14,1,600.0,UNSAT,9.8,167989,11707666,,a1ee66a3cc6bf7ad1c6999fd0b2a0cffc9d11ca3671a018fc3cb8e3abb290060,drat-trim,9.9,True,920.3,21:20:17,
1899,0,14,1,600.0,UNSAT,17.5,292147,21636384,,b3fbbd8bd56de77df3bcee2969a7c0a84411be56c9b2d7e1b0dfcb4cf06152f5,drat-trim,18.2,True,922.3,21:20:19,
1900,0,14,1,600.0,UNSAT,19.9,288713,22784031,,154a9da6e2c6f02832d5ae252ad3feb9c071ae42746db3caf7adb7cf16cee748,drat-trim,17.9,True,924.6,21:20:22,
1901,0,14,1,600.0,UNSAT,19.6,316467,24048517,,4875922eeac7d9ba5b412bdfc59a3bc1bcba661cf61d8f6a4831eb508f7b0a9c,drat-trim,19.0,True,926.2,21:20:23,
1893,0,14,1,600.0,UNSAT,23.9,368396,28177329,,d265d9c55ae11ddceaa3fd01da1a57d19f0f5ea6578a6cfd9d9c0c371c67199f,drat-trim,21.2,True,927.1,21:20:24,
1912,0,14,1,600.0,UNSAT,8.1,145804,10263579,,80e5751eecc484c40a95fcb1124c7bfdd61d6fa741c80bd73dfe4e794a1f9b8c,drat-trim,8.0,True,932.1,21:20:29,
1920,0,14,1,600.0,UNSAT,1.1,27247,1884008,,4ef2312488b3ce46d38f233a9de3d575aa1ce0718ae5babf12b5bbb8a39d4698,drat-trim,0.9,True,934.2,21:20:31,
1914,0,14,1,600.0,UNSAT,8.2,140297,10526291,,11834916c0fc656c84f2ada6111e5465067fbae6f8574bc658dba8d4e9b30b16,drat-trim,7.7,True,935.4,21:20:32,
1910,0,14,1,600.0,UNSAT,12.5,208668,15841933,,39551f61df3ddd750b9855d1ee5ea5b44411f49f96baa45e0a0c373f2ff26407,drat-trim,11.6,True,936.6,21:20:34,
1909,0,14,1,600.0,UNSAT,13.5,216131,15483809,,ee49fcdbff2296c1ca3f0df854a70029e1ffd232241033917eb5d2415c6f5ee6,drat-trim,13.6,True,938.2,21:20:35,
1921,0,14,1,600.0,UNSAT,2.2,48490,3320303,,eecebc7f45f5ee5dacf9e5c629e32febaf0e289cbaf5565e7f122e361b765b29,drat-trim,1.8,True,938.4,21:20:35,
1907,0,14,1,600.0,UNSAT,14.3,236581,17880077,,c0e430e81c01f3b959f3a0d7458b027d1636d8da3c1cd123f01fab6cbb4848fd,drat-trim,16.0,True,938.7,21:20:36,
1925,0,14,1,600.0,UNSAT,1.9,41993,2970304,,9dd891b5d06fffd0f546cd6873abc030c063052ca5d2c9401ea32bcc7618b72c,drat-trim,1.3,True,941.5,21:20:39,
1922,0,14,1,600.0,UNSAT,3.5,72529,4981753,,be99b55e9ceb30a050bf39f36573b9db04f530e137664d8d7130ef00df9555b0,drat-trim,2.9,True,941.8,21:20:39,
1928,0,14,1,600.0,UNSAT,0.5,11300,682033,,8483675eafa05b1604c7ffc8b02852955ffd9cfdae9aeca6fc6efaec7a68d730,drat-trim,0.4,True,942.8,21:20:40,
1924,0,14,1,600.0,UNSAT,2.8,59763,3967973,,084b1028712c2ea526b7b54f047e2bcfc6b3ce2ec6e34c17caed7d12e898c606,drat-trim,1.8,True,942.9,21:20:40,
1908,0,14,1,600.0,UNSAT,17.3,267188,19694671,,044683ed780037652a2ff5abbb38e9f5454f3edf3c04e241b8f9878e3676206f,drat-trim,16.6,True,943.5,21:20:41,
1923,0,14,1,600.0,UNSAT,4.0,80674,5526618,,76b37f793ac108194968882cb8f0c0514c1a229b4e3a8170391db36670bd0008,drat-trim,3.0,True,943.6,21:20:41,
1913,0,14,1,600.0,UNSAT,13.9,225110,16197685,,ababd77feb311699cd229ba05688018b54d290cd1e83e848b5d7ccd97c8927d2,drat-trim,12.9,True,944.0,21:20:41,
1929,0,14,1,600.0,UNSAT,0.9,20807,1525217,,66d4a5b60ed647584816fa417107c158504d929b203670da1a90c68a0f18413f,drat-trim,0.6,True,944.3,21:20:41,
1930,0,14,1,600.0,UNSAT,0.8,16198,1235012,,d98fadfc3041843e21c5a4067e2ba5f89a75b551f4b1c1cb60012e8d8eada2b4,drat-trim,0.6,True,944.3,21:20:41,
1931,0,14,1,600.0,UNSAT,1.2,30613,2328110,,d00ff8ab2164691d2efe92fa2e475daa158896b0a8ddb0b98e489a570e1633e0,drat-trim,1.0,True,945.9,21:20:43,
1926,0,14,1,600.0,UNSAT,4.2,86293,5492992,,21ee1761218d7a54638f0b16ba0ad6ef4e9a54e18811484011be15aaefeaaf12,drat-trim,3.4,True,946.3,21:20:43,
1903,0,14,1,600.0,UNSAT,27.4,379117,29377655,,773fe06f21cfb27fc52e79dcc147ea9314d2fcda507e6b43341e04d554b7f869,drat-trim,27.3,True,946.8,21:20:44,
1918,0,14,1,600.0,UNSAT,11.5,175147,12021625,,420cf5fa9a5ff223db7ec87593970bd04a209e4f7d6518d4e028aa2d6f10f90a,drat-trim,9.2,True,947.0,21:20:44,
1933,0,14,1,600.0,UNSAT,2.6,57917,3726318,,c6f1d388c49cbdddeb2682eb39aa2b39602ef41a2b7cf9ec303f5e11975da5df,drat-trim,1.8,True,948.4,21:20:45,
1932,0,14,1,600.0,UNSAT,2.9,61981,4013838,,9d969699aace49ec271f55d7f530cb937a6282aac4ec86f2172ef14860aa807a,drat-trim,2.0,True,948.5,21:20:46,
1936,0,14,1,600.0,UNSAT,1.6,37524,2362064,,0735d70252aab3e05a960574154eae2277b6c7d72a8ad9db2ba07849add6ea87,drat-trim,1.0,True,948.5,21:20:46,
1941,0,14,1,600.0,UNSAT,0.7,14087,785461,,ebc7d6fee5e066afe0343458d1c3bcfa3825dd77fc602658713e7190513efb2c,drat-trim,0.4,True,949.7,21:20:47,
1940,0,14,1,600.0,UNSAT,0.8,17030,1211826,,85bee05e176de5fcad0a19cb6243e021e36c2a6206aa0a974a96ceabf541bc2a,drat-trim,0.5,True,949.8,21:20:47,
1927,0,14,1,600.0,UNSAT,5.0,109156,7434369,,5a547199f1cdbbba5f222abccd3d30d0427c63615c44a28e82e195f751796804,drat-trim,3.5,True,950.1,21:20:47,
1937,0,14,1,600.0,UNSAT,2.8,60410,3958739,,8bfffa29997fd9a860cc0c00ef6329e5888efbf3b289e307aa39cfc965c6989b,drat-trim,1.8,True,950.9,21:20:48,
1916,0,14,1,600.0,UNSAT,14.4,228137,16905649,,1e323cb9c0c26c6234af109e19814bba24f5d0a6990922ec70feaca3093de444,drat-trim,14.2,True,951.1,21:20:48,
1944,0,14,1,600.0,UNSAT,1.0,23664,1645965,,8d2f2c73f04e01fe135f955474b870bcf76b78de9bd44b847cbbed46ceb280e5,drat-trim,0.6,True,951.5,21:20:49,
1934,0,14,1,600.0,UNSAT,4.1,87163,5990756,,3da511df9c5a118317248e019cdc98d167510a99be4a6351eb41b89d38e42a44,drat-trim,3.2,True,951.5,21:20:49,
1942,0,14,1,600.0,UNSAT,1.9,41795,2901601,,21a9b826a6a9ecfae81e616cadfb0aaf5b8b98bbdf461239ec6065da7faad9ff,drat-trim,1.3,True,951.7,21:20:49,
1945,0,14,1,600.0,UNSAT,1.1,25365,1619484,,09e39857edc4c00d435a1e60e7ad80952eeef2ed20265caf17f7adffc0020b9b,drat-trim,0.7,True,951.9,21:20:49,
1939,0,14,1,600.0,UNSAT,3.0,68829,4510584,,340682f5d86338cd7fb17fde36a29f227dfc4b7d3ee888978337a22a0da44a02,drat-trim,2.3,True,952.3,21:20:49,
1946,0,14,1,600.0,UNSAT,1.4,31040,2166321,,bffa0713046e024ad83e316477ea8d4d568ff2c094b10ec9c4637b292adfcca9,drat-trim,0.7,True,953.0,21:20:50,
1938,0,14,1,600.0,UNSAT,4.1,87799,5771927,,c112a9ba1f69bea94e919bf260b308c0a4f39f7e76f800623eee977a480da16e,drat-trim,3.1,True,954.0,21:20:51,
1947,0,14,1,600.0,UNSAT,1.8,43519,2959265,,9265301fc6c46ca9951a00533ba3ad47ff8c1e89fcd3cc3e8477218d83bfe8a8,drat-trim,1.3,True,954.2,21:20:51,
1943,0,14,1,600.0,UNSAT,2.5,54763,3819802,,f2b6c87c44d92ff24db5920bb524a2c8e00ce3c04ae4cd50541a37e85c596851,drat-trim,2.0,True,954.3,21:20:51,
1935,0,14,1,600.0,UNSAT,5.7,112898,7626432,,cd9a389913ab5d8976d2866575a18c6fd6e576965ddfc18874e39b007e8d1f89,drat-trim,4.5,True,954.5,21:20:52,
1952,0,14,1,600.0,UNSAT,2.0,44686,2908472,,425c239fcc58551f707446be4582789a3487df94c9fcfff8b263e8832b0b3d07,drat-trim,1.6,True,955.9,21:20:53,
1948,0,14,1,600.0,UNSAT,2.7,63888,4043383,,b438ab17b70d173fc75e404f986e7194158aa8862fb4f05492de0848736bf53c,drat-trim,1.9,True,956.1,21:20:53,
1949,0,14,1,600.0,UNSAT,3.4,75351,4734869,,ad39d32eea365ed4c8484753cff1172cf5f4d8ec6cedd0e2256f4fc4e7ae77fa,drat-trim,2.7,True,957.6,21:20:55,
1954,0,14,1,600.0,UNSAT,2.6,59442,4139619,,3bca0367382c9387e67a6972763980feaf680bd11f89253eae4dbc1ed3397917,drat-trim,2.2,True,958.8,21:20:56,
1950,0,14,1,600.0,UNSAT,4.1,88249,5759079,,1862a8c59a0a808bce3b766e2775beea1ecebf72d720b5d29a4c40a6616dc116,drat-trim,3.4,True,959.1,21:20:56,
1956,0,14,1,600.0,UNSAT,2.8,58362,3942036,,8b4e681e38cca4cbbb9fae2c49b63fa486b64adbb4ad7253e5c0f5e0f11174fc,drat-trim,2.2,True,959.3,21:20:56,
1958,0,14,1,600.0,UNSAT,3.1,64074,4536963,,2958d130fefbe7f7f022c372af2474e44cd2dba19238469e4600dbc6e71f8af1,drat-trim,2.4,True,961.6,21:20:59,
1960,0,14,1,600.0,UNSAT,2.3,47473,3310297,,94550925ad4aac9c1e97e6d1c86d216b1d66ac92a52e60196270d61088ec6c37,drat-trim,1.8,True,961.8,21:20:59,
1951,0,14,1,600.0,UNSAT,5.7,110294,7427985,,9fcc8dec9f45d5585ed5f646ac8e7a79d7f1626ac0d26d6590ecf7bf85dc518a,drat-trim,4.7,True,962.4,21:20:59,
1962,0,14,1,600.0,UNSAT,2.4,54193,3798776,,4e05af4b470dc2bf2a6d4eef62f455f9c967ebeda0dc6c38df5d273fc5d88fa8,drat-trim,2.0,True,963.6,21:21:01,
1917,0,14,1,600.0,UNSAT,21.3,313498,24233241,,c801a80e6dec28360da8c3b6a7c0e50b5de276e186dc48be829f70c3b1019df0,drat-trim,19.7,True,965.8,21:21:03,
1968,0,14,1,600.0,UNSAT,1.5,31348,2118892,,eebd9d872992de06f91babe6f786bc8a68aaabe8f34fd44bb913e679252e9bf4,drat-trim,1.0,True,968.4,21:21:05,
1915,0,14,1,600.0,UNSAT,25.6,336696,27659722,,395b935135815a3b0bc269855a2bd1c611f98ad36adc0f53d24d3e7ecc3e8222,drat-trim,22.6,True,968.6,21:21:06,
1919,0,14,1,600.0,UNSAT,21.8,326229,25434499,,5292bc4d5b9642dbca5f7d2490bb111dfd5d392323558ffb26401acc7b9344e4,drat-trim,20.6,True,969.5,21:21:07,
1970,0,14,1,600.0,UNSAT,1.7,41431,2767499,,90e47459690a4d56c2aaa761ba44db6916c2e12b81093aa2e085c5e098b6e7d3,drat-trim,1.5,True,971.8,21:21:09,
1972,0,14,1,600.0,UNSAT,0.9,18583,1425423,,9da58bb1c54896831f38cddd1cc91e5b67432abf8d9aaff9bd9245bd7609143d,drat-trim,0.6,True,973.4,21:21:10,
1953,0,14,1,600.0,UNSAT,11.0,198446,13525129,,9df2f8a2f6b7238d9e0e868d5dd017646654500bf9bd89d044301bfbb8091602,drat-trim,9.7,True,973.7,21:21:11,
1964,0,14,1,600.0,UNSAT,6.2,118901,8586970,,a3a2a985acefda8662e42ace341753fcf8128e2f090869b8289ec68f3153cd6f,drat-trim,5.8,True,973.9,21:21:11,
1959,0,14,1,600.0,UNSAT,9.3,167693,11398882,,ae48c3e67660cfe4d743c5662769637d96d84f6fb267c8a9d7be7ea17312863e,drat-trim,8.8,True,974.2,21:21:11,
1966,0,14,1,600.0,UNSAT,6.4,117606,8299000,,93b0ddee2a04c22815e203d48f391df0e086fa394c900433f442eeb9cd8fda98,drat-trim,5.8,True,974.5,21:21:12,
1957,0,14,1,600.0,UNSAT,10.6,183637,12674733,,386f90174caed6642a7346fd4f9f70a9bfafaba899c07539ca4a485db1973800,drat-trim,10.3,True,975.5,21:21:12,
1973,0,14,1,600.0,UNSAT,1.6,35638,2502282,,5d656c0887c85146357e308e0b4f20478444655fcf1297e66e0c5f29fa9ccee3,drat-trim,1.1,True,976.1,21:21:13,
1969,0,14,1,600.0,UNSAT,4.3,82889,5963976,,07f19a397a1d85dd8981da5cdbedfeacb6e278b628629652b15ce86c57225944,drat-trim,3.5,True,976.3,21:21:13,
1976,0,14,1,600.0,UNSAT,1.2,28393,1944754,,10d4f3dc7037d378657d59aefdd130efabd65ce6aa057078d66ff56cf9ba38a0,drat-trim,0.9,True,976.4,21:21:13,
1911,0,14,1,600.0,UNSAT,34.4,449678,36063600,,61085d431e39275425fc627573b9acb3a743fbe64039a155fde8586dcb10addd,drat-trim,30.0,True,976.9,21:21:14,
1963,0,14,1,600.0,UNSAT,9.3,161950,11596723,,a042dc6a2e4d12f0d2b6525da4dc64e626201d43f713b92a57cf5f19f5ec5924,drat-trim,8.6,True,977.3,21:21:14,
1978,0,14,1,600.0,UNSAT,1.2,27758,1808260,,4e74f30a8d3fe83fa8464a2774320105a86c3b0e6b91764730e2b2dfd5edf98a,drat-trim,0.8,True,977.5,21:21:15,
1975,0,14,1,600.0,UNSAT,2.9,65963,4459691,,70d2a788fd8233aa64300275e19a86dcaaf7cff77a90999b6ff0da7a3e61a36a,drat-trim,2.3,True,979.0,21:21:16,
1974,0,14,1,600.0,UNSAT,3.0,67023,4545719,,6cad271064ceee0819efcac6460fd63dffd5660806586eb5f07c34cd7cd7a084,drat-trim,2.3,True,979.2,21:21:16,
1980,0,14,1,600.0,UNSAT,1.8,40140,2790874,,056a509baa7b4015bcc6ec2794bbec184c384ee5f5677a000ff1f170e6bfe91a,drat-trim,1.3,True,979.4,21:21:16,
1984,0,14,1,600.0,UNSAT,1.5,37278,2564066,,9956c58f1e9794cee8c1d9f21599f3b1f99ad1ac97bfab24da632ef2119003b0,drat-trim,1.0,True,980.0,21:21:17,
1986,0,14,1,600.0,UNSAT,0.6,11885,1162583,,f26c6b4203f2455f488f1ef07238d502a6d1b16a964dab463b88835cd9c3fb90,drat-trim,0.5,True,980.3,21:21:17,
1982,0,14,1,600.0,UNSAT,2.0,45679,3284926,,49564ce3b843e6ffa4deb71990da3175a42d49e7316cadd6512363dfcf4617e7,drat-trim,1.5,True,980.4,21:21:17,
1967,0,14,1,600.0,UNSAT,9.1,159822,11507110,,ab3563f8d438a6110d4df03e010f5b32dc568294de4963e7123050da17919f12,drat-trim,8.5,True,981.2,21:21:18,
1987,0,14,1,600.0,UNSAT,1.2,28716,2014680,,5042c6a23097948cb9d965057bcb0e6386817737c32d015d43585bc849d12ac6,drat-trim,0.8,True,981.4,21:21:18,
1985,0,14,1,600.0,UNSAT,1.7,38482,2721742,,9c625d781a1cef38795db1026ae74a0ab8dc4cda0f25fe4e6c903f938984db99,drat-trim,1.1,True,981.9,21:21:19,
1955,0,14,1,600.0,UNSAT,15.4,238489,17810284,,0fb223a61363799cbd2fab8071dd927bb53493856d842015b29ed4cfb164c611,drat-trim,13.3,True,983.1,21:21:20,
1992,0,14,1,600.0,UNSAT,1.2,28111,1956782,,e9b3d6f209d2eb4356122d1e563a4f268a6f303618c9e893c8a472be53128494,drat-trim,0.8,True,983.4,21:21:20,
1977,0,14,1,600.0,UNSAT,5.0,98942,6836818,,748540cc3c8ccf7c546472470b8c42ee871543aa544db9029738c5ea797c7603,drat-trim,4.3,True,983.9,21:21:21,
1993,0,14,1,600.0,UNSAT,1.2,26910,1987389,,dd7cb4167859a5508667fcb2ad25f5aabd83b82e8acb17accb691b6ef31deda4,drat-trim,0.9,True,984.0,21:21:21,
1979,0,14,1,600.0,UNSAT,4.5,93112,6289994,,072dd66ae843b9c9dd7ebdb36ee522ea0adcc35cd70dfa71dd7b27b2e3e97b1b,drat-trim,3.9,True,984.6,21:21:22,
1994,0,14,1,600.0,UNSAT,1.2,30969,2162994,,2e961c7355cf762aaba92223829d7677f3868a7c9e82a358192c004ea97c5ab0,drat-trim,0.9,True,985.1,21:21:22,
1991,0,14,1,600.0,UNSAT,2.4,51845,3827658,,858cdf3c564b75585a9d424c3a90debdb731300ea78e6c60e003358dbc09c553,drat-trim,1.7,True,985.3,21:21:22,
1965,0,14,1,600.0,UNSAT,13.2,228769,16057282,,f39d24f6506d752eab91f76de0deb54684f0bf180c813bfb83135e6fffa7c127,drat-trim,11.5,True,986.5,21:21:24,
1995,0,14,1,600.0,UNSAT,1.9,43306,2936405,,df99aaf6e2a6d39e309dcd4fc56d5f84ae26f573f86e49b9d582a6a419767c93,drat-trim,1.3,True,986.5,21:21:24,
2000,0,14,1,600.0,UNSAT,0.8,16950,1309276,,279ad1f821519442cfa1ee1ed5ea07bb4a25337e4fd8d4661910501998e85a98,drat-trim,0.6,True,986.7,21:21:24,
2001,0,14,1,600.0,UNSAT,0.6,12819,901044,,c6984ceb612a2787dfe629cf3cd6ffed9c2ce082e5ea8cb3394f5b2b110bf7fb,drat-trim,0.5,True,987.6,21:21:25,
2002,0,14,1,600.0,UNSAT,0.8,17320,1341469,,dc7adf8917bd21c46f35f2b5add9a9fd2af00cca52c7914f83c6061aa89a9125,drat-trim,0.6,True,987.9,21:21:25,
1989,0,14,1,600.0,UNSAT,4.3,89518,5874819,,0de7c75d8cce476fa2c978c3114601f5a8119735737b3b438d1fe682a7730443,drat-trim,3.6,True,988.3,21:21:25,
1981,0,14,1,600.0,UNSAT,6.7,132071,9268362,,821d6da0abec1e3ff2096fd63558583b7ffe0d5b2a7036774ede2daffb405027,drat-trim,5.7,True,988.8,21:21:26,
2003,0,14,1,600.0,UNSAT,1.3,29992,2156419,,c902a27d5c013450d27a925aea6af96346a1798c8bd8821976f62d256228bf7a,drat-trim,1.0,True,989.0,21:21:26,
1990,0,14,1,600.0,UNSAT,4.8,97911,6811638,,6b84cc1649125d84a96e6ebe2026e52975b3efcc67da2d82a8aba05d79bfef71,drat-trim,4.1,True,989.3,21:21:26,
2008,0,14,1,600.0,UNSAT,0.7,13271,968613,,992110a4c431f182068646259f85cf7d43c53fd6aa5f9f425a4a5e9164bd4f7e,drat-trim,0.5,True,990.2,21:21:27,
2004,0,14,1,600.0,UNSAT,1.7,35902,2518830,,43ce4d6496f4b7094405d2a60ac21ef61b40a9c8ec044815053cc6a00ee789ec,drat-trim,1.2,True,990.5,21:21:28,
2009,0,14,1,600.0,UNSAT,0.8,16800,1279260,,fbf03ac951fd8237876921653e9d8b7f8d5059ca2c1ea691af4ee219a20bc364,drat-trim,0.6,True,990.7,21:21:28,
1961,0,14,1,600.0,UNSAT,18.2,292148,21530707,,1450bef0942b14a334a3c8f9a396ab369fc6bc2110dee00852efabd8853dad02,drat-trim,13.6,True,990.7,21:21:28,
1983,0,14,1,600.0,UNSAT,6.8,125572,9168748,,dd61fb12e4a86ab2b49de37b4b73c2c7f7330de0dab9d8fcf7d7954840c4f32f,drat-trim,6.6,True,990.7,21:21:28,
1997,0,14,1,600.0,UNSAT,4.0,87478,5882726,,d71bb349d22a1c519486c5a997fe6bb23e5dd3710b70ccce6b268ea22050a391,drat-trim,3.3,True,991.3,21:21:28,
1988,0,14,1,600.0,UNSAT,6.3,127902,9093881,,cf73973f3f9ef58c7109b1e16b76b175d21713f8ae65e05514fe271b82d9e9e9,drat-trim,5.2,True,991.5,21:21:28,
2005,0,14,1,600.0,UNSAT,2.3,48428,3506973,,1fd0bbef2dc0bd679a20295136934e721ebbafd2e9ebb4ee52aba071140d6048,drat-trim,1.5,True,991.7,21:21:29,
2010,0,14,1,600.0,UNSAT,0.7,16889,1265859,,34c5bab8efabb3d3299087cf04943eef6910125ce077fc540c25b881de67c379,drat-trim,0.6,True,991.7,21:21:29,
1996,0,14,1,600.0,UNSAT,5.1,99610,6696787,,23c2515229bec252f241407a02f30cd52df6d3d5090ca17499737d255bf21de4,drat-trim,3.7,True,992.7,21:21:30,
2011,0,14,1,600.0,UNSAT,1.4,31556,2537232,,dc5acaadf5de9a95e4739cef9a8f855a759f1b62741705b2961f36e08599f61f,drat-trim,0.9,True,992.9,21:21:30,
1971,0,14,1,600.0,UNSAT,12.4,225508,16047626,,272840ce5f71a3c8667171203d11645e15e158114c386e5ce3f750b0497f0574,drat-trim,11.5,True,993.4,21:21:30,
1998,0,14,1,600.0,UNSAT,5.2,98886,7160474,,7e292d25061405d3d0d01678dc8a6eb2955abe0324e80b9a56785c5aed952449,drat-trim,3.8,True,993.8,21:21:31,
2012,0,14,1,600.0,UNSAT,2.0,45428,2971751,,910c2642da945978a15a151e0c6e1a87156f933566a2612f4d499f18ab499a4b,drat-trim,1.3,True,993.9,21:21:31,
2013,0,14,1,600.0,UNSAT,2.0,46135,3170834,,260e43b6b73ba0efff720ec9bbc8aaa14827b5f316c8b681d904857d6e942043,drat-trim,1.4,True,994.2,21:21:31,
2007,0,14,1,600.0,UNSAT,3.3,70076,5065438,,9911005ce8fb13bc2bd9e7aa1614baf6f0b48082bb297f520705a398b9f769ae,drat-trim,2.3,True,994.4,21:21:31,
2006,0,14,1,600.0,UNSAT,3.7,76109,5380372,,0028db78674c2ee05cf3ef0dbdc8f12cfa210f9081c59b5c368fed7421bb010c,drat-trim,2.6,True,994.6,21:21:32,
2014,0,14,1,600.0,UNSAT,3.0,65798,4470034,,d317aab6895722324cd1be4ec4f82569e97681dc0f8e6e8e3e29b62ace7cd527,drat-trim,2.2,True,995.9,21:21:33,
2015,0,14,1,600.0,UNSAT,3.9,80546,5383902,,42b33afd640d694049d2f8c860a0b55ee4fc12ff1adf3ac0e5b03ff60d3e3bb5,drat-trim,3.3,True,998.6,21:21:36,
2016,0,14,1,600.0,UNSAT,4.1,86070,6020261,,ae2e585e98e4ba9fc903cba8ec7a628742866145534bbc99cd3fb415d38cc1f9,drat-trim,3.7,True,999.2,21:21:36,
1999,0,14,1,600.0,UNSAT,8.4,168406,11160656,,b340103e5388426ba3d90266efa59be0ab78e1a79670ca3202dc4e487177f16e,drat-trim,7.4,True,1001.0,21:21:38,
2018,0,14,1,600.0,UNSAT,4.9,99382,7114460,,6313354e893718e80321c3505a6c1306a79b3e09a0f119fc7df6b2ba9b61299d,drat-trim,5.1,True,1001.8,21:21:39,
2020,0,14,1,600.0,UNSAT,4.6,93133,6647961,,2eff72723baf23a5eb20bcbd6c4c1305c3114fee88881428c666d52ca7cd6897,drat-trim,4.6,True,1002.0,21:21:39,
2017,0,14,1,600.0,UNSAT,5.4,112987,8046089,,bd878fd0f2c22cd4552284f4220587e4511132dfff43235be538fb7f0112c439,drat-trim,5.6,True,1002.7,21:21:40,
2024,0,14,1,600.0,UNSAT,4.5,90304,6146978,,8184e2c9632c753191b4902efbcb5a4c0d62a242f843ef85fb13d371e169bca8,drat-trim,4.1,True,1002.7,21:21:40,
2022,0,14,1,600.0,UNSAT,5.3,103353,7519323,,2e77fb497f95dc9f28ab2b1aadd0cdf50c1c61d0dbef9b9273216f0fd390f94b,drat-trim,4.6,True,1003.7,21:21:41,
2026,0,14,1,600.0,UNSAT,5.6,110354,7718338,,a29a598ea3b5d32cf789925d3406e37d7ab95b8a14356a0b157636e4fccc7044,drat-trim,5.0,True,1005.3,21:21:42,
2032,0,14,1,600.0,UNSAT,2.9,61897,4492081,,8cb53efd4589af2ed4ca51cb77acdf743c5e5f528ea79a0b93d19f0236a003ab,drat-trim,2.4,True,1007.3,21:21:44,
2034,0,14,1,600.0,UNSAT,3.9,80353,5623408,,0e99f96d650db3c343ed398b075a1c2e8925e0250708a2ab4e0e8b828428f6ae,drat-trim,3.6,True,1010.3,21:21:47,
2023,0,14,1,600.0,UNSAT,9.7,173359,12563278,,fc2aaa8a29d3b76b61ba790c86b45dd5af5e99ec00655582df6d1ae44f9d5c54,drat-trim,9.9,True,1013.6,21:21:51,
2036,0,14,1,600.0,UNSAT,5.4,104208,7460606,,22fe2c4fe5cbb4372b47fc9f936a2a9f55fd75e8def462a2da1a0e6b36ff10c1,drat-trim,4.9,True,1015.6,21:21:53,
2028,0,14,1,600.0,UNSAT,10.0,171215,12351314,,af5cf27bd87cda6f6e38b090867725bd9894fb9744d9fa9553a89d6da7e21c94,drat-trim,8.9,True,1017.6,21:21:55,
2021,0,14,1,600.0,UNSAT,13.1,225528,16527220,,bcd1a9010d89a8ab1f7b570f8779bee4305d455f45afa2ea9f3431aa7d174180,drat-trim,12.9,True,1019.4,21:21:56,
2038,0,14,1,600.0,UNSAT,5.8,106602,7817743,,05cdb5eff4663693f6511b185bf354cc2d08c3ade8e858d9e42c472072e549e1,drat-trim,5.0,True,1021.0,21:21:58,
2033,0,14,1,600.0,UNSAT,9.6,166166,12015169,,c10144817598421b0ef1e515b0a8d1f0ace822db5dda4d7149263749b172c606,drat-trim,9.2,True,1021.5,21:21:59,
2030,0,14,1,600.0,UNSAT,13.0,219786,15396514,,6a52e9022a1571871f5c51f5f2e84c5c1ba95342acca9fecd803e30901ddf065,drat-trim,12.4,True,1026.5,21:22:03,
2040,0,14,1,600.0,UNSAT,6.8,128614,9061163,,3f0fef1be16c64f3bbb5d68c39efdadc7218282000899085ed9a2b44507c1715,drat-trim,7.0,True,1029.4,21:22:06,
2025,0,14,1,600.0,UNSAT,18.2,273882,20114332,,219b3b00fdf2c9fb4e6661720cd4bd6c7fdfb9da64bb9f1faa1dfe466b086e26,drat-trim,18.6,True,1031.2,21:22:08,
2042,0,14,1,600.0,UNSAT,7.4,129817,9148734,,1b8556ab09a08044d08824f7002db90a77574ea80e422c6fd291ab543e715651,drat-trim,7.2,True,1034.1,21:22:11,
2048,0,14,1,600.0,UNSAT,0.2,3523,286589,,765afee8b3e5f453d6dccd19ecad7ed7dc353a94af531926353ce039e40f14c5,drat-trim,0.2,True,1034.7,21:22:12,
2049,0,14,1,600.0,UNSAT,0.3,5760,359368,,685999e29f7b2a4f5f30edf92a1440ab651e9af5346efa5ede647a1d419a32f4,drat-trim,0.2,True,1035.1,21:22:12,
2037,0,14,1,600.0,UNSAT,13.5,226743,16558283,,f7cb64b93e727b537bbadb5707e693f289c6e0e1785e201d831dd7b4723b00c2,drat-trim,14.5,True,1035.5,21:22:13,
2050,0,14,1,600.0,UNSAT,0.3,6914,372782,,8c2263a184c4cb2b5bb810969d11e4607d144420bdb89b9388a95eff53ea603a,drat-trim,0.2,True,1035.7,21:22:13,
2052,0,14,1,600.0,UNSAT,0.2,3118,237656,,d463273ce8ac1d60e3885ad951b19c0bddc4fdbc42514ecba4b229d620150a95,drat-trim,0.1,True,1036.0,21:22:13,
2051,0,14,1,600.0,UNSAT,0.5,10809,633755,,f9c1872245afa5eead83755f1a43fc30189ddbe5b6f270a1ba182ead290b38ae,drat-trim,0.3,True,1036.4,21:22:13,
2053,0,14,1,600.0,UNSAT,0.3,8285,514338,,fed38766d5f4fb196a8ea8148ac99b3ea0dc72b0f0452e08b096a46cadc4d764,drat-trim,0.3,True,1036.6,21:22:14,
2054,0,14,1,600.0,UNSAT,0.3,7562,417664,,826c1b24bb4b6a901370353b38f091681f4d7973715f23b8e4b1416674bd11cc,drat-trim,0.2,True,1036.9,21:22:14,
2039,0,14,1,600.0,UNSAT,11.5,191853,14323934,,c11386e179f850b3ce6eb4e827db5f3260e117b0ae51a1c4e66ea2eff0b207c8,drat-trim,11.7,True,1037.0,21:22:14,
2055,0,14,1,600.0,UNSAT,0.4,9368,638421,,3a9a5bafcd3ee0949d3789e6df4785e961f272c9c7e6888d69ea73c206fceb2c,drat-trim,0.3,True,1037.4,21:22:14,
2056,0,14,1,600.0,UNSAT,0.3,6271,425395,,f36543e4787a38508a3721e84ba74c4bce7f62ec25ad2b5bd8f1b2836e94fe67,drat-trim,0.2,True,1037.4,21:22:14,
2058,0,14,1,600.0,UNSAT,0.1,1580,104446,,fea897d25c98cea424afab44371c7cacf2713cd26d40400e4bb29a5a28be3ce5,drat-trim,0.1,True,1037.6,21:22:15,
2057,0,14,1,600.0,UNSAT,0.3,7696,483041,,f52059d9eba9f8411289f67776cf0b0bef253d223b9517e2051ae418c2cdd0e1,drat-trim,0.3,True,1037.6,21:22:15,
2059,0,14,1,600.0,UNSAT,0.3,6261,336460,,dff2051115e6692638ba88ee5fafe92ddbbac5d77a87d38461463041232c7410,drat-trim,0.2,True,1037.9,21:22:15,
2061,0,14,1,600.0,UNSAT,0.3,4698,274409,,d0766c59f615f6a4b24bef770bc5bf31765fed89ada4aff40ef87e00568bb001,drat-trim,0.2,True,1038.0,21:22:15,
2060,0,14,1,600.0,UNSAT,0.3,7461,463268,,c8d06d840d060d30eed9ac51f601f2fd0d49b9abeb31fa33fbdf5b6f999b6508,drat-trim,0.3,True,1038.2,21:22:15,
2062,0,14,1,600.0,UNSAT,0.3,5565,327262,,0c5c30cf7cc525bfeca3a4a6fe1db0af9941edd34fdddb69a29db642a59037f1,drat-trim,0.2,True,1038.4,21:22:15,
2063,0,14,1,600.0,UNSAT,0.5,10299,684962,,a2ba847c0716912328c28f6a2ff9ca7b30600731718ff365aff56649e75d7ac2,drat-trim,0.4,True,1038.9,21:22:16,
2064,0,14,1,600.0,UNSAT,0.5,10280,727956,,07df83e3ee90f7418cca692bf9cc17e9db09a536064e3c72a51fc2deed1e0f4a,drat-trim,0.3,True,1039.0,21:22:16,
2066,0,14,1,600.0,UNSAT,0.3,5948,362487,,852c137ed398eb9e71d30cb59080998a0c6da0ecc244f98690732a66ff72b81d,drat-trim,0.2,True,1039.5,21:22:16,
2065,0,14,1,600.0,UNSAT,0.7,14084,990020,,a2330a6e25f189b5488f30f2fade52a8ff705eb4cc075bd1c95b32f5b80039be,drat-trim,0.5,True,1039.6,21:22:17,
2044,0,14,1,600.0,UNSAT,9.9,154516,10894364,,bd9386cd9126c2c84d255849bc07082960bfe8d9d81dacb0382d0fe36b24f974,drat-trim,8.4,True,1039.9,21:22:17,
2027,0,14,1,600.0,UNSAT,22.1,315614,24210223,,5d5f89542daef2afc9e26fb00a5df275d06b9044aa782122d8650b36fe2e91eb,drat-trim,21.8,True,1040.0,21:22:17,
2068,0,14,1,600.0,UNSAT,0.2,3219,235181,,e2fb1c12d52d5a66f4ca0475dc49bea2d1e44e23132be0f6659af6232b35239a,drat-trim,0.2,True,1040.0,21:22:17,
2067,0,14,1,600.0,UNSAT,0.7,15389,1421441,,97294ce6b6460e6906e81ffe578dc2fb5ebdaefca8e205d7609773e9e7d2ed70,drat-trim,0.5,True,1040.2,21:22:17,
2069,0,14,1,600.0,UNSAT,0.4,8171,475932,,32a0911f0f86ff9e3e3141fae137862b1c1956aef50eef3beefa4aef65e40762,drat-trim,0.3,True,1040.3,21:22:17,
2070,0,14,1,600.0,UNSAT,0.3,7215,532557,,bd0387f693967be218d7c418e0d71de7c62b3b0e3f4cbfceff90de0b55fb3581,drat-trim,0.2,True,1040.4,21:22:17,
2072,0,14,1,600.0,UNSAT,0.3,6563,370420,,fc469b9ee4df469b976fab321752d71b6d47a2eda21c3f8eb75b892f63dc933e,drat-trim,0.2,True,1040.6,21:22:18,
2071,0,14,1,600.0,UNSAT,0.6,12351,928048,,533f4826e04a47c13e17e01d0bc7dcef7d6d9ac90178117b4adcb98a41df803a,drat-trim,0.3,True,1040.9,21:22:18,
2074,0,14,1,600.0,UNSAT,0.3,7665,476015,,2bffffb08bbcbf1e5f841ce378270e05546a9c3f8013bfd97a16f164fb780372,drat-trim,0.2,True,1040.9,21:22:18,
2073,0,14,1,600.0,UNSAT,0.5,10739,742263,,482ea5ba2f51d84054f892b22122bf0785b063b3b07923c10ce28ca892ec71f9,drat-trim,0.4,True,1041.1,21:22:18,
2078,0,14,1,600.0,UNSAT,0.3,6384,339143,,7434bd2fdb8797da4cfc94b1bfe38545beb2e9e18618842416cd156791b791aa,drat-trim,0.2,True,1041.5,21:22:19,
2076,0,14,1,600.0,UNSAT,0.6,12759,939690,,2da654f55cc5767755de6982817f19e7c3451a11218cbfa6e55c0b13f868a123,drat-trim,0.5,True,1041.7,21:22:19,
2075,0,14,1,600.0,UNSAT,0.8,16893,1430690,,02b934bc0e50f1d4f016ea1be4859999ab374fc98d1783d1c17d4e795a782b2f,drat-trim,0.6,True,1041.8,21:22:19,
2079,0,14,1,600.0,UNSAT,0.5,10369,738557,,83fa533bb52b69398d7b0768ad54712eccc96b495dd6d63f6cbff62bb8e8f2fa,drat-trim,0.2,True,1041.9,21:22:19,
2082,0,14,1,600.0,UNSAT,0.1,2287,129974,,9f3847d6adfb6267d6d7531097ecf576a50e07aad1ce51a3110890188f40bf6f,drat-trim,0.1,True,1042.0,21:22:19,
2081,0,14,1,600.0,UNSAT,0.3,7556,384894,,5c213ced840ba66d0d80ed9b37177bb7d38d11b9057872899176c14a0d4dea54,drat-trim,0.3,True,1042.2,21:22:19,
2080,0,14,1,600.0,UNSAT,0.5,11389,623269,,fd1ef973a2296229ba961e1c005919f076ccf659272c793987a429b4ee4226a7,drat-trim,0.3,True,1042.4,21:22:19,
2084,0,14,1,600.0,UNSAT,0.7,14179,869564,,11b242f9bffe42c5ffe3fd4b58eea57b75cf64f364ad5046cb97b8e0358c571a,drat-trim,0.5,True,1043.2,21:22:20,
2077,0,14,1,600.0,UNSAT,1.4,33029,2464451,,4dd26ccc378cf56c283d6cb0ca61235eb08f1dc67c40262fb760405aa67821e1,drat-trim,0.9,True,1043.2,21:22:20,
2085,0,14,1,600.0,UNSAT,0.7,17648,1281844,,5bf72ee76108d710d1b87498b3e4437967fce8582741435a948aea245e9836ed,drat-trim,0.5,True,1043.5,21:22:20,
2083,0,14,1,600.0,UNSAT,1.0,27015,1783951,,79323bc4d08c126903aaacc046d1a4853d9cfc81bffa29921bb23f06199d6afc,drat-trim,0.7,True,1043.6,21:22:21,
2031,0,14,1,600.0,UNSAT,21.2,317084,24119658,,d71f079c8c939d586fc80c7686d8d77e387b41b03c79f2ce3185947ab9036f1c,drat-trim,20.7,True,1043.9,21:22:21,
2086,0,14,1,600.0,UNSAT,1.0,20208,1496405,,dd725b3defaa3ece53c9a36ae65429f97748b30bfda4453435b8e3198e86cb8b,drat-trim,0.7,True,1044.0,21:22:21,
2088,0,14,1,600.0,UNSAT,0.5,9786,730064,,922c9c61b75653e27f16cbd293854919a77d4ba16dd991f6e75d3357df7c2024,drat-trim,0.4,True,1044.1,21:22:21,
2046,0,14,1,600.0,UNSAT,7.9,139001,9925836,,ae684223a0806d61b6abb0c83cadceb4db06b93ce05503ef62ec6cf52c28ad2e,drat-trim,6.8,True,1044.1,21:22:21,
2087,0,14,1,600.0,UNSAT,0.7,13923,715901,,56148ec5fe95d205f95091b794dccc08f135cfbe23f711224c9ba8998cb98e5d,drat-trim,0.4,True,1044.3,21:22:21,
2029,0,14,1,600.0,UNSAT,23.7,336858,26199329,,62253689d3e1aaf891aed206610c0abc8c9ed8a215b4c37d11bbcb98a4524ec9,drat-trim,21.9,True,1044.9,21:22:22,
2093,0,14,1,600.0,UNSAT,0.4,9548,710430,,887d9787b169a03ccac477dca0869be6a8b4ce80079e643622ca919e47bf0950,drat-trim,0.4,True,1045.1,21:22:22,
2092,0,14,1,600.0,UNSAT,0.5,11773,712449,,acb73be3cef8ad93eaf0f4f0746efb7990e2de2228b82f4d879653edd8c50c94,drat-trim,0.5,True,1045.1,21:22:22,
2089,0,14,1,600.0,UNSAT,1.0,23700,1675379,,4dedb4ac5b90c265663f679a1a5ea460f92be4c5e845b9aa7b93557271b296b7,drat-trim,0.7,True,1045.2,21:22:22,
2090,0,14,1,600.0,UNSAT,1.1,26086,1713878,,7c505ee83a80bf06f947f389fc5f60da78cd802f370e75a482e5d728f25245eb,drat-trim,0.6,True,1045.4,21:22:22,
2098,0,14,1,600.0,UNSAT,0.3,6295,319121,,a367dd18e46b7a72240c9ae4e9643a19ad942a9d82d8c9cb4e08053de15ce0eb,drat-trim,0.2,True,1045.6,21:22:23,
2097,0,14,1,600.0,UNSAT,0.4,8299,506963,,109fae7a70dbf46c4f66d7b6a1b1b15a50a884ee4520277bd66cfef22a30eb34,drat-trim,0.3,True,1045.7,21:22:23,
2096,0,14,1,600.0,UNSAT,0.5,11929,864339,,51e31b224745ad9c83b5f5459a95d79250fb673f9a26d125ebf65b7e074ed656,drat-trim,0.3,True,1045.9,21:22:23,
2094,0,14,1,600.0,UNSAT,1.2,27345,2092788,,7ddae90b5d04405d97caa35f501afac8187a31654b0ab898f94e487bbffb1990,drat-trim,0.8,True,1046.2,21:22:23,
2095,0,14,1,600.0,UNSAT,1.2,26163,1833075,,0a72ba89668d2188715a8628e96d77dcefb0cfe786b2f90c3702756df065f52e,drat-trim,0.7,True,1046.2,21:22:23,
2091,0,14,1,600.0,UNSAT,1.5,33759,2311261,,8ef681a40a4f4eeab851d59482c994385d7cf58f9a18afa8c3de085f78aac307,drat-trim,1.0,True,1046.4,21:22:23,
2100,0,14,1,600.0,UNSAT,0.9,18415,1421994,,91d00b125067debe133507422995a8972686a3d165e1919d8479db4eee08bbd8,drat-trim,0.5,True,1046.7,21:22:24,
2102,0,14,1,600.0,UNSAT,0.7,14731,1144991,,822d0307319dc5644af9990e3daecfd819a3f4c50a062e4709ad842db439338e,drat-trim,0.5,True,1046.9,21:22:24,
2099,0,14,1,600.0,UNSAT,1.2,28044,1868518,,ab43722e18c118b7370a6e512d362a2f7b5deda573e874f0c200b1566bdd4d7b,drat-trim,0.8,True,1047.2,21:22:24,
2103,0,14,1,600.0,UNSAT,0.7,17145,1227214,,fc5f8deebc89ff9847f7d03894b5dbc17cd0eb648c9d9bfef2f1d01fc6c19fd0,drat-trim,0.5,True,1047.2,21:22:24,
2101,0,14,1,600.0,UNSAT,1.1,27924,1862669,,97d35f73771f4038dee30768b5bf1c6830a4138c5a8fade1c41716a2e00f11da,drat-trim,0.6,True,1047.3,21:22:24,
2104,0,14,1,600.0,UNSAT,1.0,21444,1488284,,e134328cb867bba362ef51e655a8d162d717204b0449d10ea41d21ccf30f3e57,drat-trim,0.6,True,1047.7,21:22:25,
2112,0,14,1,600.0,UNSAT,0.1,1533,105285,,c9609743360a2280e44389c2a0b09510e8d3f3b12cbf429055a8282906e9d4c7,drat-trim,0.1,True,1048.0,21:22:25,
2109,0,14,1,600.0,UNSAT,0.5,9430,817725,,14303bb9c5c39dadaa0833fda53c4590801779a9682a8f6d4c96067a3193a89c,drat-trim,0.4,True,1048.1,21:22:25,
2108,0,14,1,600.0,UNSAT,0.6,13862,859886,,a2dc0009baf70656860db6c40c46f3a828caf43df8ecbb6ee615464c2f86bd4a,drat-trim,0.5,True,1048.1,21:22:25,
2114,0,14,1,600.0,UNSAT,0.1,1973,111402,,c06fe24fc12cf1e871b606a8d3cea9863b8e6a387cef692aa0aaab8e85ddc791,drat-trim,0.1,True,1048.3,21:22:25,
2115,0,14,1,600.0,UNSAT,0.1,2567,137989,,f1e9ea01fe2a7a763c38a99145aa242c1f8626f391ec2b6e0c63eea744a0a804,drat-trim,0.1,True,1048.3,21:22:25,
2113,0,14,1,600.0,UNSAT,0.2,3443,277572,,927911b4ab7b272877a3c252f81e45df3bf4d9700c0f05cea7b5e1d2f375b865,drat-trim,0.2,True,1048.3,21:22:25,
2116,0,14,1,600.0,UNSAT,0.1,2682,162617,,ca2b09b10bf964bc669a61f4667a6dd3dc830c4f8387a45952c3f8ea16cb2611,drat-trim,0.1,True,1048.5,21:22:26,
2105,0,14,1,600.0,UNSAT,1.5,34467,2436138,,1d97232f4659afb48fc2474f4a16b5dd07a0e98c33d0cb48db059ebf05932bcb,drat-trim,1.0,True,1048.7,21:22:26,
2117,0,14,1,600.0,UNSAT,0.2,3522,234666,,7d6c5b4d59431d24629258a3c68a71dadc5c14ae12f585251b064260115d55e3,drat-trim,0.2,True,1048.7,21:22:26,
2118,0,14,1,600.0,UNSAT,0.3,4286,276209,,6869befded772ad0f820ff5cf7a94369abd7b583c22a3a505afee78090590d91,drat-trim,0.2,True,1048.8,21:22:26,
2035,0,14,1,600.0,UNSAT,24.2,342907,26009407,,e1a6515f1b9a6c56ea1c0d084424dc080e947309c0ad5af43e35730c0978426e,drat-trim,21.1,True,1049.0,21:22:26,
2107,0,14,1,600.0,UNSAT,1.4,34684,2367317,,cf6b2212db7bbde3dd7ce09f95f4c013a1e6eb0bdb40e3fd13d860cb982613eb,drat-trim,0.9,True,1049.0,21:22:26,
2106,0,14,1,600.0,UNSAT,1.6,40637,2462637,,e0d0b0af5086ab7d26a9bfdb6369ca795b1f789192a67a1dc34c277e29a73572,drat-trim,1.1,True,1049.2,21:22:26,
2120,0,14,1,600.0,UNSAT,0.3,7449,482189,,41017689eafd7e0fe0db22c760acd31854267910c58715490c809d2d864dd04f,drat-trim,0.3,True,1049.3,21:22:26,
2119,0,14,1,600.0,UNSAT,0.4,9965,774770,,e71ee3ba535f2735e93ae51606003bb00f3ab36342aeb55defecb54882509644,drat-trim,0.4,True,1049.4,21:22:26,
2110,0,14,1,600.0,UNSAT,1.2,28521,2090781,,6d780a75079742a0034ef05b830ac23dc5e0760fa0abd29c3a4a73d07307feaa,drat-trim,0.9,True,1049.4,21:22:26,
2111,0,14,1,600.0,UNSAT,1.3,28257,2050637,,bb7801be1c22d474747e3251df105a6ba222ac92618895df9b5b0b0a2c3f7f91,drat-trim,0.9,True,1049.5,21:22:27,
2121,0,14,1,600.0,UNSAT,0.7,15099,1144013,,56afbac23d4a950d4c21acd85996b603018e1a36594d34bb9a7f06c66d256c9a,drat-trim,0.5,True,1049.9,21:22:27,
2128,0,14,1,600.0,UNSAT,0.3,7378,436779,,4b6a3e6264a9fca69b1921b97858ccbc3b19bdd24c787c8ad47f462074135bbc,drat-trim,0.2,True,1050.0,21:22:27,
2130,0,14,1,600.0,UNSAT,0.1,2614,139851,,e8f48598ffd881914b86a6a59a409aad4f053fefa7e738550c22d6c2349f8667,drat-trim,0.1,True,1050.1,21:22:27,
2122,0,14,1,600.0,UNSAT,0.9,18271,1589012,,e322d407570ac571505882718b466dda4674c86438953a3cc8cfe7b48eea85e3,drat-trim,0.6,True,1050.3,21:22:27,
2131,0,14,1,600.0,UNSAT,0.4,8842,450956,,2508a81455764ab2653fd3976ee0e11cdb70498eda3ef3a6b53e9886ccbeca43,drat-trim,0.3,True,1050.6,21:22:28,
2124,0,14,1,600.0,UNSAT,1.1,21977,1631814,,91b99ae6ad1f6f740f8cfc464cfa8106c3ed59e47358f2c7c06a939f86e058ec,drat-trim,0.7,True,1050.8,21:22:28,
2129,0,14,1,600.0,UNSAT,0.9,20206,1417103,,fa69190594c40710734214755187a83d483d2adc7271bdb150ea342b74f8fa4f,drat-trim,0.5,True,1050.9,21:22:28,
2126,0,14,1,600.0,UNSAT,1.0,26476,1733078,,24633301e557bed2a75a48d66654cb51a9f0bb6d3fb398ed446710ea6214dbd4,drat-trim,0.8,True,1051.1,21:22:28,
2133,0,14,1,600.0,UNSAT,0.5,11763,712331,,1196cb30a928ef2f4e8c52257136a6bb81664edf1414147684fda51fa4af55ee,drat-trim,0.4,True,1051.2,21:22:28,
2125,0,14,1,600.0,UNSAT,1.2,28131,1854302,,8c730e96c77fb16dc9f610e042ddd098a607397537de8321edf7d70f5d7e86aa,drat-trim,0.8,True,1051.2,21:22:28,
2132,0,14,1,600.0,UNSAT,0.6,13084,892057,,2a6c4373deb2f366b50b2937351ce2455f87b0c931999635735e840d9b835b7e,drat-trim,0.4,True,1051.3,21:22:28,
2123,0,14,1,600.0,UNSAT,1.5,31975,2369339,,d3aed3fc0b5589a14c3e0cfbb34c491a1ba092fa57cf06b60868feb389d45404,drat-trim,0.9,True,1051.4,21:22:28,
2135,0,14,1,600.0,UNSAT,0.4,9060,694319,,6ac14ebfd0670726acede3fb2941cbfc8712c31f03df2d247e1975cff3369864,drat-trim,0.3,True,1051.5,21:22:28,
2134,0,14,1,600.0,UNSAT,0.6,12301,823273,,37db7c761080314d36439de6aae22395ef98c9df560293d94a2713060ecea059,drat-trim,0.4,True,1051.6,21:22:29,
2141,0,14,1,600.0,UNSAT,0.6,12079,870782,,6dd61e44f25afe76469c4274648aab277cee1a0f061a218c245df2504d469bc5,drat-trim,0.4,True,1052.4,21:22:29,
2140,0,14,1,600.0,UNSAT,0.7,16927,1260154,,928418fef885ab3b1dafaea60a083caf4f7a18fb1a714a4cc901bda1d1a02d85,drat-trim,0.6,True,1052.6,21:22:30,
2136,0,14,1,600.0,UNSAT,1.2,28978,1875569,,e7eb6ef3556f9204b4ffd55caca6b02daa1a9c654a5d834625ed2e795440a7ee,drat-trim,0.8,True,1053.0,21:22:30,
2137,0,14,1,600.0,UNSAT,1.2,27267,2041613,,a8bfa2bfab95f0bd7816b4ad4d4e98e2ccba250b01792e8831470d6913b6f1c5,drat-trim,0.7,True,1053.1,21:22:30,
2127,0,14,1,600.0,UNSAT,2.2,50475,3331777,,716b492e09211ffd6595006bebe8e66252b4b2092da039418832d3feaa515801,drat-trim,1.7,True,1053.2,21:22:30,
2138,0,14,1,600.0,UNSAT,1.2,30905,2288526,,199bef445712f6ac18de9cb231dc0b7cefc308b1152d39a1ea6c5fc7703d766b,drat-trim,1.0,True,1053.5,21:22:30,
2139,0,14,1,600.0,UNSAT,1.4,31504,2447621,,8eb7cb06a18cdd9d061693cace6bb29d890023e6c7177f22939ece6aec3ba6b8,drat-trim,1.0,True,1053.7,21:22:31,
2142,0,14,1,600.0,UNSAT,1.3,31372,2338938,,33c3d9100c7976b05d07d9f940a50084af236ab0d81d026ef53484dfc6ea3fdb,drat-trim,1.1,True,1053.9,21:22:31,
2144,0,14,1,600.0,UNSAT,1.0,21081,1557972,,926b8d54ab451f02418ff37f6d74329d943a694fea7cbed9505de39d278a37e9,drat-trim,0.6,True,1054.1,21:22:31,
2145,0,14,1,600.0,UNSAT,1.0,19558,1476997,,d00f70158d973d797dd8862bad3316ad0d8ae9bbda7dca3011186ed154f8b4df,drat-trim,0.6,True,1054.2,21:22:31,
2147,0,14,1,600.0,UNSAT,0.8,16392,1241565,,10da84ed444c44aea553c5c59e0462ba0cd935df5d179b25ccb197783aa7bc00,drat-trim,0.5,True,1054.4,21:22:31,
2019,0,14,1,600.0,UNSAT,31.7,440693,33688822,,e3966dc91246596bbb084b4637014e10c4c7614e354557a23cde4dbebbd0c702,drat-trim,30.0,True,1054.5,21:22:32,
2146,0,14,1,600.0,UNSAT,1.0,19516,1455336,,5f36299ead50f0b8a4e4ac20637383821d30f9236c5781f96a4a6e12a6ba4d51,drat-trim,0.6,True,1054.6,21:22:32,
2152,0,14,1,600.0,UNSAT,0.5,11113,810854,,b8f7b531964e3353e13296d558ba2b0ebedd84de7354ab2ed80ce7b5e4718f87,drat-trim,0.4,True,1055.0,21:22:32,
2156,0,14,1,600.0,UNSAT,0.7,16295,1249970,,348cdd4171ae28328041f97ec06dd60be8c1ed2581462149675b5b4d0a264b89,drat-trim,0.6,True,1055.9,21:22:33,
2153,0,14,1,600.0,UNSAT,1.1,25708,1716222,,4d6c9d986b2bcff610c831279b327dce2a0ea9645d5695a4b7117857fb500bdc,drat-trim,0.8,True,1056.1,21:22:33,
2143,0,14,1,600.0,UNSAT,2.8,61923,4366593,,7fc4177ccd7d10bd40b91abdd9dbdbcb074a259cb14d2ec442a014f5b719334e,drat-trim,2.0,True,1056.4,21:22:33,
2041,0,14,1,600.0,UNSAT,22.8,328734,24322442,,52a84b3ff6f49d7126199475b642317035ae07a1b33cba3423bae3c2fe35d659,drat-trim,17.0,True,1057.4,21:22:34,
2157,0,14,1,600.0,UNSAT,1.5,32550,2401392,,ee954aed17d6571bfd205fe0744dae8829da709ec5fe6557c4590b3dad98df73,drat-trim,1.0,True,1057.5,21:22:35,
2160,0,14,1,600.0,UNSAT,0.9,18914,1479456,,a860898adf3ae8c6c096088e727d78daca929b8d9f97b1507d726fd161980a8a,drat-trim,0.5,True,1057.8,21:22:35,
2148,0,14,1,600.0,UNSAT,2.9,63835,4496267,,255fea0604fbabaadbf6bc3df2c02d4c62cfe2a74a9c0912f660ee6fdb09835d,drat-trim,2.0,True,1058.2,21:22:35,
2149,0,14,1,600.0,UNSAT,2.7,58880,4214847,,78118bf95d26daf53e14077ea615055c1bab445a3be25cc3fdc363681e9e9473,drat-trim,2.1,True,1058.3,21:22:35,
2151,0,14,1,600.0,UNSAT,2.8,60675,4097183,,aebf3376bc13d6ec9cc8bf6e1758bb7f0e499133e37632a455ea0e8234f9b6c8,drat-trim,2.0,True,1058.7,21:22:36,
2043,0,14,1,600.0,UNSAT,20.6,288241,21868066,,a4a73f17d8e6359378f066e88c39743c92ce57354a26ed1e60a725f325ce8c16,drat-trim,17.2,True,1058.8,21:22:36,
2150,0,14,1,600.0,UNSAT,3.0,68806,4623218,,1417ed7e4701914616fff9411b0cf0a10edc1c07aca3efc91cae71877e209759,drat-trim,2.3,True,1059.0,21:22:36,
2161,0,14,1,600.0,UNSAT,1.0,23117,1548090,,4f5eb8c6f1c562f85dd42616e7d4f62d3359de82e7dfa774f6eaee548f5dfdb5,drat-trim,0.6,True,1059.0,21:22:36,
2162,0,14,1,600.0,UNSAT,1.2,25980,1769170,,3cdc430ff4f8ed3e608f3c55d095485650b335f68fb92c51912fa6e8f3bb96c2,drat-trim,0.8,True,1059.5,21:22:36,
2168,0,14,1,600.0,UNSAT,0.7,14313,934023,,90acd785b710f41a8da2b562eea24ef41847e95f459bb99272c878a47672ff1c,drat-trim,0.5,True,1060.2,21:22:37,
2155,0,14,1,600.0,UNSAT,3.2,69163,5108083,,f92c7b0bbde8e38aac44132899247b6409980d23150b253d05b9d6faf946a3a5,drat-trim,2.5,True,1060.2,21:22:37,
2154,0,14,1,600.0,UNSAT,3.5,76803,5385570,,8e0e37a6c21c9c668b9c0598bb294aa8a744064b127f525fe4e8d1680e18c763,drat-trim,2.6,True,1060.5,21:22:38,
2163,0,14,1,600.0,UNSAT,1.6,36447,2405683,,fcacf1450fe9573994e186dbfc0a0de06d650bfc1a94554252bb102ff4346f55,drat-trim,1.1,True,1060.5,21:22:38,
2169,0,14,1,600.0,UNSAT,1.0,21066,1630504,,3734f19d153644d3cc2807533d4752731973145ab386136501ff7cb9f9aa1b77,drat-trim,0.7,True,1060.7,21:22:38,
2159,0,14,1,600.0,UNSAT,2.9,63661,4497310,,11e73f7e29c77b1108e404f63c4423142c3d81b5c5a6e31a5ca044f6b7b853c0,drat-trim,2.4,True,1061.4,21:22:38,
2172,0,14,1,600.0,UNSAT,0.8,16486,1214638,,6f1c541863b9718a3a3cb0cf013642010b204c49fc45cb5e8980d28bd0adf5d8,drat-trim,0.6,True,1061.6,21:22:39,
2158,0,14,1,600.0,UNSAT,3.2,64389,4450013,,916aa919eeae340fe867261809108ece24fbb2c8524199297d6e304b72516645,drat-trim,2.5,True,1061.7,21:22:39,
2176,0,14,1,600.0,UNSAT,0.4,8071,477633,,97d7e1edeac3af9f7e5b9db6884033a0bc47294f212b985970fadca5da046175,drat-trim,0.3,True,1062.2,21:22:39,
2177,0,14,1,600.0,UNSAT,0.5,9471,749117,,2a249dc9c37bfc315abb2584dc6e5b6444c2b75b3ff81efdc0be383cbdbbfd81,drat-trim,0.3,True,1062.4,21:22:39,
2173,0,14,1,600.0,UNSAT,1.3,27182,1993123,,2afa39a4cc75417cd5da87a16eab55df39dd0d5ffcf1ef4c6fe9a893b813b1b9,drat-trim,0.9,True,1062.7,21:22:40,
2165,0,14,1,600.0,UNSAT,2.9,63272,4677256,,a66ceb953cd6440bb86a2a965eb9285ce736f305628329d406eed52b580c0ebd,drat-trim,1.9,True,1063.1,21:22:40,
2045,0,14,1,600.0,UNSAT,20.6,305718,22968757,,fdf835dab57b1e39530fa7fedcdc64c1b1454eeb217d7eb9598ca478413eb951,drat-trim,16.1,True,1063.4,21:22:40,
2178,0,14,1,600.0,UNSAT,1.1,26735,1695972,,64997081dd9eedce8bc315bfc3af229656f6a2a3b0b627c06318703792cda0ca,drat-trim,0.7,True,1063.5,21:22:41,
2179,0,14,1,600.0,UNSAT,0.9,18901,1447573,,41588a112c4edeedb968c2d8bacbb410410d384cf1606f00d3a8b0d1ceca4d2d,drat-trim,0.5,True,1063.7,21:22:41,
2166,0,14,1,600.0,UNSAT,2.9,59181,4189344,,37ba9b1b933eabf946564e7430f97e558f77466dd060e459ac5757d27e985f97,drat-trim,2.1,True,1063.8,21:22:41,
2167,0,14,1,600.0,UNSAT,3.0,65237,4475550,,c6a26ef481f5f919d4cf3c519fecfa0f6790fe215f5ca262d66ec440767e6bcc,drat-trim,2.1,True,1063.9,21:22:41,
2180,0,14,1,600.0,UNSAT,0.9,23631,1724338,,79403ab3185a60b84713d8cc2976cee73170e16a5f11379056931a25449f0723,drat-trim,0.7,True,1064.0,21:22:41,
2181,0,14,1,600.0,UNSAT,1.0,23874,1685961,,2a270c4a53e0064138fdc4b2d1f523058518d7def9d241d84a9d44cfaea02c66,drat-trim,0.7,True,1064.4,21:22:41,
2184,0,14,1,600.0,UNSAT,0.7,17082,1260909,,e829155e1b8dbc87a529274eeeed64a46fc3ebb3c73865babbf2da81e45f644b,drat-trim,0.6,True,1064.8,21:22:42,
2182,0,14,1,600.0,UNSAT,1.2,29814,1947470,,b717c5ae0ba366125ae2720cf138482139fd49c1f41cb64be637b4ecb3c83c18,drat-trim,0.7,True,1065.1,21:22:42,
2183,0,14,1,600.0,UNSAT,1.2,29096,1955953,,2753ca0024d7504b15fc15752dca560c9e752da94488b7697231d012c2ab3df6,drat-trim,0.9,True,1065.5,21:22:43,
2175,0,14,1,600.0,UNSAT,2.7,57519,4052652,,2536a996f40e1c1b0ab3187a590076850c9157d0e11cf67f168db4d845d7a8f9,drat-trim,2.0,True,1065.5,21:22:43,
2164,0,14,1,600.0,UNSAT,4.3,90179,6232391,,5745d796be91320c9e53088d1375701c775f389538123b3256ce1654a177c7c4,drat-trim,3.1,True,1065.6,21:22:43,
2171,0,14,1,600.0,UNSAT,3.2,65483,4619435,,eddccda753c49fa61aadfc9dc1346d6a058c25dc4b59ef19891154a96df7c821,drat-trim,2.3,True,1065.7,21:22:43,
2188,0,14,1,600.0,UNSAT,1.2,27983,2061368,,339fb87bd819f9d5046154db90e5c2ef65a1a662015a265cba595980772c7512,drat-trim,0.9,True,1066.1,21:22:43,
2192,0,14,1,600.0,UNSAT,0.5,9356,672190,,dc4d21af4aacd4fd7caedcf361cebadcc3bb08ffc32967d613f7cece986578b0,drat-trim,0.3,True,1066.3,21:22:43,
2193,0,14,1,600.0,UNSAT,0.4,8919,794703,,e9947d6b29d53fa0caa1c7cce880e074544c809dbb03851dbfabecdc1eaf8752,drat-trim,0.4,True,1066.3,21:22:43,
2194,0,14,1,600.0,UNSAT,0.5,9491,1018309,,7992f3c3737ac082feb5cc4616aba1d5c548ea95d366500b03bafc21b0cd5e9c,drat-trim,0.4,True,1066.5,21:22:44,
2185,0,14,1,600.0,UNSAT,1.9,43623,3140198,,23ebdc2f428743dcea1119973f472e867cbe7b6291b891e712034ab6d89f7737,drat-trim,1.2,True,1066.9,21:22:44,
2195,0,14,1,600.0,UNSAT,0.7,15227,1184257,,c9da16e75ecfeac0df4601ac16ac6ada9624ab410f1cee91dc25054038c14079,drat-trim,0.6,True,1067.1,21:22:44,
2174,0,14,1,600.0,UNSAT,3.8,81385,5536523,,f961a47f95adefe622656e0f8745f27a77c1ebddc011a1925b6f97190a9f2617,drat-trim,3.3,True,1067.6,21:22:45,
2170,0,14,1,600.0,UNSAT,4.5,89155,6324014,,981ed77872c51a6f831a17d0397ad4e565350902fbb8ef0fd414e5ad346c729b,drat-trim,3.6,True,1067.6,21:22:45,
2200,0,14,1,600.0,UNSAT,0.3,6895,381957,,48933fbad267ccf51288922c7baa970feebbc95a12b8f0866a0d161ccaa1753d,drat-trim,0.3,True,1067.6,21:22:45,
2201,0,14,1,600.0,UNSAT,0.4,8109,494581,,a7236f6a29e908267057bfb01155c80770fcbe46f67d191404a519dc3998f20e,drat-trim,0.3,True,1067.7,21:22:45,
2190,0,14,1,600.0,UNSAT,1.8,42517,2845566,,54bf3276d5b1541057cc10de0fcd634e931e6baba14f2e4af4fa362520ab078d,drat-trim,1.3,True,1067.9,21:22:45,
2186,0,14,1,600.0,UNSAT,2.6,60665,4079204,,175f6f5f53ce7fdab1c3872e5f36c1fbe441ab0f65abedce4c5787eedb967bfb,drat-trim,1.9,True,1068.2,21:22:45,
2202,0,14,1,600.0,UNSAT,0.5,10434,603039,,1a5179c1b7a56f71d3c43996bc6dab4d379af3907a34fdd687fc12d376cb1698,drat-trim,0.4,True,1068.5,21:22:46,
2189,0,14,1,600.0,UNSAT,2.4,53277,3763009,,9aef22bd3c84da22b3a0db43a6331fdfece17b2f71d0f8772e9156e9907da67e,drat-trim,1.7,True,1068.6,21:22:46,
2191,0,14,1,600.0,UNSAT,2.1,47726,3382667,,82820adf7637cf9f9edc7c79ea866e73e44201873bd5c12e1bc761a123886242,drat-trim,1.4,True,1068.6,21:22:46,
2187,0,14,1,600.0,UNSAT,2.8,65173,4218082,,d9e3e100f47d83c22b4d755f88f3e4c2e16e18486ff22e3b4f1c30211d170e35,drat-trim,1.9,True,1068.6,21:22:46,
2198,0,14,1,600.0,UNSAT,1.5,32050,2535458,,625759ab9ce9c54783ff5c095acc0f789962e5404224774edbfacd502a883c48,drat-trim,1.0,True,1068.8,21:22:46,
2203,0,14,1,600.0,UNSAT,0.8,16858,1277657,,7100658b37ca9dda90f69d760e0ed3352d3f0a17debdc01ceee83f8ece060a9d,drat-trim,0.5,True,1068.9,21:22:46,
2199,0,14,1,600.0,UNSAT,1.5,33361,2385598,,89068e19ce0f67309da84a246d4fda31cfaeeb09182848b0c847e691925e0b68,drat-trim,1.1,True,1069.0,21:22:46,
2209,0,14,1,600.0,UNSAT,0.6,13730,874034,,a415bef8604ecdf36eed646af7561a6a747f7b6a96502523c7daf2e4749ef196,drat-trim,0.4,True,1069.6,21:22:47,
2208,0,14,1,600.0,UNSAT,1.0,19612,1455398,,b8704478a8e6907fefc1d36bdfd9853a7c6f7f3bb9488631ab918ec0c0d2f137,drat-trim,0.5,True,1070.0,21:22:47,
2211,0,14,1,600.0,UNSAT,0.8,17909,1406751,,dab50b0330d0d1dbfa01a3335f34bd7773ec8ef71431ced03386d733796b2310,drat-trim,0.6,True,1070.0,21:22:47,
2206,0,14,1,600.0,UNSAT,1.2,29492,2097022,,0d85317474185222a5ecca4041d5687d280cc7203bada2eea1a7391b5890d1ee,drat-trim,1.0,True,1070.1,21:22:47,
2210,0,14,1,600.0,UNSAT,1.0,20034,1454269,,d2f931f329038cba19b24c7acfdd752c020e74b1bead468d466a4e9002209250,drat-trim,0.6,True,1070.1,21:22:47,
2196,0,14,1,600.0,UNSAT,2.4,54834,3716442,,b9de32eb02d7e252c3bf69cbef8c59928b4a2bde0f99688fba5140b04ba324bd,drat-trim,1.8,True,1070.3,21:22:47,
2197,0,14,1,600.0,UNSAT,2.4,54006,3857285,,6456dc1b3838dd9d0c74578f0641d021004938cbd91f8927378715b18ae77bed,drat-trim,1.7,True,1070.4,21:22:47,
2212,0,14,1,600.0,UNSAT,1.1,24678,1774641,,93d5109ee32e5a4a249b733f854f60416d7b4d72ea278ed08eded4c21be68a43,drat-trim,0.6,True,1070.5,21:22:48,
2213,0,14,1,600.0,UNSAT,1.0,25930,1661691,,80faf8aaacec290f614c340fc09cc2259f72334dc417e105ac9754733374021f,drat-trim,0.7,True,1070.7,21:22:48,
2214,0,14,1,600.0,UNSAT,1.1,28197,1819724,,1d5519d6e5a5bc4cf114918cb903fa1322ffbc48926b44abdccbcc111688611f,drat-trim,0.7,True,1070.8,21:22:48,
2204,0,14,1,600.0,UNSAT,1.9,43745,2989650,,df521711970d78099772643ef3ca3c029f1656b196175cdffc6d5e5d93b1c975,drat-trim,1.3,True,1070.8,21:22:48,
2207,0,14,1,600.0,UNSAT,1.6,36669,2515055,,c930544947e8ab48067ff5b5ce179661cf96b0ac17b0b49b295f1622e8c7b09d,drat-trim,1.1,True,1071.0,21:22:48,
2216,0,14,1,600.0,UNSAT,0.7,16465,1220317,,2fc8f68e769b1624535650eeb9fb467314a250a61cb55cc7edeb5053597547a7,drat-trim,0.5,True,1071.2,21:22:48,
2224,0,14,1,600.0,UNSAT,0.3,6937,399005,,db831aca73a185ca4ffd53a938cfe11b2d167f304d891bd20e9a83cd874a841c,drat-trim,0.2,True,1071.4,21:22:48,
2225,0,14,1,600.0,UNSAT,0.3,7792,469929,,ea08083a6e46aa0494fbc5ca55f3bdeb16bf2d981a0802ca0f39729dfd1649d5,drat-trim,0.3,True,1071.4,21:22:48,
2222,0,14,1,600.0,UNSAT,0.6,12306,869747,,4f02822358346503ae1c00c2ffc113f35f479eef1cd16fec4fe9b2cb45516f88,drat-trim,0.4,True,1071.5,21:22:49,
2215,0,14,1,600.0,UNSAT,1.2,29396,2149835,,b2548615b7058a9422cc05d87f556bf5a0ee93c0bbb469a89495305a23457e70,drat-trim,0.7,True,1071.6,21:22:49,
2226,0,14,1,600.0,UNSAT,0.4,8993,804203,,997e5f7fba982949ad57b823a1113b66169b7add7f4b79f84094cf1d1cef4df2,drat-trim,0.3,True,1071.8,21:22:49,
2205,0,14,1,600.0,UNSAT,2.6,57135,3683673,,c0476e3893cac6760078025f71221f9a79c6bc41a636b5a8e45f33f301385b34,drat-trim,1.8,True,1072.0,21:22:49,
2232,0,14,1,600.0,UNSAT,0.3,7156,453826,,c0914d6feb8cb17efcf380b887124dcaa9aa9f0bc4b87e8ba75498249786528c,drat-trim,0.3,True,1072.4,21:22:49,
2220,0,14,1,600.0,UNSAT,1.2,30092,2025423,,72b41e1d1e0ce44991a0df20f4b7490d9d3e788f1718fb04a9a08c9231eda1b6,drat-trim,0.9,True,1072.5,21:22:50,
2227,0,14,1,600.0,UNSAT,0.8,16653,1257809,,c4eb181f4a10dfa83244ac3d7592853020819f4976eb7b8687218e444a289594,drat-trim,0.5,True,1072.5,21:22:50,
2233,0,14,1,600.0,UNSAT,0.3,7811,462203,,d049b822877924dbc6ac1f6c2f1817635903e240adb947e17828e7d424b3d220,drat-trim,0.3,True,1072.6,21:22:50,
2218,0,14,1,600.0,UNSAT,1.5,35188,2417693,,9887f0d043d95315c84ae2db44ff61f49d025b238eb430e72af21eb7c9f198c3,drat-trim,1.0,True,1072.6,21:22:50,
2217,0,14,1,600.0,UNSAT,1.6,35516,2406036,,99a2e91175b52615503fc8485c55aba59e5751360d2a17d29496d2b1e0ab160d,drat-trim,1.0,True,1072.6,21:22:50,
2223,0,14,1,600.0,UNSAT,1.3,29574,2119636,,c0f6c309807dfbb4a29ad5fa83786b1dffa99db5a0532fe6dd1aa180eb8f52e5,drat-trim,0.8,True,1072.7,21:22:50,
2219,0,14,1,600.0,UNSAT,1.7,38428,2893387,,9714c37bdd9217752d90e15371d9df028145925f4760f0c482dca1eaf0c8e25d,drat-trim,1.1,True,1072.9,21:22:50,
2231,0,14,1,600.0,UNSAT,1.1,26616,1734564,,64987e27198d2f68b6f60ddb2eca4768bdfaa2cc06ce82b6fc7a3b9cf0efa59c,drat-trim,0.8,True,1073.5,21:22:50,
2234,0,14,1,600.0,UNSAT,0.7,13990,780178,,c4688bfae1afa3c8bd2608eb19d2b7c4b963f1fe6789c9dd1087a1f0c6b08c60,drat-trim,0.5,True,1073.7,21:22:51,
2230,0,14,1,600.0,UNSAT,1.3,29431,2129888,,92fbf514c367609e090dca0121ad5584d8d27345fa3293948436dc85b6640549,drat-trim,0.9,True,1073.7,21:22:51,
2235,0,14,1,600.0,UNSAT,0.9,17453,1271696,,020d54dd5a82e9fb420007fc78722a7e7f33752bd6962bae40a66fbb316a0a1c,drat-trim,0.6,True,1074.0,21:22:51,
2241,0,14,1,600.0,UNSAT,0.9,20038,1472144,,055f169b2349686213a93454a73e1d2a19b9f3a2242c18f299c4613c9b3ca667,drat-trim,0.6,True,1074.4,21:22:51,
2238,0,14,1,600.0,UNSAT,1.2,29214,1971115,,0d489da92d5727c9d4b2f9f0b15c9e40aeb2a7d8bc1cdf3a5d117d08bdb8c02d,drat-trim,0.8,True,1074.7,21:22:52,
2239,0,14,1,600.0,UNSAT,1.2,28764,1993994,,fd370b0d959fa194a6a51fd72fe3f6e493a7e70c0203dba5dc3a2704d9e8a9b2,drat-trim,0.8,True,1074.7,21:22:52,
2228,0,14,1,600.0,UNSAT,2.1,48029,3178380,,db2b0fdc963ef89885d812c7492034d339ba2889da7958119665b65adefd283f,drat-trim,1.6,True,1075.1,21:22:52,
2221,0,14,1,600.0,UNSAT,2.7,61729,4135186,,3ca8abbb07322417efc9210ef2d68c7a90cec957f8f4d6de7df3bf19917dc26f,drat-trim,2.0,True,1075.2,21:22:52,
2245,0,14,1,600.0,UNSAT,0.8,17341,1404165,,2ce268303feb735d050733a697104450d8d3dc0cea23a763c61f40b55b7b774b,drat-trim,0.6,True,1075.4,21:22:52,
2244,0,14,1,600.0,UNSAT,1.0,20855,1687520,,264b5d732d26fb4570caf74648f14eb7ef400004c865ce591e11726fe6e9ca80,drat-trim,0.8,True,1075.5,21:22:53,
2240,0,14,1,600.0,UNSAT,1.7,42161,2896536,,b00d0dc4955e527f7865173c38f6f83561f1314929e4682dad9de7add433b023,drat-trim,1.3,True,1075.7,21:22:53,
2229,0,14,1,600.0,UNSAT,2.6,56352,3845544,,094876ae260d94e35cb51c485811a769de5f2b47ee2562278ff4808a95511627,drat-trim,1.9,True,1075.9,21:22:53,
2236,0,14,1,600.0,UNSAT,2.1,45598,3254387,,1d05115dd658ed6a8a59c30d61383d3044d142350a8f81aaa1a184929f949690,drat-trim,1.5,True,1076.1,21:22:53,
2047,0,14,1,600.0,UNSAT,24.0,364135,28152035,,5828268c89bf0bb21656d2740571f7cb3fd2efdf20f178662e5bdaa559447938,drat-trim,20.8,True,1076.1,21:22:53,
2252,0,14,1,600.0,UNSAT,0.5,9645,751418,,9418a184ce2e22aff199a8b11b21e1be659c4eccf0e3908a0c9e4a4423da5b7a,drat-trim,0.3,True,1076.3,21:22:53,
2251,0,14,1,600.0,UNSAT,0.6,11615,753665,,84430373ccd10d95e2f5e49a383fd1f3e67fed4fb3867152e6e303fd0e8dfd06,drat-trim,0.4,True,1076.4,21:22:53,
2249,0,14,1,600.0,UNSAT,0.8,16523,1288946,,0b95083a9c3017705c49e582b520a375527b3c044bf59b0d23e4f7333cfd0912,drat-trim,0.5,True,1076.4,21:22:53,
2248,0,14,1,600.0,UNSAT,1.1,25222,1745327,,f26eaf7ff976a02fa7c8a5bae8d162ab280c7f6c21f0ab2820726c4917df801a,drat-trim,0.7,True,1076.5,21:22:54,
2250,0,14,1,600.0,UNSAT,0.9,18486,1510963,,bb9359f7137ae78d15ce45bde4727d1b914e3185a2d9b984d7740c8c71a89653,drat-trim,0.5,True,1076.7,21:22:54,
2256,0,14,1,600.0,UNSAT,0.4,8633,506464,,613f740cd62ca8bc0e1d4f9eaac33e1c14f9f43623a84c7e814eef44c09aa751,drat-trim,0.3,True,1076.8,21:22:54,
2246,0,14,1,600.0,UNSAT,1.8,41411,2721381,,ed3f250f6f82087c7ec1271acb5716c7b41629f9f608aa94b2365f0095b147ac,drat-trim,1.0,True,1077.3,21:22:54,
2257,0,14,1,600.0,UNSAT,0.6,12630,823540,,16f849b9840a4c396fa9bc138ccf5377a42ac19b63084f5027d1325ffebdae30,drat-trim,0.4,True,1077.3,21:22:54,
2255,0,14,1,600.0,UNSAT,0.8,16994,1319602,,2162c14ad74cb36d9d61aa4cce7d536c58eabfbdd65395dd5810b7558fcc0f0c,drat-trim,0.5,True,1077.4,21:22:54,
2237,0,14,1,600.0,UNSAT,2.8,61252,4093264,,f1e7352e8162fc025c49619ba139bb1288520c91b56e8596f3524a4520f6d241,drat-trim,2.0,True,1077.4,21:22:54,
2253,0,14,1,600.0,UNSAT,1.2,28945,2001950,,67b7484eee3613ee175b8115148ff70b99bb3e4d2679296bfb4de5a7b6722cc3,drat-trim,0.8,True,1077.7,21:22:55,
2242,0,14,1,600.0,UNSAT,2.7,58450,3908714,,1e32c959fe5270f1913858fbdd61fe9c16245f25662294848bede075319e0d52,drat-trim,1.8,True,1077.9,21:22:55,
2261,0,14,1,600.0,UNSAT,0.8,17379,1368170,,8673c5192bf8b652a074939d2b18b48153af0274e3d15ca722e2102bf0055e0a,drat-trim,0.6,True,1078.0,21:22:55,
2264,0,14,1,600.0,UNSAT,0.5,10453,800010,,df457b2bfbe9e9599b7be075c6cc656feb5ca5e87c80072d961cfba77883ebe7,drat-trim,0.4,True,1078.3,21:22:55,
2265,0,14,1,600.0,UNSAT,0.5,11346,804280,,350e38324dbbc009d4b4a81fadbc2da88fe10134912dd75d4c163da100d96037,drat-trim,0.4,True,1078.3,21:22:55,
2258,0,14,1,600.0,UNSAT,1.3,30697,2352553,,d514c4198aafc18d8dd7982f9efa56b97dc291e324106b52b66492b5db7c6fe7,drat-trim,0.9,True,1078.5,21:22:56,
2266,0,14,1,600.0,UNSAT,0.9,18983,1529721,,9106b2c0abbf294bb7b257a6ccb586689dbd4701481e650256406d91e12b00fd,drat-trim,0.5,True,1078.9,21:22:56,
2259,0,14,1,600.0,UNSAT,1.5,35312,2617471,,2b19354164219a770e39f05b533552c69f0dde8e7d0d109535b93049245b16f1,drat-trim,1.0,True,1078.9,21:22:56,
2260,0,14,1,600.0,UNSAT,1.5,32887,2342348,,60dcc4375c2b4e65c805a0256f592f8d1704115834cf5b1e9b05cf99d6a0eb4c,drat-trim,0.9,True,1078.9,21:22:56,
2243,0,14,1,600.0,UNSAT,3.3,69422,5263220,,45adc321716d7690baf41deecaa404b6f06eb7055b139c91d96a10c7f926e8e3,drat-trim,2.2,True,1079.2,21:22:56,
2268,0,14,1,600.0,UNSAT,0.8,18534,1487083,,e60337f23b24339a322290322c709defad4148d366dcc67895ff699560872382,drat-trim,0.5,True,1079.3,21:22:56,
2269,0,14,1,600.0,UNSAT,1.0,20283,1469156,,664a307b309f9bcb27dbe6ecf66c2e82af54710c69ff9870f987f4dc7d9ebce6,drat-trim,0.7,True,1079.7,21:22:57,
2267,0,14,1,600.0,UNSAT,1.6,37868,2687857,,f14785dd5c833c78633c605859c0d6a41b3f41265e1c00fd2e226b09097d4df6,drat-trim,1.0,True,1080.5,21:22:58,
2270,0,14,1,600.0,UNSAT,1.4,31301,2328011,,a1cac24cd0cd9ed70dc293fba4c6fa248076a84c560a670918a5c94a7ca45c03,drat-trim,1.0,True,1080.6,21:22:58,
2272,0,14,1,600.0,UNSAT,1.3,31437,2376520,,d506c4df91524f79a7296d24d53ed98100dea2b6c56f9adb34afca48a13cb64a,drat-trim,1.0,True,1080.8,21:22:58,
2262,0,14,1,600.0,UNSAT,2.8,62054,4391406,,91e72c26af0fb10d56ffe080329e023374abed7807c1a615821b06ae3e8a8340,drat-trim,1.9,True,1081.5,21:22:58,
2281,0,14,1,600.0,UNSAT,0.5,12606,874094,,ffcb6a5eefe0ac2bb99a55c9effc4c060cc535a4afebc5f27a867c60341a4833,drat-trim,0.4,True,1081.7,21:22:59,
2276,0,14,1,600.0,UNSAT,1.6,36611,2373213,,1893e5b31000e95cd7c0e9d77b8674f8219e326e08bcae019c2f0dcee4ed5632,drat-trim,1.1,True,1081.8,21:22:59,
2274,0,14,1,600.0,UNSAT,1.6,37051,2599806,,3b5eda22dd1508d112ffdf2e1fad677c7b9599f081469ddf5b79eee753fcd830,drat-trim,1.3,True,1081.8,21:22:59,
2254,0,14,1,600.0,UNSAT,3.5,80458,5578750,,69a04edc6a1c0d79ae6e94d67bfbfe7b7fabcc51b6f8e557e6b7a506e9a7bb2f,drat-trim,2.8,True,1082.2,21:22:59,
2247,0,14,1,600.0,UNSAT,4.3,89933,6346055,,3ea6c5744d4cf8708463c9c7bd3a457bcb2130a150fc8cc896894e0f19f72b3f,drat-trim,3.3,True,1082.2,21:22:59,
2280,0,14,1,600.0,UNSAT,1.1,25336,1751619,,7fd1c9ed6625528193b45273c402ef09e89e8451df0a1fa25e2a41aca422bc35,drat-trim,0.8,True,1082.5,21:22:59,
2285,0,14,1,600.0,UNSAT,0.8,16469,1299348,,d25ad4b531ff98dc8b32a78692b3cfabd111e6cdea20a6fc209143ded0bda15b,drat-trim,0.5,True,1083.1,21:23:00,
2278,0,14,1,600.0,UNSAT,2.3,49490,3528614,,4debf149cc6fb527ff015288315690b6c81bc9fd93f0f5de24b518354347162f,drat-trim,1.3,True,1083.3,21:23:00,
2288,0,14,1,600.0,UNSAT,1.1,28380,1890297,,9146f7d17c893f0d86a376f9fbfa707cdf4d82c7e3db5d58330f5cab933dfb8e,drat-trim,0.8,True,1084.4,21:23:01,
2284,0,14,1,600.0,UNSAT,1.9,42027,3231874,,24c3f719788f536ca9c4af007724130bf00dc1e8cfb48d4e1903d3dffa7c2dd3,drat-trim,1.2,True,1084.9,21:23:02,
2289,0,14,1,600.0,UNSAT,1.2,28937,2099629,,c64b27c104f1c4f72ee999f53b1685a1bf9560b548b30adcf65724f2d84ba1cf,drat-trim,0.9,True,1085.5,21:23:03,
2292,0,14,1,600.0,UNSAT,0.7,15382,1226632,,afe2c89c2c4ac40f2f4092f76a772fc25eb34df8f9ec7d31d796e4864de44d04,drat-trim,0.6,True,1086.2,21:23:03,
2282,0,14,1,600.0,UNSAT,2.8,62007,4411841,,b1333cf6f242ac8e1c621fbb22fd6d1b983389ace20766b32bc174c30634c37d,drat-trim,2.1,True,1086.4,21:23:03,
2286,0,14,1,600.0,UNSAT,2.3,52245,3608843,,145355a9d90cc09042d3b433dbd23a8f525f4d00e66466cad48604eff7f040a6,drat-trim,2.0,True,1086.5,21:23:04,
2273,0,14,1,600.0,UNSAT,4.4,90336,6405298,,a01b930fd30dd63c236f137edca12e9e5258b847ee0d066d9c0eea60f6280fe2,drat-trim,3.6,True,1086.9,21:23:04,
2271,0,14,1,600.0,UNSAT,4.8,96515,7171836,,a366f2280886fdfb13b21602e933bef4cc9463d1d5cb0d59be2c78da6d770314,drat-trim,3.8,True,1086.9,21:23:04,
2290,0,14,1,600.0,UNSAT,2.2,47438,3190978,,d3fd382a3682bff23aad738f776d7ff44676951c232cf52993994ef676bc2a0c,drat-trim,1.7,True,1087.2,21:23:04,
2277,0,14,1,600.0,UNSAT,4.3,90909,6276782,,51f846162119dd381bd0307ebd2d302d96ebe5ccd109c9b247c35658efc7cf87,drat-trim,3.6,True,1087.2,21:23:04,
2263,0,14,1,600.0,UNSAT,5.6,108247,7752031,,65c6e7a1d554cbbaaae9d38991c9b474e203fecee48ce126234365c3b790da3c,drat-trim,4.6,True,1087.5,21:23:04,
2296,0,14,1,600.0,UNSAT,1.1,23688,1699452,,5de84a605fdf4dae80c538085af32eedd1541c9311c30ce924c96cf43b071d1e,drat-trim,0.7,True,1088.3,21:23:05,
2293,0,14,1,600.0,UNSAT,1.9,40139,2608368,,bc25ee6cb68386426132902f3658f9f2bb0f62c5e879e05eea9a2d931bf11160,drat-trim,1.2,True,1088.6,21:23:06,
2300,0,14,1,600.0,UNSAT,1.0,19877,1487649,,01bcc54ed003fd6ec94f01a9a0ec1415bb424e89b9943b250bec0b7248a41445,drat-trim,0.6,True,1088.9,21:23:06,
2283,0,14,1,600.0,UNSAT,3.9,84679,5818067,,8d1081fba0151c82407b422f21a8052a60403a1c0c5d25029f6cd65a04468ae5,drat-trim,3.2,True,1088.9,21:23:06,
2297,0,14,1,600.0,UNSAT,1.4,33724,2426231,,473802528dd145d38b7bc55cf5642d400110d85a539650612d59ac298dfe3071,drat-trim,1.1,True,1089.4,21:23:06,
2304,0,14,1,600.0,UNSAT,0.3,7577,463702,,29eddf062bce9860fcbfee8697556899a3ccf8cd1a53ba0d2f73c508205d3196,drat-trim,0.3,True,1089.5,21:23:07,
2305,0,14,1,600.0,UNSAT,0.5,11645,627993,,766f0ff593a4ddc19dcbeccdec0bda7e7e2da4bec75a083c45f7a0859557d211,drat-trim,0.4,True,1089.9,21:23:07,
2298,0,14,1,600.0,UNSAT,1.8,42067,2995594,,d1923c6a0651418a0877be2e6a6f03685aed3565f103d99cc7d7cc9e8d53fd56,drat-trim,1.3,True,1090.1,21:23:07,
2306,0,14,1,600.0,UNSAT,1.0,21048,1609824,,c5675f077db9d5adc0d2af9c6fd2a3b169b2e2ec543e2420ac7b49dfd0aa35e0,drat-trim,0.6,True,1091.0,21:23:08,
2279,0,14,1,600.0,UNSAT,5.8,111674,8021198,,4fa42aaf055f47dda79f0684646ebd4ecdc50398dc1c9691e9cd8fdf883e1716,drat-trim,4.7,True,1091.0,21:23:08,
2275,0,14,1,600.0,UNSAT,6.6,130247,9283278,,556d6df1f4365e10d738fb7ab15ad0f3dfd92ac63e942b97a3c492d0aa5cf115,drat-trim,5.7,True,1091.2,21:23:08,
2307,0,14,1,600.0,UNSAT,1.0,22818,1628736,,ffdb44abef662b01fe82dd205b4bd9ad96be3655d479f5a8a588a3a6e0c91a61,drat-trim,0.7,True,1091.3,21:23:08,
2294,0,14,1,600.0,UNSAT,3.1,64289,4412530,,7fa264bdd2ef112e606cc5eb9504c65768ca5c31b4a6dc2eefcad8e2d4504ea7,drat-trim,2.3,True,1091.6,21:23:09,
2301,0,14,1,600.0,UNSAT,2.8,61693,4351112,,45579760110dee0cbcb4731c3a4ff216e045d09131c0cca72d03a643092513a8,drat-trim,1.6,True,1091.9,21:23:09,
2291,0,14,1,600.0,UNSAT,4.2,89866,5866395,,4aedf70cc173f821199add242dd49eacbf68e2dea251f03ae3b0f0c8c9b14d67,drat-trim,3.4,True,1092.0,21:23:09,
2295,0,14,1,600.0,UNSAT,3.2,66678,4590246,,9aaab28b1cbb8184bf930c5fcbab617b99251cd4dc38ac13606d5fa63c88a33b,drat-trim,2.4,True,1092.1,21:23:09,
2312,0,14,1,600.0,UNSAT,0.7,15941,1217787,,579da56089b50ca59b762697f26d6d019d0d5c9468b68b8c4fc1c61a2b4a9b67,drat-trim,0.4,True,1092.3,21:23:09,
2309,0,14,1,600.0,UNSAT,1.3,30481,2179836,,9c15437f24648e8c866a77206800ba1971b9587010d880a40c70b06ad2a4c01f,drat-trim,0.9,True,1092.3,21:23:09,
2287,0,14,1,600.0,UNSAT,5.8,109084,8085597,,214b0d7c913bb33b10ccd338adda35fb86575e763554b4f09f7b986d8cb91572,drat-trim,4.5,True,1092.5,21:23:10,
2310,0,14,1,600.0,UNSAT,1.3,29256,1994690,,acc1ec4a5da80f9b8be27fa560a8d460d28d536af4308da38e6fe3ac183bd0ce,drat-trim,0.7,True,1093.1,21:23:10,
2299,0,14,1,600.0,UNSAT,3.5,72323,5381629,,f8e8ee37737f3f0530d7296c3fda557aaa354b3a809c3200a68dc32846cceab1,drat-trim,2.6,True,1093.3,21:23:10,
2320,0,14,1,600.0,UNSAT,0.7,14243,798046,,5b56ebc100e8842a3f2af102d13dd32bf1da08f693e60a46917ddb70962cd1e2,drat-trim,0.4,True,1093.7,21:23:11,
2314,0,14,1,600.0,UNSAT,1.4,31555,2289875,,2ce1742d4b385c79534510d71d879d0a497e6bf3658a41407cced3623038bbb5,drat-trim,0.8,True,1093.8,21:23:11,
2308,0,14,1,600.0,UNSAT,2.4,57543,3689083,,4d4acda4750a66f4ed9452974210f5326df208616afa16ee3940057126b6f37e,drat-trim,1.7,True,1094.0,21:23:11,
2303,0,14,1,600.0,UNSAT,3.2,67645,4787515,,465cddf2e983a94859fe12b396a143b956a743fe20243671784f49d7c900afd3,drat-trim,2.4,True,1094.3,21:23:11,
2321,0,14,1,600.0,UNSAT,0.8,16109,1258301,,ec2863089faffa5b1f4a84cb36274b1e56771b8f24163fd634bd0492a1b15140,drat-trim,0.5,True,1094.4,21:23:11,
2313,0,14,1,600.0,UNSAT,1.9,47630,3023246,,fedfed94154761923c6950ddfccb20e342975cb7ac7444aa6f8117d888c0dfb5,drat-trim,1.2,True,1094.4,21:23:11,
2311,0,14,1,600.0,UNSAT,2.0,45933,3232335,,e927d48f67e6c25ad1cb93b684049574705074f8fa49b882790a19fe8c226981,drat-trim,1.4,True,1094.4,21:23:11,
2315,0,14,1,600.0,UNSAT,1.6,39575,2611072,,737d100c84838a2d5c388212a8c323c81bd0720a0c4c799a6ba3a100652efc59,drat-trim,1.0,True,1094.6,21:23:12,
2316,0,14,1,600.0,UNSAT,1.8,45129,2785254,,92b8e609af1122ef50a2e06e875a3c7291d26166d10a3dd956f7e67dd4140057,drat-trim,1.2,True,1095.1,21:23:12,
2317,0,14,1,600.0,UNSAT,1.8,40979,2646508,,05b20154281d61015a22bd5e34274fd352ed6bffd03b81644921914141a70b96,drat-trim,1.3,True,1095.3,21:23:12,
2323,0,14,1,600.0,UNSAT,1.0,20701,1574081,,36fea43320c3e6f8412346488dc35bb5fa2d028896a10a2ccbf019ad63eff08c,drat-trim,0.6,True,1095.3,21:23:12,
2328,0,14,1,600.0,UNSAT,0.7,14573,1146572,,bcb48c2bb1bfeee474b875a2980f80f29d058ff1339c3982bef4d2db85c30a3d,drat-trim,0.4,True,1095.5,21:23:13,
2302,0,14,1,600.0,UNSAT,4.1,83369,5884866,,6119906234749563af8870254ca2e8a6dc35f5c7d9b67573c70e0322117e72ab,drat-trim,3.1,True,1095.5,21:23:13,
2322,0,14,1,600.0,UNSAT,1.8,44800,2964097,,649171fd2ab24bb10dadcd6a938f7489d6ab98d8b3ac64ccd36c0e2e9ca1b6ad,drat-trim,1.2,True,1096.4,21:23:13,
2329,0,14,1,600.0,UNSAT,1.2,30873,2046574,,fb96524e576ef3a03da55893c958776e5564905f40b1034c2c8d07f0d96ec277,drat-trim,0.8,True,1096.4,21:23:13,
2331,0,14,1,600.0,UNSAT,1.1,19900,1483239,,50037d526a256a5e7b422841ea2e674943e7866513e58eee0d02dac481373f86,drat-trim,0.6,True,1096.7,21:23:14,
2330,0,14,1,600.0,UNSAT,1.9,44190,2810335,,120b9e6cf3ab5769282cbb6f6d3dbe000aeec10305b2f320d7a140b96c5e5398,drat-trim,1.0,True,1097.4,21:23:14,
2319,0,14,1,600.0,UNSAT,3.1,70350,4827090,,e6c5198f21ddbfc6676f16ef2e9d0443f2c8e4d2c98e005577e4d1f7f9cce4d4,drat-trim,2.3,True,1097.8,21:23:15,
2333,0,14,1,600.0,UNSAT,1.5,34487,2420746,,a0f31824ca60ebc84d7a3be044c5efe02ee2a32ccf0095ee5e7a9a6865cff7e6,drat-trim,1.1,True,1097.9,21:23:15,
2332,0,14,1,600.0,UNSAT,1.9,45545,3087772,,4c730b1162c3d3fac2876f6fc435895fc40f6955bafc98d3aa993a1d65df1106,drat-trim,1.2,True,1098.3,21:23:15,
2327,0,14,1,600.0,UNSAT,2.6,58556,4419175,,6d0e441710d4ab7378b4327ca1b6d3df32bed98be7d629fb0d2f7d652fd5e964,drat-trim,2.0,True,1099.0,21:23:16,
2324,0,14,1,600.0,UNSAT,2.9,67002,4480460,,be039b768c06f7b9cf68bb4f20791097965d8d271da67080a8f12c0c0b05ef79,drat-trim,2.1,True,1099.0,21:23:16,
2318,0,14,1,600.0,UNSAT,4.0,88954,5908188,,3f2687197d35819e64f6c36ed4c16f22c09a56492e5e2bf88d26b64eecc1d917,drat-trim,3.1,True,1099.4,21:23:16,
2336,0,14,1,600.0,UNSAT,2.0,47244,3167356,,7d2d2d0b598796a71ae56f73992a65ac195ca2821d138f4664a7ce252685c7f6,drat-trim,1.4,True,1099.8,21:23:17,
2345,0,14,1,600.0,UNSAT,0.6,13935,952141,,48f2333dbf69906bd2f931b8ba046624b4c5c85f348861ad0df4221c38ea055a,drat-trim,0.5,True,1100.6,21:23:18,
2335,0,14,1,600.0,UNSAT,2.9,65741,4565668,,87f1dc911b1dd8b3e4cef07f6d7cf432782bafb977dd63ca26d2677ac7e76381,drat-trim,2.2,True,1100.7,21:23:18,
2325,0,14,1,600.0,UNSAT,4.1,87368,5977481,,2394cef43e33a783cd43b01aa2d586c3a987ab84a4af6863166b9be431f24a31,drat-trim,3.1,True,1101.2,21:23:18,
2344,0,14,1,600.0,UNSAT,1.3,28510,1849236,,fba84cb8d9c40965c53634081d1c870be324bbab52970d1481a830c19fc5f425,drat-trim,0.8,True,1101.2,21:23:18,
2340,0,14,1,600.0,UNSAT,2.2,49443,3621530,,12ace1d36b50c02e5f6a5d94960c6796cd4d76c5c4a0d52fa0205034b41493d0,drat-trim,1.4,True,1101.4,21:23:18,
2338,0,14,1,600.0,UNSAT,2.9,68113,4479556,,cf5b0ddb09919f14a2d0ecb211707c94f682d1412dad9814fc0de41e7076b096,drat-trim,2.2,True,1101.8,21:23:19,
2326,0,14,1,600.0,UNSAT,4.2,91097,6272706,,cf578d48ee178f6717551fa2e4edccebe8ce71e0a51611ab86920754086f8aa3,drat-trim,3.3,True,1101.8,21:23:19,
2349,0,14,1,600.0,UNSAT,0.9,19313,1465378,,b81890cb59ca206a3e4c37f966cd5a38c4a1557b2be294f6bb2c26e939484cd7,drat-trim,0.7,True,1102.8,21:23:20,
2342,0,14,1,600.0,UNSAT,2.6,63610,4238401,,5db16a566151bb434bb8ccda2798b66cca857e0d1d0576f27c588e197686f314,drat-trim,1.9,True,1102.9,21:23:20,
2353,0,14,1,600.0,UNSAT,0.7,16356,1207979,,46cc5ed4b6f60e045e0438cf82562f348b21e4ecf6606477ffa6b108f0d0e5bc,drat-trim,0.6,True,1103.1,21:23:20,
2348,0,14,1,600.0,UNSAT,1.8,43182,2758592,,339885da6f5e1dcc6b5ed762bf8efa075cfb49fe473e0fd7bcbcc735b8965a81,drat-trim,1.4,True,1103.9,21:23:21,
2346,0,14,1,600.0,UNSAT,2.4,57562,3797602,,7c4228346928d90a8bcbb3cdc16fa1191293836264506f9de27b63d11ed0d3f7,drat-trim,1.9,True,1104.1,21:23:21,
2334,0,14,1,600.0,UNSAT,5.1,103446,7160977,,9cd8d8e2f328451185affbe9b606741ee4cecdbf009cd502fcc1cebee444e117,drat-trim,4.0,True,1104.6,21:23:22,
2356,0,14,1,600.0,UNSAT,0.9,21572,1532998,,582162f02f93eb8586c95d0f39b9a6c51ff303bdb67673fb4f853cb37eec130a,drat-trim,0.6,True,1104.7,21:23:22,
2352,0,14,1,600.0,UNSAT,1.8,42846,2794952,,1deeb1a7bada77c29b4ce3c1e2a0b01a17e3716174107355699544e727efbb49,drat-trim,1.1,True,1104.8,21:23:22,
2337,0,14,1,600.0,UNSAT,4.8,100368,7012338,,88ca0f2b4354ddc41dbc2a87705a471d4031929e2ca51dbcc88b845566b3efd5,drat-trim,3.7,True,1104.9,21:23:22,
2347,0,14,1,600.0,UNSAT,2.7,61059,4005236,,c1bef1b4f7f318872590c4e2bec5c925e9b17fafb32578e549024823d63896b0,drat-trim,1.9,True,1105.2,21:23:22,
2341,0,14,1,600.0,UNSAT,4.2,91084,6131986,,abd03167aa185374fabc9add144410bea526f855152bde75ed9095bfa4b07426,drat-trim,3.5,True,1105.6,21:23:23,
2343,0,14,1,600.0,UNSAT,3.7,80538,5468230,,541cc5f73dc59251d3eb6ea2ce87ab750a021fbf4b976bd9bab79c602158e03f,drat-trim,3.0,True,1105.7,21:23:23,
2357,0,14,1,600.0,UNSAT,1.3,29634,2042274,,505d1da8493e21502ca15ffe36a9ffe55f0e67a26eb1d6912b25cabc90eddaa6,drat-trim,0.7,True,1105.8,21:23:23,
2361,0,14,1,600.0,UNSAT,0.6,13380,773683,,3ef938ddbfe077991da9d994cde084b0fc0e84b22b9583361ae82f4e1ce86bfe,drat-trim,0.5,True,1105.8,21:23:23,
2355,0,14,1,600.0,UNSAT,2.1,48355,3701509,,6478774d8583ca885a32ebafe07f5e70b5adcb67635f83dddf51a5ee97c126d4,drat-trim,1.2,True,1106.3,21:23:23,
2360,0,14,1,600.0,UNSAT,1.0,21943,1503909,,ced4ac0a7a3beeafdbe17878f7a204b465ad88c868a45a00d16487d534722b90,drat-trim,0.6,True,1106.4,21:23:23,
2350,0,14,1,600.0,UNSAT,3.1,66479,4363522,,866e2228ee2ce06690d5c169c052fd470a6a18f723400bdb84dc7b9efbfacbe7,drat-trim,2.1,True,1106.4,21:23:23,
2339,0,14,1,600.0,UNSAT,5.0,111822,7764122,,2d771949ab1e4939d488700f598daf3f7d9152bdcf2253ce6cdcda987445b640,drat-trim,4.3,True,1106.7,21:23:24,
2365,0,14,1,600.0,UNSAT,0.6,13416,963090,,68e6a77646ad3110d290cbda2b342749148a2e8ab090485ba44553519cc8ab4a,drat-trim,0.5,True,1106.8,21:23:24,
2358,0,14,1,600.0,UNSAT,1.7,38285,2860050,,6c34e2497a948673fdc1b94e3ec92b34f7557b87d94548ecb02d503c30aa020a,drat-trim,1.2,True,1107.0,21:23:24,
2351,0,14,1,600.0,UNSAT,3.4,72801,4937408,,4826df32fe213643c416a87bedd76f3221ab84fa68c718442084ec5d3c04ca79,drat-trim,2.4,True,1107.2,21:23:24,
2364,0,14,1,600.0,UNSAT,1.0,23031,1631935,,e4ad111bd94e1c39e077422ae6a5c6a132cf5cf5e91b97fc9d5231dd3489fc5e,drat-trim,0.6,True,1107.2,21:23:24,
2370,0,14,1,600.0,UNSAT,0.6,11878,852378,,165e83814ce4903d70abf433b973d08ddd66524aace448a9e3be0b3d4c6526ed,drat-trim,0.4,True,1107.3,21:23:24,
2369,0,14,1,600.0,UNSAT,0.6,13564,757421,,9d550f07e27f3e67d7a937d4b940c7d3ad77541c2f954ab7ed447569ad225975,drat-trim,0.4,True,1107.4,21:23:24,
2368,0,14,1,600.0,UNSAT,0.7,16508,1231280,,c2cc96220b87021cfcb21b2924e4563e79811b96b5ac7dd1898a0a2d948933b7,drat-trim,0.5,True,1107.5,21:23:25,
2354,0,14,1,600.0,UNSAT,2.8,60984,3969226,,1c9e5047c47da849055b7a17fe0739442008076918be3345f4745d2fa4379ec6,drat-trim,1.9,True,1107.5,21:23:25,
2371,0,14,1,600.0,UNSAT,0.5,9307,686608,,cd865abbb875372782031db8adf2956065d9ab58f42167e461e72103594d0547,drat-trim,0.3,True,1107.5,21:23:25,
2377,0,14,1,600.0,UNSAT,0.5,11598,620024,,e66e5481e47c3dcf313fccb42dde46c94d8e2e1a3330a6de4a712749ba33610a,drat-trim,0.4,True,1108.3,21:23:25,
2376,0,14,1,600.0,UNSAT,0.6,13289,899682,,1dae75419613ae6c0deec679ebf873b78570280abfcc6aa02940cdd556b40e66,drat-trim,0.4,True,1108.4,21:23:25,
2372,0,14,1,600.0,UNSAT,1.1,26200,1780867,,6f304a90f245c6645f7c559e86c2ce8c0eb92923a8952be6ef36945654039ded,drat-trim,0.7,True,1108.6,21:23:26,
2359,0,14,1,600.0,UNSAT,2.5,59558,4203901,,4176bedb1a07e3d5105411fea23852981b83075d3ae472d24307d9e41a8531db,drat-trim,1.7,True,1109.0,21:23:26,
2363,0,14,1,600.0,UNSAT,2.3,55128,3717993,,5852ad8667fc8298e62188786cf53e4ab25ec075b9e7f4a8a4ad665376ada931,drat-trim,1.6,True,1109.2,21:23:26,
2379,0,14,1,600.0,UNSAT,1.0,25465,1644774,,a37c5f0a9c2fcafc56a6ae38133c7ba0c0e698611a3cd53a449747c601b4cef7,drat-trim,0.6,True,1109.2,21:23:26,
2378,0,14,1,600.0,UNSAT,1.2,26175,1634195,,a4bded89358238325b6c7dbb92587f90b44f3a989d06e1ededbed6682154359a,drat-trim,0.7,True,1109.4,21:23:26,
2373,0,14,1,600.0,UNSAT,1.5,34472,2563053,,e305fe01b91fcf22f2dda89be291d59964d9365eb1215ee0180b53d77b0d17e4,drat-trim,1.0,True,1109.5,21:23:27,
2362,0,14,1,600.0,UNSAT,2.8,66002,4501667,,d1d3a4db59cf67e01bdae42821177d80d5d75f2327fe0d0072e139225e7059d5,drat-trim,1.8,True,1109.5,21:23:27,
2384,0,14,1,600.0,UNSAT,0.5,10122,678757,,1509cc88ffcf2f2232e1d09d5872a33af2ad1793a175b9600e9233dc2b2f9f5b,drat-trim,0.3,True,1109.8,21:23:27,
2386,0,14,1,600.0,UNSAT,0.5,8916,913219,,d71e4b36de9aa1f24579cde20e30d897c9c9be4f75bd331210320cfda412fd0b,drat-trim,0.3,True,1110.0,21:23:27,
2385,0,14,1,600.0,UNSAT,0.6,12116,839575,,4303a27f2309ae17f0647d55a215b115be05fc8281ca4bca97851dbcc17c9a4d,drat-trim,0.4,True,1110.1,21:23:27,
2387,0,14,1,600.0,UNSAT,0.5,10275,654906,,c7b41587251b2fa139fdcb4ca6851703c03dd0b92b72d5c074b35da30bc1d0cb,drat-trim,0.4,True,1110.3,21:23:27,
2366,0,14,1,600.0,UNSAT,2.8,66881,4399996,,c7788ce01bee22fa226f77cc57a4667db954d959705bed2a9a68719fbe6654b3,drat-trim,2.1,True,1110.7,21:23:28,
2382,0,14,1,600.0,UNSAT,1.6,33953,2487728,,b9db5bf3bc6093dcaebf2899d9490e51b2b620aa51df6806c6317f9f7ecbc61e,drat-trim,1.0,True,1111.0,21:23:28,
2374,0,14,1,600.0,UNSAT,2.3,49489,3600095,,7a2178e15f7b89471500dc2cae4d9b2dac9853966e5666de72e72f652be98d0f,drat-trim,1.6,True,1111.1,21:23:28,
2392,0,14,1,600.0,UNSAT,0.7,14182,762311,,0ea9b3f3826211de01486ea37a0980ce13a47e0affaa8b6f2b6701894a5b821c,drat-trim,0.5,True,1111.2,21:23:28,
2393,0,14,1,600.0,UNSAT,0.7,14308,786220,,1ff20809bca4d64513925d1bf90620190191fc0cadaf360d8d898dfdd7736b0d,drat-trim,0.5,True,1111.4,21:23:28,
2380,0,14,1,600.0,UNSAT,2.3,52901,3519799,,606990a666b9c3102a1f424af90fe179b7060b548a4ba3a8813e0dc020e1645e,drat-trim,1.5,True,1111.5,21:23:28,
2394,0,14,1,600.0,UNSAT,0.5,9632,749433,,5bfe15435c96ec59666c33fab46883ffed164307586f3df4c33b7f6ae5f5e9db,drat-trim,0.3,True,1111.5,21:23:29,
2383,0,14,1,600.0,UNSAT,1.9,43200,2958362,,f3247710a9c5f59793bb7a79868625ce075bfed4a5e7bc59095484425693a2f7,drat-trim,1.3,True,1111.7,21:23:29,
2391,0,14,1,600.0,UNSAT,1.2,26654,1776438,,ec3dbaae1513b05a173b3a8d313d68f6496e9f8d40eca5027d95c6deefe5013e,drat-trim,0.8,True,1112.0,21:23:29,
2390,0,14,1,600.0,UNSAT,1.1,29128,1931243,,35985c64cb17030403463de7940a73aa98a73b186bb64a0830980594e8232920,drat-trim,0.9,True,1112.0,21:23:29,
2395,0,14,1,600.0,UNSAT,0.7,14885,1237859,,3707686d541a31d3d3d3b559499d64fd3a5d7ce3760434ffbc7c83a34a1c1e81,drat-trim,0.5,True,1112.2,21:23:29,
2381,0,14,1,600.0,UNSAT,2.3,54632,3537406,,037edf9b85a9cfac2155f17e3da61c3d40df948abb12f660f3607300d2cbcd42,drat-trim,1.7,True,1112.3,21:23:29,
2400,0,14,1,600.0,UNSAT,0.5,10019,815293,,29a7876f3a54a079a092dce4d85611c825d257b837c90f233735aecd52759e91,drat-trim,0.3,True,1112.4,21:23:29,
2402,0,14,1,600.0,UNSAT,0.3,7174,516467,,0bb8b45cc3a1fa3debef470f5b76beed0b6a2b178e55e7ee6c1779d15769df82,drat-trim,0.2,True,1112.6,21:23:30,
2403,0,14,1,600.0,UNSAT,0.5,9976,617050,,666ad87cce617636108ef46b247f04d36d80ea4a28607a38ba3bf2f9fda6b353,drat-trim,0.4,True,1113.0,21:23:30,
2401,0,14,1,600.0,UNSAT,0.7,15942,1227003,,2154cbff5d72362b76b4a6eddf588b659825ba1767c97e8e9a392f984526f0b4,drat-trim,0.6,True,1113.0,21:23:30,
2375,0,14,1,600.0,UNSAT,3.7,84552,5795527,,03641900791f3b7fec5d37761620b5d068c6c45dfaed07efa358b19673435e72,drat-trim,2.6,True,1113.5,21:23:31,
2409,0,14,1,600.0,UNSAT,0.4,9452,833713,,dfe4c5033efb0d194f55a094ecfe848d93a0c29be2da3d0ec2fcaa2a34dd388f,drat-trim,0.3,True,1113.7,21:23:31,
2399,0,14,1,600.0,UNSAT,1.5,35164,2529826,,8cc41763f8ecbc29de9dd48b49c7af39bc9a9138d5c6d4fedf6ce6ca96b10323,drat-trim,1.0,True,1114.0,21:23:31,
2406,0,14,1,600.0,UNSAT,1.0,19855,1538873,,247e1dc18c4364fd607f9ba531ea2b82b902b2dcc53555fd1d6c5a0bd806d349,drat-trim,0.6,True,1114.0,21:23:31,
2398,0,14,1,600.0,UNSAT,1.6,36375,2472375,,c7a68b5aa66beb1cb2ae2fd9ef344e11836095a9e6943bd02075f4e9de47aabd,drat-trim,1.0,True,1114.0,21:23:31,
2408,0,14,1,600.0,UNSAT,0.7,14943,1084674,,48e9cfdf4c7f310b4677c2a559f48cee58546b7091929793661a8c3044b523b8,drat-trim,0.4,True,1114.1,21:23:31,
2388,0,14,1,600.0,UNSAT,2.6,59375,3946330,,b78b92fb7430e033a09b3d3279d48e0df227bbdb95c74e2b3942709fcd1c27dc,drat-trim,2.0,True,1114.2,21:23:31,
2404,0,14,1,600.0,UNSAT,1.3,30249,2015522,,32f7eca19403884caf26d0b88b214954e2f09838b7349ac17182269ad118a407,drat-trim,0.9,True,1114.4,21:23:31,
2367,0,14,1,600.0,UNSAT,5.0,107633,7874157,,ec9e70314be5f3109a1ebb7ac2f79c388615460b60b2ce8f8e2dc99d30ca61fd,drat-trim,3.8,True,1114.6,21:23:32,
2417,0,14,1,600.0,UNSAT,0.4,6092,353384,,18e9955d06a95cf9102ebe64edd592fcdb2b8c7adce3be164a489906c90a06b3,drat-trim,0.2,True,1115.0,21:23:32,
2396,0,14,1,600.0,UNSAT,2.3,49517,3292037,,6fa44f0db4982b719e6ab58d2e1e8cb62a0d39f880fe98c71561530eb8895681,drat-trim,1.6,True,1115.2,21:23:32,
2411,0,14,1,600.0,UNSAT,1.0,24354,1583416,,e7a43e2c1845b90734efa888ea5843b6c08ba217d83e9c06f125bf517814e02e,drat-trim,0.6,True,1115.3,21:23:32,
2410,0,14,1,600.0,UNSAT,1.0,24834,1709328,,706a87157dc57427fcc776a214fe764b57860cba2501dcb0ae68e10a11310408,drat-trim,0.7,True,1115.3,21:23:32,
2389,0,14,1,600.0,UNSAT,3.3,73950,4970866,,ac038cfa09672a88976917a5694563b6c94b80eed7c9d332495a0215cf27cbf3,drat-trim,2.6,True,1115.5,21:23:33,
2397,0,14,1,600.0,UNSAT,2.5,56612,3727191,,f9fe176b55f137f3f2b307daaa3fa93c9fdbd6b24d1e2ba2252d38d8b40ef24e,drat-trim,1.8,True,1115.6,21:23:33,
2407,0,14,1,600.0,UNSAT,1.8,42563,2878210,,184774a4bbd4da0777fb749996a6b5987f60f2578ed1585facf66518a4ebcd57,drat-trim,1.3,True,1115.7,21:23:33,
2405,0,14,1,600.0,UNSAT,2.2,50327,3710455,,7275a461c37d2cb97b4115532113500f06998130df024d1b8bd5fd60d4182a57,drat-trim,1.4,True,1116.0,21:23:33,
2419,0,14,1,600.0,UNSAT,0.5,9775,723688,,8c8c280002bdc2af9df46be19027e167185297c79a4a5202f61402d9bb743540,drat-trim,0.4,True,1116.0,21:23:33,
2416,0,14,1,600.0,UNSAT,1.1,25263,1683900,,546459ccf1ee785bcd893fdb969dcad6f225bdc1b8b2d6e9de80071c1a697574,drat-trim,0.7,True,1116.0,21:23:33,
2412,0,14,1,600.0,UNSAT,1.3,29743,2142417,,1580aafb39ad0496fe69aa24d3ee8ef708f79432e03abb7a16de311a283a9e01,drat-trim,0.9,True,1116.2,21:23:33,
2425,0,14,1,600.0,UNSAT,0.3,5845,331098,,d05291f2711d2fcd680935f46f5dc6a0c728c65840a9f8ad8cb57c940aeb0fd0,drat-trim,0.2,True,1116.2,21:23:33,
2418,0,14,1,600.0,UNSAT,1.3,30799,2121521,,5ad4bcc5bb91b84976c74593bb8098599c6da9610668dc9377a219110bf44562,drat-trim,0.7,True,1116.6,21:23:34,
2413,0,14,1,600.0,UNSAT,1.9,41641,2900539,,236780b771c16f57907661c4a376e89043d18690b888e894f9c3d89897de4955,drat-trim,1.1,True,1117.0,21:23:34,
2424,0,14,1,600.0,UNSAT,0.9,20093,1404146,,c06d4db2c29e7970d5f5f448c0f15dfa0264e4852de2af0667a101fa2c41fc91,drat-trim,0.5,True,1117.1,21:23:34,
2427,0,14,1,600.0,UNSAT,0.6,12549,828384,,b977064b049cf2c14c52f3b9bf8b395958dcefe4d11aab42ee03d974aa5c2ffa,drat-trim,0.4,True,1117.1,21:23:34,
2434,0,14,1,600.0,UNSAT,0.3,7565,496008,,0eda5fffd7af65d5619f22eeecd3a2d1304fff766bfc8a51d81c0474f742d0df,drat-trim,0.3,True,1117.7,21:23:35,
2432,0,14,1,600.0,UNSAT,0.5,10870,669607,,febdb355092812a654990753221274caeace7715e8b9e39bb08168e86a27b65f,drat-trim,0.3,True,1117.9,21:23:35,
2433,0,14,1,600.0,UNSAT,0.6,11997,896671,,986dad72dd74a54f8688acdb99e3fc9781300751fec74de948efa1dcad6e633f,drat-trim,0.4,True,1118.1,21:23:35,
2420,0,14,1,600.0,UNSAT,1.7,37979,2635888,,f796221318aef0ec115e722bdf866bcfe0ff2ab74d58f668a78876211bfcc9c8,drat-trim,1.2,True,1118.1,21:23:35,
2426,0,14,1,600.0,UNSAT,1.5,36973,2466399,,492a72d057a8c7c21cf5af363eafc059d3719b0ec07719f2783fc3d23fea731a,drat-trim,1.0,True,1118.4,21:23:35,
2435,0,14,1,600.0,UNSAT,0.5,11852,894473,,b4b0a472e06c5d8d496b92dbe0a3affab2d7eb562287f58c80469c38bb408c94,drat-trim,0.4,True,1118.6,21:23:36,
2415,0,14,1,600.0,UNSAT,2.8,60969,3960062,,17a34548bff7c0d668f4d5d91e5dfaef45bd94fdaaeeb25e29869862dfaf9ae9,drat-trim,2.0,True,1118.9,21:23:36,
2440,0,14,1,600.0,UNSAT,0.5,11684,672098,,961198ef6daed57168d476f7e85f6c0bfa27c0aea9a678e5cd35a46d5f414613,drat-trim,0.3,True,1119.5,21:23:37,
2422,0,14,1,600.0,UNSAT,2.6,58371,4247373,,952d1453346482453c0bd36412f2fe9407a6e7ff138fa682eee074064fc5db18,drat-trim,1.7,True,1119.6,21:23:37,
2438,0,14,1,600.0,UNSAT,1.0,20452,1551318,,cc1246740b475ba028b021491adcc17637d74a9e475750ce4d066c3e301ae24c,drat-trim,0.6,True,1119.7,21:23:37,
2414,0,14,1,600.0,UNSAT,3.4,71764,4788401,,4c9d32edc2b68b1d95d70f354bd3182284abd545ea3bda7f963d6c87e6926982,drat-trim,2.3,True,1119.8,21:23:37,
2441,0,14,1,600.0,UNSAT,0.6,14064,826539,,598abcd245f788222dba84f6f879cc21c72ce471aeb5ac78ad1905ddc5c51143,drat-trim,0.5,True,1120.0,21:23:37,
2442,0,14,1,600.0,UNSAT,0.3,4807,318549,,2644929b4ca4f8596864d53ea0101be41c6733561d42770aad814f17df782f41,drat-trim,0.2,True,1120.0,21:23:37,
2439,0,14,1,600.0,UNSAT,1.0,26431,1754175,,fd82e3a55fb1dfef30e460e02b6be0076fe0ab43558da8ae4d3b5bada19d8ad2,drat-trim,0.7,True,1120.1,21:23:37,
2423,0,14,1,600.0,UNSAT,2.6,60163,4425841,,e4891fb721a83fd019a0c5d790ceddbec1baea6eccadb0a47dd10283b417739a,drat-trim,2.1,True,1120.2,21:23:37,
2431,0,14,1,600.0,UNSAT,2.1,48338,3527458,,69d8564722f807c3fa601ab092f784d42cfcdebe1e4d28aa1a7dc8ade480b24b,drat-trim,1.6,True,1120.3,21:23:37,
2443,0,14,1,600.0,UNSAT,0.7,13778,911325,,d145700b7ce6a36541cfb1165c1df77f082cf79140eef35e439209b301e1f71a,drat-trim,0.4,True,1120.7,21:23:38,
2428,0,14,1,600.0,UNSAT,2.9,65386,4387029,,bdc352ad7d613031c8af129920aa0729cf7abc37045812b49fb9511e4b0c9052,drat-trim,2.0,True,1120.9,21:23:38,
2430,0,14,1,600.0,UNSAT,2.8,62635,4417098,,277d48df10c0aa59888ff0f8888138d9654a027bffae41abcb29461b5f67b90d,drat-trim,2.0,True,1121.0,21:23:38,
2436,0,14,1,600.0,UNSAT,1.9,43869,2940853,,bc7e76fcc6218f802bdd8c14d7bbff5ce2f8c6ffba0889291223bea0b3759cbf,drat-trim,1.3,True,1121.1,21:23:38,
2421,0,14,1,600.0,UNSAT,3.3,74803,5090623,,821b3569314a4c6efc603f57562b169a6286aa32142de81d2185024808b60a18,drat-trim,2.5,True,1121.1,21:23:38,
2448,0,14,1,600.0,UNSAT,0.6,13234,801018,,d2e9cb9b26c0ae8696198b6d5bc42e3888566de4880c456c374d90120cbcb0ca,drat-trim,0.4,True,1121.1,21:23:38,
2429,0,14,1,600.0,UNSAT,2.9,67119,4343201,,8e6e2a8165a59ccc75461e90bc49874e2cb048ef9aab32d5b20d02f65704001b,drat-trim,2.1,True,1121.3,21:23:38,
2450,0,14,1,600.0,UNSAT,0.5,11763,676478,,62d511a0ad3a853781a36f1d6ee9cb6520c468322f5674d1c4fe9afbeff68aff,drat-trim,0.3,True,1121.4,21:23:38,
2437,0,14,1,600.0,UNSAT,1.9,44507,2837264,,91648e119b0b044744604fd9ac82f2109887e569805d72746e67aa03a05afc11,drat-trim,1.4,True,1121.4,21:23:38,
2449,0,14,1,600.0,UNSAT,0.7,17193,1202648,,06e81512e1ecc66a4bc232ab22fcd4936b431cc2cfe4756e517b50a262730422,drat-trim,0.5,True,1121.4,21:23:38,
2451,0,14,1,600.0,UNSAT,0.5,10944,641231,,552c1d973ede7c47c03232510b19e46d263ef43d942633037373578ac8696ced,drat-trim,0.3,True,1121.5,21:23:39,
2447,0,14,1,600.0,UNSAT,1.0,22750,1623198,,06163d21f6b990eef42dda68edc45acb7e7c23b1779f0fff1e02cbee740a987a,drat-trim,0.7,True,1121.7,21:23:39,
2456,0,14,1,600.0,UNSAT,0.5,11540,586927,,366f5483a85e1dc58e8615636e047786d3d241ede6af74220cb8f1913cc5b442,drat-trim,0.3,True,1122.0,21:23:39,
2457,0,14,1,600.0,UNSAT,0.5,10332,732828,,6b70031be4325f308353b329239ee8820ef70e73b5629d4399029219773d0bf5,drat-trim,0.4,True,1122.2,21:23:39,
2458,0,14,1,600.0,UNSAT,0.7,14002,837779,,02a76ba8cdfdb4dc6895a341f6e35dc85fe5500bad0c0ae8243bbb02f866bc62,drat-trim,0.4,True,1122.5,21:23:39,
2459,0,14,1,600.0,UNSAT,0.7,13577,746295,,1aa1c661a226c39686c613affb024d6ea61e969674f3703e6986fc15b36ff0ef,drat-trim,0.4,True,1122.5,21:23:40,
2446,0,14,1,600.0,UNSAT,1.6,33263,2260473,,22bf0b3e409e1c04d333f1e0ca5477329b2f222bb4d0a57aabcc7f05e8597cdb,drat-trim,1.0,True,1122.6,21:23:40,
2464,0,14,1,600.0,UNSAT,0.4,8671,463046,,607943e6eaffe34be478653618896eea99d8ebbdc53d7fdcb54da11e5d8a87a5,drat-trim,0.3,True,1122.8,21:23:40,
2454,0,14,1,600.0,UNSAT,1.1,22767,1674953,,6358339843e4176c07d80050ab874af46532b479959ee9941ff6d49a86212ac0,drat-trim,0.7,True,1122.9,21:23:40,
2466,0,14,1,600.0,UNSAT,0.3,6309,379579,,24831dba1fbfa1969b84ba169dfeae719b3684dd53f1187a78489cef72364300,drat-trim,0.2,True,1123.0,21:23:40,
2465,0,14,1,600.0,UNSAT,0.5,10856,645176,,51ae153d5c24e6d9643d766d1ffd738ee454f64a7873ccf43c2a8da4e7e25640,drat-trim,0.3,True,1123.3,21:23:40,
2462,0,14,1,600.0,UNSAT,0.9,22462,1571378,,f148a50ad34a3887558593270a7d9b29e873254ce1d48080e2cb527e26ca187b,drat-trim,0.7,True,1123.3,21:23:40,
2467,0,14,1,600.0,UNSAT,0.7,13477,780106,,2937fcc0a7253f1676c5ba1cdd06283feaec47df2413941585ef56ae0d325e6e,drat-trim,0.4,True,1123.6,21:23:41,
2460,0,14,1,600.0,UNSAT,1.4,35052,2264435,,c6b793857006b2766ffb21acf082bdad1e612dcddc50d6b7215dc514769ae926,drat-trim,1.0,True,1123.8,21:23:41,
2463,0,14,1,600.0,UNSAT,1.1,27903,1920018,,72ebb6eea1e28dafa8e587ed1d5b5ef5fe86173e57748dfce9a29fd84658e0d1,drat-trim,0.8,True,1124.0,21:23:41,
2444,0,14,1,600.0,UNSAT,2.5,51795,3625244,,1ac09c603c6aff81761ae960560cb3084cde5472489213a410455dca80cd08ea,drat-trim,1.8,True,1124.0,21:23:41,
2445,0,14,1,600.0,UNSAT,2.5,56201,3823234,,9962bf756b0f64121bbc6ca7311ba28dedcccf576f18b048a495c9f6e4775b22,drat-trim,1.7,True,1124.0,21:23:41,
2474,0,14,1,600.0,UNSAT,0.3,6250,367138,,78d4ad594c4de4b32aa3d3162eff9d84cdd63bf774cb403b2b8171d3978dac8b,drat-trim,0.2,True,1124.4,21:23:41,
2453,0,14,1,600.0,UNSAT,2.0,44434,3154913,,d8a553cc51934aa7b3e25b2480dcc24cc9757fc42249fac1d72e7de9c02825ec,drat-trim,1.5,True,1124.5,21:23:42,
2473,0,14,1,600.0,UNSAT,0.6,13187,812536,,aaab683bb7ded5ddfb97926ba5c4281d8e712e3504f6564819e50b1446bd5faa,drat-trim,0.4,True,1124.6,21:23:42,
2455,0,14,1,600.0,UNSAT,2.1,44772,3263988,,ad09302ad685db9b74fd8309d12201baeb658b6a2295950862a8a7bdb7080c36,drat-trim,1.4,True,1124.7,21:23:42,
2472,0,14,1,600.0,UNSAT,1.0,18625,1514010,,ebb23bc00707c8cd56bb71e137d504b6ba8d6d843b0ff0c082ae00a86965980e,drat-trim,0.5,True,1124.9,21:23:42,
2470,0,14,1,600.0,UNSAT,1.2,25320,1666394,,abf633b04ef0cfaf3218b824e57e68c60fdd5ec9dbb7830a1666a3b2ca52dc48,drat-trim,0.7,True,1124.9,21:23:42,
2471,0,14,1,600.0,UNSAT,1.1,22381,1517328,,e9625171b31ee9879acee118f46f7ef94bb4bf1687322b50c9479276b9a93b07,drat-trim,0.7,True,1125.0,21:23:42,
2475,0,14,1,600.0,UNSAT,0.6,12693,872278,,3b77286eda31b97de3533823208ae2e04a76f5adfcd3ddbc9c136f993ee1e609,drat-trim,0.4,True,1125.0,21:23:42,
2452,0,14,1,600.0,UNSAT,2.6,58798,3704959,,a2ee90f0a38a1059e31c5f8ce95004fb1e8d113c19d1b2545149aaf3ec789527,drat-trim,1.8,True,1125.3,21:23:42,
2461,0,14,1,600.0,UNSAT,2.3,53468,3474657,,14a70737b32bbef69b659a770a2ed24b483afc8c00d2edc656d10dfcaac4a118,drat-trim,1.5,True,1125.3,21:23:42,
2480,0,14,1,600.0,UNSAT,0.6,12319,707556,,b29aafcb9391c7cb4d5a7319a1aae970c0440fe1956064c4fa70317a3a9246e1,drat-trim,0.4,True,1125.6,21:23:43,
2481,0,14,1,600.0,UNSAT,0.6,11905,862564,,c8c1332caeb99b17cb3dd595c41b3c6c442ce216c67203574752355efe7c3365,drat-trim,0.5,True,1125.7,21:23:43,
2482,0,14,1,600.0,UNSAT,0.4,9295,735439,,8eb71f7d94ed4522473a5fa16f0b4c769daeecc71d1bf1f14cd1ae09fad0ce04,drat-trim,0.4,True,1125.7,21:23:43,
2468,0,14,1,600.0,UNSAT,1.8,41201,2679002,,6bca4db035ddc7ec6ded537c998e7de526e0f93859f0ab93eb0cb9fa95c4cc4b,drat-trim,1.2,True,1125.7,21:23:43,
2483,0,14,1,600.0,UNSAT,0.5,10315,751130,,741e7cd4109d69b9ad3e0fb314e47c61226dda440a377a2f35d8edc332c9fa68,drat-trim,0.3,True,1125.8,21:23:43,
2479,0,14,1,600.0,UNSAT,1.1,25411,1766313,,19718a91c832bbe1a3d4e6a6a25a1b64a3677aca188bf3b0bca0bc0054785431,drat-trim,0.8,True,1126.4,21:23:43,
2478,0,14,1,600.0,UNSAT,1.3,29321,2157861,,a6e838ab9fedb7dcf2ca8dedec31bab45dd6c870c858e14267488f2b523766ff,drat-trim,0.9,True,1126.6,21:23:44,
2488,0,14,1,600.0,UNSAT,0.7,14601,1114596,,e71eb4d3c2dc14e56061d2c1781d8855366f28645384fd9815944eab7b179502,drat-trim,0.5,True,1126.9,21:23:44,
2469,0,14,1,600.0,UNSAT,2.5,55232,3690229,,d82b63d4e2e6196cb7f9b47e5a5f0c336cda8d18ec070a8df8d8e10585744cd0,drat-trim,1.7,True,1127.0,21:23:44,
2486,0,14,1,600.0,UNSAT,1.2,25055,1819614,,78f3496e7ca75a2f4899f5faf153e0c9dee38ebf796985a89c2732c222ce8f09,drat-trim,0.7,True,1127.2,21:23:44,
2489,0,14,1,600.0,UNSAT,1.2,28697,1840532,,f17c7174cec993aecfc52044943ec562b29e000ea07247fcbe70178e796bd187,drat-trim,0.6,True,1127.5,21:23:45,
2490,0,14,1,600.0,UNSAT,1.2,25601,1698443,,703fda8c58bfc8f233a4a741b03cc215947ca85b1777e3e86d2b890bccf7c46b,drat-trim,0.7,True,1127.6,21:23:45,
2491,0,14,1,600.0,UNSAT,1.1,27020,1893222,,96090fc3ec62cc6792f4b2338d2a6c7be41e870797d3e519f5b71e4390c20e41,drat-trim,0.8,True,1127.7,21:23:45,
2476,0,14,1,600.0,UNSAT,2.5,58080,3760210,,a368e24a76dfe66e44f67a3f52c342aad2b07c444b91aaa55d670faa2ec6addf,drat-trim,1.6,True,1128.1,21:23:45,
2492,0,14,1,600.0,UNSAT,1.6,35689,2572855,,87761e3419e841094933854959f02225008916f8c7c234b119516b240543909e,drat-trim,0.9,True,1128.3,21:23:45,
2484,0,14,1,600.0,UNSAT,2.1,48013,3101776,,53df645d92b181200c5610bcd2e2e825808835748d75703fe348b37119102ba2,drat-trim,1.3,True,1128.5,21:23:46,
2500,0,14,1,600.0,UNSAT,0.6,13883,847386,,806a7d711cb2f2e040912f450baff95fef194d9724289ab6f23e041ccae7e3bc,drat-trim,0.4,True,1128.7,21:23:46,
2494,0,14,1,600.0,UNSAT,1.3,30298,2198889,,3f355d9d622bc6e24e87d3a97d4a0d13b35bdb98e7b237e8246e88886eaf25d2,drat-trim,0.8,True,1128.8,21:23:46,
2495,0,14,1,600.0,UNSAT,1.1,29832,2049770,,68d03cfe0c4a2b91aba4f27e062f2ae0d077335077a166c0e4b9b3bbf4764499,drat-trim,0.8,True,1128.8,21:23:46,
2477,0,14,1,600.0,UNSAT,3.0,68309,4570770,,34a4c10ecf02be81e271b1232253434cf82948159be6243b31cabd4598c5c969,drat-trim,2.2,True,1129.2,21:23:46,
2493,0,14,1,600.0,UNSAT,1.7,39213,2604534,,d05a44adbaa142e1c8e5c9aa8ec1f62dbeaf7c103aca4575e76d8eda7062677c,drat-trim,1.1,True,1129.2,21:23:46,
2496,0,14,1,600.0,UNSAT,1.3,29307,2341881,,3aa122f32a836810588ca1ecaab79347f4837ec61d986ff13afc7899f68ed1d4,drat-trim,0.9,True,1129.2,21:23:46,
2487,0,14,1,600.0,UNSAT,2.6,57228,3948461,,1d1dc054aa9aa1b91547c40775836e349403de83c5e85d4ccd6733142cc4839a,drat-trim,1.7,True,1129.6,21:23:47,
2504,0,14,1,600.0,UNSAT,0.6,13967,863149,,73ad6768e5f05da7e9fd9ff49e4b0f32be8d492072655ac9e88bfc45c956ee02,drat-trim,0.5,True,1129.8,21:23:47,
2485,0,14,1,600.0,UNSAT,2.8,66134,4350339,,3d65d1abaadcd04cbf8965de6219c3f87fc63e4310fba8407988c28f3e36e05a,drat-trim,2.0,True,1129.9,21:23:47,
2509,0,14,1,600.0,UNSAT,0.8,17470,1295117,,0e6837a18176f65478f73bdb32799fdbf7d747b19ac15ad0b2a6db12db4b6bd1,drat-trim,0.5,True,1130.5,21:23:48,
2501,0,14,1,600.0,UNSAT,1.5,33924,2569127,,ee5fb9b264c4075a7b1eec6e28b07427208409808c7e6fb98dd74e082c60ebd5,drat-trim,0.9,True,1130.5,21:23:48,
2505,0,14,1,600.0,UNSAT,1.5,34428,2474093,,8788d68d58c0dea6a04e7faa9e9ec3e6294ffcb9e68bd682f9946745a6b9d8e3,drat-trim,0.9,True,1131.2,21:23:48,
2502,0,14,1,600.0,UNSAT,2.1,46323,3238043,,6d7841e1b68b5ededc78e95e0c3c9cc158778d651c62566ebf31e91b2abc5057,drat-trim,1.5,True,1131.8,21:23:49,
2506,0,14,1,600.0,UNSAT,1.9,47580,3137726,,ffd95d69414448004a6711b0776bfc2c9d34fb0f3bcab9fbed6804aa347644e9,drat-trim,1.4,True,1132.1,21:23:49,
2508,0,14,1,600.0,UNSAT,1.7,41055,2493616,,b041bfd3383f18d8840ae1445185af80d0bfc10af2eb7b70acc97432123ab6b1,drat-trim,1.2,True,1132.2,21:23:49,
2498,0,14,1,600.0,UNSAT,2.9,67569,4653610,,94f05c466140a03ded16e6ecccee6823035a98285ce9fde991ec8fa6b7654442,drat-trim,1.8,True,1132.2,21:23:49,
2512,0,14,1,600.0,UNSAT,1.5,32993,2482873,,f3b456cfcca0d775e716e39e521cc561f69902cc9c3abb662f80a6994af51ce0,drat-trim,0.9,True,1132.3,21:23:49,
2507,0,14,1,600.0,UNSAT,2.4,53107,3598828,,3f35a9d5f36d7ba7e63a0070980eb20ef1aa46442961e168c3505b0a7f0e9d0c,drat-trim,1.6,True,1133.3,21:23:50,
2497,0,14,1,600.0,UNSAT,3.6,81007,5643333,,941cc763578aebc2d7f5d75cd02a5c5e6a742cdb1fe572fc88fb6955a07cf725,drat-trim,2.6,True,1133.5,21:23:50,
2499,0,14,1,600.0,UNSAT,3.9,84114,5870289,,46011f858959883f21829758374caed2391bac1f71f88de93eb80e87430020a3,drat-trim,2.8,True,1134.4,21:23:51,
2516,0,14,1,600.0,UNSAT,1.6,42733,2705707,,02ee769d6366fc770c259dcaaf8e530bae552f4ba49bb4353a9aee8b6cd0960d,drat-trim,1.1,True,1134.6,21:23:52,
2503,0,14,1,600.0,UNSAT,3.7,85128,5630093,,815d9cb9ab8488c24112763c1a28d2bc6103fb1fa3c934fcf4feed3caaaa136e,drat-trim,2.6,True,1134.8,21:23:52,
2513,0,14,1,600.0,UNSAT,2.6,58271,4197800,,29a2b74101d89516f32b864e5aae945e4559b14e6dc466e05a3687f5f32763c9,drat-trim,1.9,True,1134.9,21:23:52,
2518,0,14,1,600.0,UNSAT,1.7,40243,2529031,,dbb6a448aafe64162a9925dce5467e32c718f74684055ca94506a4ca0900d300,drat-trim,1.1,True,1134.9,21:23:52,
2511,0,14,1,600.0,UNSAT,3.0,66631,4499991,,4580d4906d23d198045fd79a3320a1a705074368fa594336570dc1620c0fb3b3,drat-trim,2.1,True,1134.9,21:23:52,
2514,0,14,1,600.0,UNSAT,2.8,66262,4219269,,d339b2ec756de4a43746bb295d72926a5514904b1a30a93570dd60d175f5a735,drat-trim,2.0,True,1135.3,21:23:52,
2520,0,14,1,600.0,UNSAT,2.1,48315,3115158,,15f62f41ba924bb44ba671961762b0d9079db2c97e804ea9a1ecc345ca8d6de4,drat-trim,1.4,True,1135.7,21:23:53,
2528,0,14,1,600.0,UNSAT,1.4,30319,2337722,,818a364db897fd5f36959fafafe1b46970830d88f7a28f978d0bd0d3f09d7231,drat-trim,0.8,True,1137.1,21:23:54,
2510,0,14,1,600.0,UNSAT,4.7,99771,7034406,,9739537ce4b290c1b0be1d11a30eeb6a24b7f3ea982f46d3350dd12cde7df19c,drat-trim,3.2,True,1137.5,21:23:55,
2517,0,14,1,600.0,UNSAT,3.2,75540,5096987,,a58ada2d5541ee24cfa2ca98b03c3c5271a4d48b4ab2d0608942b7cf4a79df78,drat-trim,2.4,True,1137.8,21:23:55,
2522,0,14,1,600.0,UNSAT,2.6,62673,4170321,,47dcade445ad7db1e8ec3277c85ed25f66decaf16db84c32bb39591e3d98d57f,drat-trim,1.8,True,1137.8,21:23:55,
2526,0,14,1,600.0,UNSAT,1.9,45627,3139012,,275886189f15b5f9acb74cb12c23e88cdc4f5d70281b5f0b5cb2a4c4410a5678,drat-trim,1.4,True,1138.2,21:23:55,
2515,0,14,1,600.0,UNSAT,4.3,93720,6418003,,8af6c209c6080e646f52a94ec06f1a8a82466c11155e5d884d89e9babdbba5eb,drat-trim,3.2,True,1138.9,21:23:56,
2524,0,14,1,600.0,UNSAT,2.6,59501,3949852,,8894227c04e8d782f0e7beb7f2d1afc5763204d2bfe1f63f9b9f46e62fd39fe0,drat-trim,1.7,True,1139.0,21:23:56,
2519,0,14,1,600.0,UNSAT,4.2,93940,6706334,,de43de481e61f5cbd92cad91d8e06b787452cf0c775792ac704a8372674a44a1,drat-trim,3.5,True,1139.9,21:23:57,
2525,0,14,1,600.0,UNSAT,3.3,71064,5202985,,a65ef23ed6ce925781ad98ac089e9c8af4ddbe6e57330047f3b3c31f8f49db3c,drat-trim,2.4,True,1140.5,21:23:58,
2536,0,14,1,600.0,UNSAT,1.0,23074,1685387,,28dc0ac8b29fa9d0f20380768f4783ae6e105c3e42d7637bcbe65ff1ac0d4e4f,drat-trim,0.7,True,1140.6,21:23:58,
2530,0,14,1,600.0,UNSAT,2.8,66948,4399538,,c085bc609327e9eec7b7f144e77ff8a3c0be83a999c2392312abfca4cc4ce216,drat-trim,2.2,True,1140.8,21:23:58,
2521,0,14,1,600.0,UNSAT,4.4,98735,6659671,,c1183649ed0d2ee23014690cb095fa664e5e81edecc69e85519cf4086876b18b,drat-trim,3.6,True,1141.3,21:23:58,
2523,0,14,1,600.0,UNSAT,3.8,87452,5994519,,51b3bcd7582fafd708f95706dd824814cfe25f01d235c70ccd663d5a30648b64,drat-trim,3.2,True,1141.4,21:23:58,
2534,0,14,1,600.0,UNSAT,2.7,60875,4062683,,1a76874cfce68bd40de88f2c156d940b64afd834d7abb7622d5f47a27314db73,drat-trim,1.8,True,1142.3,21:23:59,
2527,0,14,1,600.0,UNSAT,4.1,84949,6226443,,5f50b0bb1d9bd1c99b1cb4ae5b5f7f224bcad16a4c20f77d57836ad0222aa0e0,drat-trim,3.3,True,1142.5,21:23:59,
2532,0,14,1,600.0,UNSAT,3.1,66572,4439907,,852c54b469bbfef3d0c795a9129aa57e872f49dce5e29705d826d6c0334274e8,drat-trim,2.3,True,1142.9,21:24:00,
2538,0,14,1,600.0,UNSAT,1.8,39967,2747656,,fce7ac04d119608bab1695b49d7d22ddf8dc21f2154e83ccf7584db74dd3e8f6,drat-trim,1.2,True,1142.9,21:24:00,
2540,0,14,1,600.0,UNSAT,1.8,42686,3000215,,358722c6212d24d70f4f4fd8f78202c695ff1dd5d728edc82f2556eef475c9de,drat-trim,1.3,True,1143.8,21:24:01,
2529,0,14,1,600.0,UNSAT,4.7,95249,6799322,,c5345a27b5e80a78509ebea9f26e8bbdcfd682b3c9f2fe749c840e4ca18cfb6c,drat-trim,3.8,True,1143.9,21:24:01,
2542,0,14,1,600.0,UNSAT,1.7,37810,2830979,,5a2e56e30825e06b5f12fd7fcff71b9a4344278a3e6672dbd3a5426280ccca2b,drat-trim,1.1,True,1144.0,21:24:01,
2545,0,14,1,600.0,UNSAT,1.2,28239,2018271,,b4ceef3f2e2bc94f777bf95346d3276dfcdcb694c8472c822d637b48e0112a8c,drat-trim,0.8,True,1144.5,21:24:02,
2548,0,14,1,600.0,UNSAT,0.7,16689,1343660,,a7c1581627c334b004df086308c54e4bf55ded393099baca779cb8e3c0f13622,drat-trim,0.6,True,1145.1,21:24:02,
2544,0,14,1,600.0,UNSAT,1.6,39517,2678818,,a9eefac82bfafd91cb0a121c9089158ac929f4a7cae8daa6e07b1c77bde6bfe0,drat-trim,1.1,True,1145.1,21:24:02,
2549,0,14,1,600.0,UNSAT,1.2,28515,1957004,,5a53645b48a262f76280759b1995f50afb179d61895a6f88c84455e8abea2d69,drat-trim,1.0,True,1146.1,21:24:03,
2537,0,14,1,600.0,UNSAT,4.0,87519,6147613,,9488f1fdc41050b9329913ed3782d85229196de24b9e932d0a2c0412cff61962,drat-trim,3.3,True,1146.3,21:24:03,
2535,0,14,1,600.0,UNSAT,4.6,90834,6335773,,6342210f6634ac36bc8cd2600e026cab90adb877dd100037961c1b6d1bb39062,drat-trim,3.8,True,1146.6,21:24:04,
2546,0,14,1,600.0,UNSAT,2.3,54135,3749226,,f9b3036a6f87f820bb8ac09cca7ab387afd10f1a7aa47d0e05a5d771ddcc80f1,drat-trim,1.8,True,1147.0,21:24:04,
2531,0,14,1,600.0,UNSAT,5.5,111810,7502510,,e9ae17a40fad3e4a4b7566db1b60cbcc4c3adf110a2bdbd77b5e9f807a73f148,drat-trim,4.9,True,1147.7,21:24:05,
2552,0,14,1,600.0,UNSAT,1.8,39441,2618685,,b69b01eeac67064f901e2c9c91dd001bdad82aa23a85c92950b71721ea037998,drat-trim,1.1,True,1147.9,21:24:05,
2550,0,14,1,600.0,UNSAT,2.6,55285,3784982,,88b419e61e2bf6366f1bec7af6ba5f16029c8b1b9a91e2d37a9bd10e4d6aaacc,drat-trim,1.7,True,1148.4,21:24:05,
2556,0,14,1,600.0,UNSAT,1.2,24963,1763259,,7070c87cbe48bc0b0d5d2e89534f665b9934f5cc4df78ceceda270e10d5f2173,drat-trim,0.7,True,1148.6,21:24:06,
2560,0,14,1,600.0,UNSAT,0.5,9820,681372,,5159be93d0f84e1e13edf93cf9992347c76877ccf7e9aa274e5889ff5c373f2a,drat-trim,0.3,True,1149.2,21:24:06,
2557,0,14,1,600.0,UNSAT,1.3,30974,2233457,,a444dd942411d7cb3ee0aa237c35af6ddbef735f52a85205a478a30ba02d6f46,drat-trim,0.9,True,1149.3,21:24:06,
2547,0,14,1,600.0,UNSAT,3.6,74434,5126928,,6c7f58c03d47d0c29cb7c73badbdcde062ccc44e3f6c3b4e98f3d4ae4cc5f12c,drat-trim,2.8,True,1149.3,21:24:06,
2561,0,14,1,600.0,UNSAT,0.5,10200,746765,,77e9fae03c62698c1f9067cdfdff90fda1fba972b92b25dfc173c74c07638b23,drat-trim,0.4,True,1149.4,21:24:06,
2553,0,14,1,600.0,UNSAT,2.7,57385,3709507,,88873b280344b83049cbf50ff5cc1e090f10217f7095cb5d4580a2e71c61bdde,drat-trim,1.8,True,1149.7,21:24:07,
2562,0,14,1,600.0,UNSAT,0.4,7886,425944,,168d2c67bcd57e9d2d0a88c36f6288331e072c8b6510582a32aa211da89fb476,drat-trim,0.3,True,1149.8,21:24:07,
2563,0,14,1,600.0,UNSAT,0.4,8920,632436,,b9b9165e925c088ca4e82b59322e4fa123c188d5641ef85a68a7d762629abdb4,drat-trim,0.3,True,1150.0,21:24:07,
2533,0,14,1,600.0,UNSAT,6.5,133226,9841317,,7a148ef6aba8d092248391e3dbd71b94a3e8b8dc14a3a9907520c2c19c147cb1,drat-trim,5.8,True,1150.1,21:24:07,
2564,0,14,1,600.0,UNSAT,0.6,13056,734272,,020560c3ac04595c1f283439d2a56ca53314b7408228f9a58c54ea94fe8db74c,drat-trim,0.5,True,1150.4,21:24:07,
2565,0,14,1,600.0,UNSAT,0.6,13581,754948,,4b33cbd6ef6ae7fc9864b351818328a2a0026852455e7b3a7b1f961c8a76a678,drat-trim,0.4,True,1150.5,21:24:08,
2551,0,14,1,600.0,UNSAT,3.6,75978,5125845,,faa0050825656e490f7eed611032ba9f77794441c7fcfd746ffa8366f8effe11,drat-trim,2.6,True,1150.7,21:24:08,
2543,0,14,1,600.0,UNSAT,5.3,105866,7276198,,4c5ebb9fe778460f7010989073c69c230c5ab7b2878bd33efca5262360e2ad16,drat-trim,4.1,True,1150.8,21:24:08,
2541,0,14,1,600.0,UNSAT,5.6,108027,8012063,,1204ae1577917bb009c2894820733a8e3bd41cddabb61bf7f3e591e1aeeb5bc2,drat-trim,4.6,True,1150.9,21:24:08,
2566,0,14,1,600.0,UNSAT,0.8,18267,1413546,,ebd04220e2cf2ca1f9acbf82a35e92f712ed356c24ce098bcd28d51cc105e484,drat-trim,0.5,True,1151.0,21:24:08,
2568,0,14,1,600.0,UNSAT,1.0,19444,1427562,,684fc480b115d5d477b96509c466cc45af87d626be749d6d7f198de7713242ad,drat-trim,0.6,True,1151.6,21:24:09,
2567,0,14,1,600.0,UNSAT,1.2,30856,2084537,,a0e9004d5eefde60ee610bc442852fb3245ec3af9e3f2f6d0bd4010c76864bcb,drat-trim,0.9,True,1151.9,21:24:09,
2572,0,14,1,600.0,UNSAT,1.0,24968,1747569,,316ff00bbadaf574be57a6d32acd5e557c706e0629b504f6323ef12927f39cf0,drat-trim,0.6,True,1152.3,21:24:09,
2558,0,14,1,600.0,UNSAT,2.6,58081,3926878,,7e7cc6809240141adcecc5cd8a08501d10d544373c97ca70f92b562e5d0f4d13,drat-trim,1.9,True,1152.3,21:24:09,
2574,0,14,1,600.0,UNSAT,0.8,17055,1397182,,12c67473c306381b30464e8be5cf18e6607ceb6a0e9882a84752df8a61577739,drat-trim,0.6,True,1152.4,21:24:09,
2573,0,14,1,600.0,UNSAT,1.3,30982,2194566,,005743dedaf4780877291b5f548b2de8e299c833c9d6ac2e60eaf836e62a9968,drat-trim,0.6,True,1152.7,21:24:10,
2539,0,14,1,600.0,UNSAT,6.8,135052,9262224,,11ed079a4ae1414c39a913f80a945fcf736984c7af7f0f31d64764e4ff6186aa,drat-trim,5.4,True,1152.7,21:24:10,
2569,0,14,1,600.0,UNSAT,1.6,35830,2671974,,9544ffa695fb57d69668329f5b38216e0d7a9e5df4d0b4da91a13caa6e8dd4a9,drat-trim,1.0,True,1152.7,21:24:10,
2570,0,14,1,600.0,UNSAT,1.4,31467,2475549,,b8ff2029c343cf9971dd64f0c3f2f97689ecc9b44591ad168a23eae70d8b6752,drat-trim,0.9,True,1152.7,21:24:10,
2571,0,14,1,600.0,UNSAT,1.6,39389,2628824,,73ca51f14c41aca3c54dfa8ffaf4f369979762d56e9f2073cc3227858538a515,drat-trim,0.9,True,1153.1,21:24:10,
2559,0,14,1,600.0,UNSAT,3.0,63046,4500436,,5ac36a312130dbb33e92963244be9d59413e089586490095b433aa557c97fb87,drat-trim,2.3,True,1153.3,21:24:10,
2575,0,14,1,600.0,UNSAT,1.6,37279,2532804,,f299155c260a32b93e316845f975c3b50fa525ca8d069c4b7c011f63dfbe897f,drat-trim,1.0,True,1153.7,21:24:11,
2580,0,14,1,600.0,UNSAT,1.6,38020,2835879,,aa7c9a242c76c49b6567dd0c4233f598809ea7d4ad5ff3070721f4f296fe2c35,drat-trim,1.0,True,1154.9,21:24:12,
2555,0,14,1,600.0,UNSAT,5.0,97411,7175428,,761c325c8c9573774f5b5ee0f066bb6d975a964c9017b8c0ef83c5cb554d0e7b,drat-trim,3.6,True,1154.9,21:24:12,
2554,0,14,1,600.0,UNSAT,5.2,107649,7824512,,a01472f921a2a335f6fc9e8be1e1b8ddc6ef21fda3113382347d1f2038edb73e,drat-trim,4.2,True,1155.5,21:24:13,
2584,0,14,1,600.0,UNSAT,1.8,40063,2690084,,a5403f04a61b92766658f941b00a3397d993cd0819ec84c9bd0a2df162583eb0,drat-trim,1.2,True,1155.7,21:24:13,
2586,0,14,1,600.0,UNSAT,2.4,53903,3831702,,5e8aaef953f058acf18778ae8d69c83491317bfa3e6b1b67943cabfb425d48f0,drat-trim,1.6,True,1157.2,21:24:14,
2592,0,14,1,600.0,UNSAT,0.4,8912,760000,,b1e1607ef4f7d59081e07ce5deb91bc52acfcc3ccf0fd5d2a8cb7a42306a5044,drat-trim,0.3,True,1158.0,21:24:15,
2593,0,14,1,600.0,UNSAT,0.4,8088,449709,,aec5a8bfa927a619a560529a708c37d5f326b7452c2f870627b5a19a4cd57de2,drat-trim,0.3,True,1158.6,21:24:16,
2594,0,14,1,600.0,UNSAT,0.3,5329,348966,,f0b129781e93467bd3fbe4a7871ba819d48ec30a5f9e629683ea0f5b155ff8b8,drat-trim,0.2,True,1159.3,21:24:16,
2590,0,14,1,600.0,UNSAT,2.4,51975,3621207,,e276e5b5cc0b170a75d4b92e2c0a61bba9b5fccc8ea35fc7d4b134d771f6549e,drat-trim,1.6,True,1159.5,21:24:17,
2595,0,14,1,600.0,UNSAT,0.3,6300,352552,,30b206ed9800f503fe89d6c89b3b8436a5bc2ab79aedc3497e686c20e7455f0d,drat-trim,0.2,True,1159.8,21:24:17,
2597,0,14,1,600.0,UNSAT,1.5,31528,2383455,,73cfe82045f7e99e7c9ce5f566894377746ac805a995833c1caf7314ea161b0a,drat-trim,0.9,True,1162.1,21:24:19,
2581,0,14,1,600.0,UNSAT,5.6,118273,8293352,,a912a031ce13e544c25e10be0851103ba9f1c2a17a45b1a4fa2a5a7e5f4f2e05,drat-trim,5.0,True,1163.3,21:24:20,
2596,0,14,1,600.0,UNSAT,2.4,54301,3708240,,db0f7f7892abcfc59e695feb59f41f653b3e6f4c3c1c1dfb6e2adb6cda1f4398,drat-trim,1.9,True,1163.8,21:24:21,
2578,0,14,1,600.0,UNSAT,6.4,125147,9473389,,5b30e67e0f99c2448d8f74af8320d966f4ce0273b04c65b98301fef3f0b7f7f4,drat-trim,5.9,True,1164.7,21:24:22,
2600,0,14,1,600.0,UNSAT,0.7,16678,1223162,,ade4dc6037ac657b305965aeabc95f1a0d44a9825bf96baf1fcd6077e469d635,drat-trim,0.6,True,1165.3,21:24:22,
2598,0,14,1,600.0,UNSAT,1.8,41596,2985430,,3c5b198265ea92c08d8e66047599a4b168979ee2be1c761970d65d20b7a0172d,drat-trim,1.3,True,1165.3,21:24:22,
2599,0,14,1,600.0,UNSAT,1.3,30387,2181142,,0d9c708e2dab3e2fdb19218dea4f8a37b4649cafa215b5618e018bf3b308fe6b,drat-trim,1.0,True,1165.6,21:24:23,
2588,0,14,1,600.0,UNSAT,5.6,111425,7899653,,15398da92dbabec02f279752daf8762323c9d82d417219fcf4915984f458db41,drat-trim,5.3,True,1165.8,21:24:23,
2589,0,14,1,600.0,UNSAT,5.9,122578,8725567,,70cbd35976e78df500e802cefd2e6e4c5a48f4c3fc4670b16758b502daa61123,drat-trim,5.3,True,1166.2,21:24:23,
2601,0,14,1,600.0,UNSAT,1.0,22046,1589017,,48e907966814b896363632772ac7e401c769ffa4045ddd8b2ac2092813ce3d85,drat-trim,0.7,True,1166.4,21:24:23,
2602,0,14,1,600.0,UNSAT,1.2,28949,1763025,,2184c811fd7e80b07455ac18049b7019b70ec6715f53eeed052abf0e11d2b3e4,drat-trim,0.8,True,1167.2,21:24:24,
2603,0,14,1,600.0,UNSAT,1.3,30596,2182307,,31c472c8129079ef56efdfeeddd10094c0047259a4b5d5eef2922b50a6d35274,drat-trim,0.9,True,1167.6,21:24:25,
2577,0,14,1,600.0,UNSAT,8.3,159932,11789203,,2103fc85957718a3461079be70ee6ce743e8d31efb5243b3a1ad9893d1d5589b,drat-trim,7.7,True,1167.9,21:24:25,
2587,0,14,1,600.0,UNSAT,7.3,147092,10391828,,c9b7bcd0c11d9c080777cf917a0de76e25a389443abf6cb7eba28ae1885a1985,drat-trim,6.9,True,1167.9,21:24:25,
2604,0,14,1,600.0,UNSAT,1.6,36283,2578555,,44af69c7dda52edcd979e8510929c7371e82678fcc6084e4d232560ab5b37108,drat-trim,1.2,True,1168.5,21:24:25,
2605,0,14,1,600.0,UNSAT,1.7,35114,2663588,,c90158cfabb38bda21485ccd10ea2c120219fd430e59bc707f226e2cedfae625,drat-trim,1.3,True,1168.8,21:24:26,
2582,0,14,1,600.0,UNSAT,8.6,165919,11756360,,a38db04efbaf990d19ca4a2c32cd72b473372cc624a07180747e60481eba3e30,drat-trim,8.1,True,1169.4,21:24:26,
2583,0,14,1,600.0,UNSAT,8.6,163548,11561748,,0630436315bd864301503e918a706ffbb6a7b9e37525655df1cf3ec2dfcff151,drat-trim,8.3,True,1169.6,21:24:27,
2606,0,14,1,600.0,UNSAT,2.2,46308,3394531,,4d19239f5019099c89ef447efbf763a15b3e73e01f291a41aed9fdede3977a88,drat-trim,1.7,True,1170.0,21:24:27,
2585,0,14,1,600.0,UNSAT,8.7,161541,11416813,,c3e2ffb33242e5c84a54be524869d52bec56fe6074140a1afde85b2c82b11046,drat-trim,8.1,True,1170.1,21:24:27,
2608,0,14,1,600.0,UNSAT,2.3,50977,3377089,,007527c1c0623d2f48fd545018a69f48336f1640696f6a6b3a4262099634e1b1,drat-trim,1.5,True,1171.1,21:24:28,
2591,0,14,1,600.0,UNSAT,8.6,169228,11885853,,fac1c9b9ce4ba111c48d3df1bb0a2a77c85922ea4b54f011771abfb1aa3fa7f3,drat-trim,7.7,True,1172.0,21:24:29,
2579,0,14,1,600.0,UNSAT,9.8,187925,14101207,,87ee158d3ca6795615e52a5291272614bfc7090f2bbc8d82e74b85f630ac40c8,drat-trim,10.2,True,1172.4,21:24:29,
2609,0,14,1,600.0,UNSAT,2.9,63084,4345101,,1742deaa33f147b5f14b6f162b55d91396c736a1fa3501afa9e9b0b00591412b,drat-trim,2.1,True,1172.5,21:24:30,
2607,0,14,1,600.0,UNSAT,3.7,75543,5288978,,6b00964e187eb0325ce23bb6dfcaed5f42734dd0a9a83d5cb0522c6e627859ff,drat-trim,2.8,True,1173.0,21:24:30,
2612,0,14,1,600.0,UNSAT,2.7,63079,4069652,,4d2276c8d234a58bac3f2a5ae2c40543b6e9406b72581bc80eaa0e995c5d2fe2,drat-trim,2.2,True,1173.4,21:24:30,
2616,0,14,1,600.0,UNSAT,2.7,61186,4010961,,19b2a649babd83be365ee003f7f2ac7a7ccbff2f1e1e6c1febb40eb62eca259d,drat-trim,1.9,True,1174.6,21:24:32,
2576,0,14,1,600.0,UNSAT,12.6,232565,16645127,,e54c7a31f4ed8bcb120b8d76321613bf9c314ad7ffc3279cabf615f00e6097f8,drat-trim,11.1,True,1175.3,21:24:32,
2610,0,14,1,600.0,UNSAT,4.3,90390,6081871,,290f362431b29b4569d97623e2c4362702c7dc70c3fcd5577b3eeab2d77e232f,drat-trim,3.3,True,1175.5,21:24:33,
2613,0,14,1,600.0,UNSAT,4.0,87286,5711973,,b2a01557c32a76581aa80ce505608dd2b93eca89ddd31c053a0a3fc7c6cb59e9,drat-trim,3.0,True,1175.8,21:24:33,
2621,0,14,1,600.0,UNSAT,2.0,48060,3164175,,f1b23b100fe0ad4ad60fb71b97ac1355aede0045b0c4042fe6bc09794e588810,drat-trim,1.5,True,1176.0,21:24:33,
2617,0,14,1,600.0,UNSAT,3.6,74371,5224960,,3aec2d4778388475825ce651fdceea833f715b61599a00f99a39e51a76e35afd,drat-trim,2.6,True,1176.3,21:24:33,
2620,0,14,1,600.0,UNSAT,2.2,54047,3628399,,c030a2977daa7164902387a6132b224f4e567a4b75b6eb82ceae2f772fc8d34f,drat-trim,1.7,True,1176.4,21:24:33,
2628,0,14,1,600.0,UNSAT,0.7,14879,1176705,,2409512f16f269db001c6560ac48cb0c80f4c821dda8d923f28a547f4b69fb4b,drat-trim,0.5,True,1177.2,21:24:34,
2624,0,14,1,600.0,UNSAT,1.5,33142,2268034,,f7b602dc479170368c27850e095fe1d2b8234ed966f1621ffdc642dc03e73fc7,drat-trim,0.9,True,1177.2,21:24:34,
2625,0,14,1,600.0,UNSAT,1.2,25576,1733454,,5a886dcef0b5b88337933afdcd3182a573b8445fdfecbf1326a8417faaafb865,drat-trim,0.8,True,1177.3,21:24:34,
2614,0,14,1,600.0,UNSAT,4.4,93334,6756278,,fe7fa71cacda005896da6fadad8217e5c79a476654e936197f36fdcca5383a8c,drat-trim,3.7,True,1177.7,21:24:35,
2629,0,14,1,600.0,UNSAT,1.3,30671,2151759,,19bea1dd42789502cbeb8caf76980b0bcde106352ae82f6054e84af9527fb85d,drat-trim,1.0,True,1178.6,21:24:36,
2632,0,14,1,600.0,UNSAT,0.8,18173,1307759,,5579983f36f91ba571f86b68423b1c562548906da095fa89655745b5acfa4a14,drat-trim,0.5,True,1178.6,21:24:36,
2633,0,14,1,600.0,UNSAT,0.9,21375,1523422,,bf7b2f5f1d5f8c400b7eef68fb9642941457cf167fe97ce1436645e3abad6afa,drat-trim,0.6,True,1178.8,21:24:36,
2611,0,14,1,600.0,UNSAT,6.2,127910,9050728,,4bea15024a749b3a5aa6aacbaea1554baf3db413cf1310e96b82c2da8b08ce54,drat-trim,5.1,True,1179.2,21:24:36,
2626,0,14,1,600.0,UNSAT,2.4,55131,3886779,,693017d6f1768cfcce55576da5d3831a14a47ed087c23a57b395c1b8d15035df,drat-trim,1.7,True,1179.7,21:24:37,
2622,0,14,1,600.0,UNSAT,3.9,88009,6046554,,1c2ee069e59a8198d16032f0163a404652bef64f20a50c389bc400e58faa41dc,drat-trim,2.9,True,1179.8,21:24:37,
2636,0,14,1,600.0,UNSAT,1.1,26559,1678402,,d11b9027ee6178e8fe1d4d0451753fa8c6c668ff8c3117b35b7486f975507ae5,drat-trim,0.7,True,1180.4,21:24:37,
2630,0,14,1,600.0,UNSAT,2.8,65366,4227721,,c176708a4cb16521403f82f0b4a49878e652fbd6cbc67f76aa8a45667e80f3ed,drat-trim,2.0,True,1181.1,21:24:38,
2640,0,14,1,600.0,UNSAT,1.0,21197,1620481,,666a16256c606fd574e42a39ba82339ac4ad712351a23d91426d8c130c43a48a,drat-trim,0.8,True,1181.8,21:24:39,
2634,0,14,1,600.0,UNSAT,2.7,64189,4318226,,91d1a4ff500dfa5501175edc98e42ad513b8feb19071df26494b8dcb56a4a377,drat-trim,2.2,True,1182.6,21:24:40,
2618,0,14,1,600.0,UNSAT,6.3,125957,9173309,,51cef0989033ae2027711b45b906a23414a959cd592cf21abf2ee7283399bbca,drat-trim,5.3,True,1182.7,21:24:40,
2637,0,14,1,600.0,UNSAT,2.2,50823,3514224,,e644ace2cf7772acef1108f193d8ae4d72e4115d3eeb5ed59ca556a31d90b8eb,drat-trim,1.7,True,1182.7,21:24:40,
2641,0,14,1,600.0,UNSAT,1.3,30295,2267375,,47e331cc530a06de19da55347aaab3057c24eb3613159ac7c22d037f4adf69df,drat-trim,0.9,True,1182.7,21:24:40,
2627,0,14,1,600.0,UNSAT,4.1,87892,6124256,,20894b2af2824aebe8a05ffa5cb156db07c356bd17e24e6c8f5940bca4a9973d,drat-trim,3.5,True,1183.4,21:24:40,
2644,0,14,1,600.0,UNSAT,1.0,19685,1556581,,6cd0ecb2378bc919421a547c967cb758973c02db3cf61a3bd0e5875522c17ebc,drat-trim,0.6,True,1184.2,21:24:41,
2631,0,14,1,600.0,UNSAT,3.7,82902,5771921,,897829477a6f92f725d8fad7a4ead5f0328737446725ca5a91a443a311f84301,drat-trim,3.3,True,1184.3,21:24:41,
2638,0,14,1,600.0,UNSAT,3.2,68264,4599068,,cfcb660e36618a0dbe1e119d11ece0c345c03626da6e817b7bd8be892caa9098,drat-trim,2.4,True,1184.8,21:24:42,
2648,0,14,1,600.0,UNSAT,0.9,18679,1496503,,1ada5f95359be142f93ad92899f30212c00a63312c0847304bb1afe4e9cc0fe5,drat-trim,0.6,True,1185.0,21:24:42,
2646,0,14,1,600.0,UNSAT,1.7,37330,2559935,,021e03db654abc2b6dd619d7f644353747d9b0a42ffa4d2a52e2f6a18323cc56,drat-trim,1.0,True,1185.4,21:24:42,
2623,0,14,1,600.0,UNSAT,6.6,136112,10047769,,a62de38f534088f4970318bf04d8cc81da9f110dcfbe923c0ed037cda5fd872f,drat-trim,5.8,True,1185.8,21:24:43,
2639,0,14,1,600.0,UNSAT,3.7,76156,5372393,,d661dfc56a699e0bac9a10856ea123c040a40e0de9d14fe9b0cc35b3501a03d9,drat-trim,2.6,True,1186.0,21:24:43,
2642,0,14,1,600.0,UNSAT,2.9,64791,4602157,,eff5e4c03b38b15fc874d2e32f65f01ca2bb9a8c75b9b4ee24dbeec2666a8323,drat-trim,2.0,True,1186.0,21:24:43,
2656,0,14,1,600.0,UNSAT,0.1,2893,230281,,caa89ee8269a89f29e7249ecd6a7f6180d77c89afc4123ffade3394e94ddcd10,drat-trim,0.2,True,1186.3,21:24:43,
2657,0,14,1,600.0,UNSAT,0.2,3819,256522,,cc8d1ba53f5ae2060029517139ec79799d8cefd02c2ce173872741e7829e652c,drat-trim,0.2,True,1186.7,21:24:44,
2635,0,14,1,600.0,UNSAT,5.1,106103,7347958,,4f8644602a6750b8ce5d964ef7016177e6871fc64f7a72604373b256d18bf1da,drat-trim,3.8,True,1187.4,21:24:44,
2658,0,14,1,600.0,UNSAT,0.5,10801,777802,,5e61f6c6a0dbfbfb14194eeccb5f296ef26a6d81db438b954815488125f9ee97,drat-trim,0.4,True,1187.6,21:24:45,
2643,0,14,1,600.0,UNSAT,3.6,75329,5508106,,33b26304d240decdd82b0d0288024a5396971e987b7534adae490cf2bddf5b44,drat-trim,2.9,True,1188.3,21:24:45,
2659,0,14,1,600.0,UNSAT,0.5,9471,763371,,d078e394f32cc766344373060641a9054b62e3b78ab3730d2b262c445bcec138,drat-trim,0.4,True,1188.3,21:24:45,
2652,0,14,1,600.0,UNSAT,2.2,49986,3466823,,4686225dd739a7265c47900a7c1472af17a72f9f229febd1161626843b2a4197,drat-trim,1.6,True,1188.7,21:24:46,
2615,0,14,1,600.0,UNSAT,10.3,200047,14465234,,529c5d125e8dfd4079bc1f60876a8fc4917d995108dcba706e6ff047e82a8c9b,drat-trim,9.0,True,1189.0,21:24:46,
2649,0,14,1,600.0,UNSAT,2.8,65261,4224734,,ae99f55de02f23261230a90a43edb956620ab569419ee783bf6919516aa5beee,drat-trim,2.3,True,1189.3,21:24:46,
2654,0,14,1,600.0,UNSAT,1.9,46090,3047528,,d092a0254f0c50a529131bc99b4c2996623f9d163dbc788d8f9ea842d84577b0,drat-trim,1.6,True,1189.3,21:24:46,
2660,0,14,1,600.0,UNSAT,1.2,25028,1690698,,886b0e6f078c3a2763be079ccca5b5ed4831b207bb0c8e5b250685a5d95bdc89,drat-trim,0.8,True,1189.6,21:24:47,
2665,0,14,1,600.0,UNSAT,0.5,10800,631231,,c27827bb38f63d38b0e724d4523aff8796e2f5c38b66b6f06022eef6b1a6c80f,drat-trim,0.2,True,1190.1,21:24:47,
2650,0,14,1,600.0,UNSAT,3.5,71538,5450936,,c0960fa84a8f25dc99478f1eb9b0d1a390c1e0d096ea6782fe9d2c8f2257d97e,drat-trim,2.7,True,1190.5,21:24:47,
2664,0,14,1,600.0,UNSAT,1.1,25483,1723096,,41b0ae6c124b8756ee94652a94c75656b2f9131164d2440754184eb7dfe60f33,drat-trim,0.7,True,1190.8,21:24:48,
2666,0,14,1,600.0,UNSAT,0.9,20814,1499450,,3a8f160591f3ec0c2b0643f25c3337f469bf29d23eb5c51b36ac4901686aa566,drat-trim,0.6,True,1190.9,21:24:48,
2663,0,14,1,600.0,UNSAT,1.3,29949,2015155,,7d393a869683c9bd97f7a24a8ea2f761ec6c406298ffbcdfcf63cfd88f20c257,drat-trim,0.9,True,1190.9,21:24:48,
2667,0,14,1,600.0,UNSAT,0.8,18446,1444367,,c4f42b534f25759e74e50faff4fcdda0db950ceae7e069c740178bc73dbca2a7,drat-trim,0.5,True,1190.9,21:24:48,
2662,0,14,1,600.0,UNSAT,1.9,40442,2746704,,f12f01f03eeffcdee9bc892f4e5b5fa1b28f983d9a5d0c861d7389d3d1fdb585,drat-trim,1.1,True,1191.3,21:24:48,
2645,0,14,1,600.0,UNSAT,4.8,98467,6940295,,b85f1d55c8b7d9fb6e6e466b623528dd8054b6fe16219f58f950a2419bbffd3e,drat-trim,4.0,True,1191.5,21:24:49,
2647,0,14,1,600.0,UNSAT,5.0,96887,7134765,,9f148e9bc3d8a85480751a7c45d788be6b49db69b1b6af9ccf5fd1d5b58663b1,drat-trim,4.2,True,1191.9,21:24:49,
2661,0,14,1,600.0,UNSAT,2.4,50517,3499446,,2629a239b4ff5c09410015f05a70aa373ce9768b01e635b160e647d287347385,drat-trim,1.5,True,1192.2,21:24:49,
2668,0,14,1,600.0,UNSAT,1.4,30526,2316008,,b8d319517059a340586c451e78305f306a307118c474ed3cb8612716c56b4da6,drat-trim,0.9,True,1192.3,21:24:49,
2651,0,14,1,600.0,UNSAT,4.4,91677,6452658,,e43e6b7128275bb70a05d9534a3c820a6add08582317a78f46979ece2b30dc5c,drat-trim,3.4,True,1192.5,21:24:50,
2669,0,14,1,600.0,UNSAT,1.2,28691,2090342,,7cf58cda9b5a1760014d5a5a02ebb3e79d4999b05fa03544d287d76ea30644d3,drat-trim,0.8,True,1192.5,21:24:50,
2673,0,14,1,600.0,UNSAT,1.5,31713,2340092,,4567f7da44265ec4eb661a5fe0f1cc59229fab05a256a6332a28757c1fb6feb0,drat-trim,1.1,True,1193.5,21:24:51,
2672,0,14,1,600.0,UNSAT,1.7,39633,2585353,,3506ef27778d4526a1281660e9dbb0265e859f539eb5ccf22a6cb7eb5c2bd1d1,drat-trim,1.2,True,1193.8,21:24:51,
2670,0,14,1,600.0,UNSAT,1.9,45073,3070532,,5d6b9f1d56b9a2147a364a308d4ed61046ca0296b68435df1a54cf18576e1480,drat-trim,1.4,True,1194.2,21:24:51,
2677,0,14,1,600.0,UNSAT,1.5,35115,2471995,,fe6ba4200cbcddacc8e7f93ba338b9e4043c1f8c5c47527d4bbf087be7eebcb2,drat-trim,0.9,True,1194.6,21:24:52,
2676,0,14,1,600.0,UNSAT,1.7,38782,2582193,,2e8852a8d6bbb000e852a74182eade08fbda637272ed378860e1c007f6afaf4e,drat-trim,1.1,True,1194.7,21:24:52,
2655,0,14,1,600.0,UNSAT,5.0,96873,7063703,,f5686285c5d306723c98071df39c86fcae43123b3ab7909105da812287419919,drat-trim,3.8,True,1194.8,21:24:52,
2680,0,14,1,600.0,UNSAT,1.9,43486,2796710,,56336e1bfcec5c694c05f3a0fdc9179b2867a2954324b8524e257465849b54d0,drat-trim,1.2,True,1195.6,21:24:53,
2653,0,14,1,600.0,UNSAT,5.4,109827,7748146,,a357412a97544554efd79c17a30de0f182c7ac0adc0cd124807a6b417ea0eb7d,drat-trim,4.7,True,1195.7,21:24:53,
2684,0,14,1,600.0,UNSAT,0.9,18871,1406498,,3e1fb7c92ce10b71406e31e9fcf1adeb2c47ae3e3148fcb89cb6c1935cac5971,drat-trim,0.6,True,1196.1,21:24:53,
2688,0,14,1,600.0,UNSAT,0.3,6789,364507,,9f371c2cfc3938a3f75c848f5d632988fe5f0f4298db393288cfdce1422d2be3,drat-trim,0.3,True,1196.3,21:24:53,
2671,0,14,1,600.0,UNSAT,3.1,65799,4642809,,9d4876d2bd893749b1c662531f4e859a6d0c8f5bbc5fe4f75fdd02550f31905b,drat-trim,2.5,True,1196.5,21:24:54,
2689,0,14,1,600.0,UNSAT,0.3,7352,458400,,9ac3fb4b65d8ef134b1aa7bdfe9fb264409300621b8d4f04a0bb5190e489cc65,drat-trim,0.3,True,1196.9,21:24:54,
2674,0,14,1,600.0,UNSAT,3.3,72212,5252303,,49f8a0f0de08afbb4e0a0ef12752bf941c35a08c0c48a1a5f22906b6d452d2b4,drat-trim,2.3,True,1197.0,21:24:54,
2685,0,14,1,600.0,UNSAT,2.0,44638,2901003,,404386ae323914efb5f7df18d6928a9fb9bd063efc5af1d76ac8e599d1c62ade,drat-trim,1.2,True,1197.9,21:24:55,
2690,0,14,1,600.0,UNSAT,1.2,28602,1877475,,e2139f0648e052844aa7fd52650a9f0b26282d6e87957f7fd927e425215da68e,drat-trim,0.8,True,1198.4,21:24:55,
2691,0,14,1,600.0,UNSAT,1.1,26006,1734613,,37dd7d066e36f5d4f00550aaa04c48791a71b5194d477460e41f29049e7108ea,drat-trim,0.7,True,1198.4,21:24:55,
2681,0,14,1,600.0,UNSAT,3.2,69995,4921803,,232ab3d4eddcba525326029a4b4b5ba81f8092047f2d6c25ad6e03cfb03e246e,drat-trim,2.3,True,1198.9,21:24:56,
2696,0,14,1,600.0,UNSAT,0.6,14256,834446,,dfc58553f8a9cfba9a7dac7691134d58de80a8ee0505d175acd840a9f54f089f,drat-trim,0.4,True,1199.4,21:24:56,
2678,0,14,1,600.0,UNSAT,4.1,90264,5923389,,6974850bdb880cacab516850fd6081162611d62d0dfb8f1267ae79f17713d4ee,drat-trim,3.3,True,1199.7,21:24:57,
2697,0,14,1,600.0,UNSAT,0.5,9792,771700,,a8d1fc432aa0745e3f26b14348b5f5bd1c457647925d01b4b06cc4b0e0a233d8,drat-trim,0.3,True,1199.8,21:24:57,
2619,0,14,1,600.0,UNSAT,15.7,273883,20033878,,a50882d8ba637ac8782fed53c3d30634821127c53df313346668b91d29b0f786,drat-trim,12.7,True,1200.4,21:24:57,
2694,0,14,1,600.0,UNSAT,1.5,35900,2488285,,ccd18e3573994c6f8da86014765655513f36811d710ab0ff6ca1e5a8dd512538,drat-trim,1.0,True,1200.5,21:24:57,
2698,0,14,1,600.0,UNSAT,1.2,28153,1815080,,b228708a4e08d1774670179f4c35cddb79168ee8e56562362b0b7f525a4fc390,drat-trim,0.8,True,1201.4,21:24:58,
2682,0,14,1,600.0,UNSAT,4.4,94109,6874006,,2fc29f901abc690e429d5ce578dabc847e5264d6d47f6e8be61d18ba684c864a,drat-trim,3.5,True,1201.7,21:24:59,
2695,0,14,1,600.0,UNSAT,2.0,46092,3087704,,0579bb6e337ee618cb30efa0757c11c9af01fbf8724fed37902fd526056a77d9,drat-trim,1.3,True,1201.7,21:24:59,
2675,0,14,1,600.0,UNSAT,6.1,126487,8993775,,ad6d9a7da5e61c99d2867e347768d14aff1be30903bd64902a14ceb248000121,drat-trim,4.7,True,1202.4,21:24:59,
2686,0,14,1,600.0,UNSAT,4.3,92819,6498931,,fe702e5f2287cc18f3b998284aab89a5aa508eea6217c5af2ef4e5640d761c2b,drat-trim,3.5,True,1202.5,21:25:00,
2699,0,14,1,600.0,UNSAT,2.0,44930,2858314,,d4ac5cb19dad29faaca8db3928ae426d28d282c9ea9b82cbd1be8739e23b8655,drat-trim,1.2,True,1202.9,21:25:00,
2702,0,14,1,600.0,UNSAT,1.5,34738,2355879,,e5692ca0c20e1dea8ea9bf97b240de8d420b854cdb88036f4fbaf3939b0fa4b3,drat-trim,1.1,True,1203.0,21:25:00,
2692,0,14,1,600.0,UNSAT,3.6,76952,5311257,,233db72473c38ff5d4b652e97a8e0d61be4ed38efd8629a5197242cde736a04e,drat-trim,2.6,True,1203.0,21:25:00,
2693,0,14,1,600.0,UNSAT,3.5,74748,5036000,,d599089f92a675c827f22ad4cc6c9b127c9f6d64b04c1c6c1dde2d0d4a1e90cd,drat-trim,2.7,True,1203.2,21:25:00,
2704,0,14,1,600.0,UNSAT,1.3,31224,1989584,,c9178d7c59ce9b42cf833a92e996f1dd90ac35467c2f190488e79d803780da5a,drat-trim,0.8,True,1203.7,21:25:01,
2703,0,14,1,600.0,UNSAT,1.4,29367,2213732,,50f98197092ffb991df3322d6fe16ab438701ff96dec51e69c8cc28bf7594fa5,drat-trim,0.9,True,1203.8,21:25:01,
2705,0,14,1,600.0,UNSAT,1.6,37632,2620241,,006fa50e8d9a17f1e614a850cbb42140eae3d57b223bec5a6afa6b85d8b69be2,drat-trim,1.0,True,1204.3,21:25:01,
2712,0,14,1,600.0,UNSAT,0.4,9590,789929,,732b662759f317a69c7a4726964d661d49b9a6c25eecfe908aa47801c4bdfb86,drat-trim,0.4,True,1204.5,21:25:02,
2713,0,14,1,600.0,UNSAT,0.5,10091,638505,,6e6e4414ea193fdf4cc4f84e91cdf9b734530323303ee63ad852cfa369a2f07f,drat-trim,0.3,True,1204.6,21:25:02,
2707,0,14,1,600.0,UNSAT,1.6,39158,2574872,,0ebfbd06375f0989d11146c783d0d52e1790801214a3c23d61f21880407409fd,drat-trim,1.0,True,1205.1,21:25:02,
2700,0,14,1,600.0,UNSAT,3.2,69160,4686534,,a753dbc0b62c9ce5cd8d2fa4cc7b639a5df852de3a3203bb42045868b83c1bc2,drat-trim,2.4,True,1205.4,21:25:02,
2679,0,14,1,600.0,UNSAT,7.3,149009,10349269,,36d508d7add9225e05e95ac7d2b7d2aa5e9f7c66254d3410aa7e7addc26c4db7,drat-trim,6.3,True,1206.1,21:25:03,
2706,0,14,1,600.0,UNSAT,2.4,55145,3648031,,4e45ad51603eb9b423e3611219c081a5ad63562bd4de210332a340c0f75c29b2,drat-trim,1.6,True,1206.4,21:25:03,
2715,0,14,1,600.0,UNSAT,1.3,30119,2091172,,bc478a4672a8873d789732632748248f08184435403662ba6d9dc69be240775e,drat-trim,0.8,True,1206.6,21:25:04,
2687,0,14,1,600.0,UNSAT,6.3,131676,9450458,,7a2fcd7932fd805dd52f8a1fc36eec7e763d659ca9e3d643974f8042f28b4342,drat-trim,4.9,True,1206.9,21:25:04,
2709,0,14,1,600.0,UNSAT,2.3,51840,3432154,,82e0a613b3236e3faf2b688988a0868c3d33912f99666aab4ab9a9346749d719,drat-trim,1.6,True,1206.9,21:25:04,
2701,0,14,1,600.0,UNSAT,3.6,82075,5810638,,a4d252750294debb5b9b5a80e55cd141ce76c0ba3f74a0d1f621967fbfe34449,drat-trim,2.8,True,1206.9,21:25:04,
2714,0,14,1,600.0,UNSAT,1.7,39364,2662854,,c6fc6b6f6218197dac7ee9352a7a918039862f695e191d98dab7c39c158156c1,drat-trim,1.0,True,1207.0,21:25:04,
2724,0,14,1,600.0,SAT,0.2,2885,220413,,,,,,1207.1,21:25:04,
