id,depth,nlits,attempt,timeout,status,solve_s,conflicts,proof_bytes,proof_lines,proof_sha,checker,verify_s,verified,elapsed_s,when,tail
0,0,14,1,600.0,UNSAT,1.1,23660,1851063,,b0bf53bcfc86434a3a68275f411c7ddf0985759d161e33a1358ab58b423a232c,drat-trim,0.7,True,1.9,22:45:27,
3,0,14,1,600.0,UNSAT,1.2,28393,1940417,,a3c1db987ee4659db6cfb9f49469587fed37893f03a95ca75b255dd8ea643e2d,drat-trim,0.7,True,2.1,22:45:27,
2,0,14,1,600.0,UNSAT,1.4,29968,2021388,,dc4af6563c4bca7908e5c077859dc02cd9f4f2ea1cc37f23fbf1e98bf2c4943f,drat-trim,0.8,True,2.3,22:45:27,
1,0,14,1,600.0,UNSAT,1.6,35775,2554880,,ca7f4e830a4cd8e2a8f69b97fdf1a13365bfb01abdcdd072b5464b68ed5eded7,drat-trim,0.9,True,2.7,22:45:28,
4,0,14,1,600.0,UNSAT,1.7,38126,2496846,,86d799b93cacc9ba2315ee6d50bce4f6b7e756a6500746d2a55757a06ab8937b,drat-trim,1.0,True,2.8,22:45:28,
12,0,14,1,600.0,UNSAT,2.0,45951,3301418,,f560bd541a7b8b678fb458d23752d6996197188e98795a19b8a2f1c3023af4f9,drat-trim,1.3,True,3.4,22:45:28,
9,0,14,1,600.0,UNSAT,2.7,61401,4464355,,ae742a1319f6df617b3d7befb9e5089fab7720447c564182ad743dfdfaf68016,drat-trim,1.8,True,4.6,22:45:30,
6,0,14,1,600.0,UNSAT,2.8,66469,4393333,,5bb1dc12a3dc703b76338be41df22004444c1c32ab891fd2e08f8673b14505b3,drat-trim,1.9,True,4.8,22:45:30,
8,0,14,1,600.0,UNSAT,2.8,66242,4306710,,3f2043f4049ac904e90a3ef0ad182d1f77b2b48210e0a765c38264e1fa53cc39,drat-trim,1.8,True,4.9,22:45:30,
16,0,14,1,600.0,UNSAT,1.6,39313,2661961,,e68407bc513c298f1ea2dc70c50ee4895aad58f20665de64dc14e3b0a8e8858d,drat-trim,1.1,True,5.0,22:45:30,
5,0,14,1,600.0,UNSAT,2.9,68579,4547718,,0bd9f5d0639e350a8b92a26781a07f85c0e75dc8da39358d89324fed3b5b8bfa,drat-trim,2.2,True,5.2,22:45:30,
13,0,14,1,600.0,UNSAT,3.4,79288,5420666,,6ce71b6abf85c71201cbbe8c41373bbf38599f212e78c3941d5571d50ed42380,drat-trim,2.4,True,5.9,22:45:31,
15,0,14,1,600.0,UNSAT,2.5,62576,4251496,,9b23614fa5f77e5fd931db697ed04cf53f414b325afd16324b1f2ef915e6f41f,drat-trim,1.9,True,6.4,22:45:31,
17,0,14,1,600.0,UNSAT,2.4,58489,3969911,,55b51f58770ef33ab45b67c904d48e2549ed82caebd0dc085a216b5e291a821d,drat-trim,1.9,True,7.0,22:45:32,
10,0,14,1,600.0,UNSAT,4.1,94079,6918826,,8b011302b3a08438f921b233251c031c472c4c355a028a23ef4ccbd622a5ac51,drat-trim,3.1,True,7.4,22:45:32,
24,0,14,1,600.0,UNSAT,1.2,30922,2121052,,a0579907377a33dabbf146d471ddfa567320b10d97783673baa3b78fb9086b23,drat-trim,0.8,True,7.4,22:45:32,
18,0,14,1,600.0,UNSAT,2.8,67831,4819674,,233961bf3f0df3d53b62f4c5c8bd7dcb32be3f6975157df0f544330a472d49ea,drat-trim,2.1,True,7.8,22:45:33,
26,0,14,1,600.0,UNSAT,1.3,31288,2431338,,610a313cbe1c8ebf80ac3e6a9b492dfdb7924336f844f3cf0609b0235df37753,drat-trim,0.9,True,8.6,22:45:34,
11,0,14,1,600.0,UNSAT,4.7,104496,7575393,,86599723326d35d126a69553675930d0a69aa022191fc24fe0989469969b1ecd,drat-trim,4.0,True,8.8,22:45:34,
20,0,14,1,600.0,UNSAT,2.5,65489,4204779,,fc5d9d6064f4b6d25e18989386889a66570137d6b67be3c715c931893d570346,drat-trim,1.8,True,9.0,22:45:34,
25,0,14,1,600.0,UNSAT,2.1,49031,3522649,,79b4c1f05d448b0be221ee9ce9a0e0e4258ebf771ce077fbc8a438e256247f65,drat-trim,1.5,True,9.5,22:45:34,
32,0,14,1,600.0,UNSAT,0.4,10336,635517,,8ae4771781b33b8d5705190cfc97c1f276bec334a2eaf24caefb90e66165a31e,drat-trim,0.3,True,9.6,22:45:35,
28,0,14,1,600.0,UNSAT,1.5,37919,2689702,,f60b4d5682361f7a6d944cc654b534dff15bbefad43a3ac2e077587b0bf77318,drat-trim,1.0,True,9.8,22:45:35,
22,0,14,1,600.0,UNSAT,2.8,70291,4730122,,55316e1bc4c911e6cd6f975fbb7845dd9fb5a899df9f22b8434279902653b6ec,drat-trim,2.2,True,9.9,22:45:35,
33,0,14,1,600.0,UNSAT,1.0,27949,1881011,,b6dc41210758b08f1229260b003f1f77709eb36727d8161f9ac319247b366fd0,drat-trim,0.6,True,10.6,22:45:36,
36,0,14,1,600.0,UNSAT,0.7,15107,1197237,,951b7787f244a321df6adc88cffcf07fd76fb43b02d87a0470a52bfdd6a6ca46,drat-trim,0.5,True,11.0,22:45:36,
7,0,14,1,600.0,UNSAT,6.1,134870,8877712,,dd2ead93db4d881125691e394eda15d1e6f34a38b68e719502f542cf9efd869a,drat-trim,4.7,True,11.0,22:45:36,
34,0,14,1,600.0,UNSAT,1.0,27107,1919183,,34c94d267c94f59d83cffc8cf07248263c44721d9126386c790897fad39e0d33,drat-trim,0.7,True,11.1,22:45:36,
37,0,14,1,600.0,UNSAT,1.0,26788,1761725,,03b75e3d8370e8dee9dc6b963898898db7f9aee547db82b8a8abc78eded88423,drat-trim,0.6,True,11.4,22:45:36,
30,0,14,1,600.0,UNSAT,2.1,52979,3663316,,a9b90f1131222742b2f327f2d968defecb31ec91cc70e489c12a0e2dd5937a20,drat-trim,1.5,True,11.4,22:45:36,
35,0,14,1,600.0,UNSAT,1.1,27122,1895338,,81d0d0e05e0ca30082903a49e486fec2d337be39f3e34ac3fdbe516e5572e180,drat-trim,0.8,True,11.5,22:45:36,
38,0,14,1,600.0,UNSAT,0.8,19458,1554907,,57ba1bf13b3599562d4dcceb1b118505063d20287af2838c80047f5724503867,drat-trim,0.4,True,12.0,22:45:37,
29,0,14,1,600.0,UNSAT,2.6,68454,4651535,,7504f87f1ef87765e497a73b1691bbf1587ab83776c406b09bc5016650877307,drat-trim,2.0,True,12.0,22:45:37,
14,0,14,1,600.0,UNSAT,6.2,135289,9788698,,8cf6c34ee6ad7cd6d744b229ac89361c3c5bfad7cc22226996daa908192b53a2,drat-trim,5.2,True,13.4,22:45:38,
39,0,14,1,600.0,UNSAT,1.5,39246,2600235,,e3fe5a0c8eae2c4f73ea51ccffc93037abc591cde816633ed7fd6a2c97d871bd,drat-trim,1.0,True,13.5,22:45:38,
48,0,14,1,600.0,UNSAT,0.8,18775,1541035,,6a538d94722e60521d16f2dd59e0712a172ca2831ccc403ef88b5a8ba5c6611f,drat-trim,0.6,True,14.8,22:45:40,
46,0,14,1,600.0,UNSAT,1.8,42952,2854457,,fa8a2d6dc3d62bfbe28ade4bc93e155646663b05481d72bb60a1c4046d5dfdf3,drat-trim,1.3,True,15.1,22:45:40,
19,0,14,1,600.0,UNSAT,6.7,140795,9711004,,189e19d30aa70e089ea17bbd40261785a265938d1a34a13b593055cc67ccbf62,drat-trim,5.2,True,15.3,22:45:40,
43,0,14,1,600.0,UNSAT,2.4,57798,4258139,,b7978919981e0576d61c04d44bf007a112145ca9ab5cf0ff506ae09e312d2eea,drat-trim,1.7,True,15.5,22:45:40,
41,0,14,1,600.0,UNSAT,2.6,61818,4042099,,9c8bc5a0ba257763b61f2fd01f19cbf51cf44e3f696a55f39f58daccdb0d2369,drat-trim,1.8,True,15.6,22:45:41,
50,0,14,1,600.0,UNSAT,0.3,8554,452321,,ba416b7a1332365125e46030ac79660167cb8b747ab0e7d55f5b74ddde047bca,drat-trim,0.3,True,15.7,22:45:41,
40,0,14,1,600.0,UNSAT,2.7,68507,4478716,,9f6f4bffacd77b9b09049b8c785789bccd34a90e7d36c12530c2ece88c795352,drat-trim,2.0,True,15.7,22:45:41,
42,0,14,1,600.0,UNSAT,2.7,67563,4476334,,6457252fbce659e5655156759135ef178fdeaddb2664d989761383ca21f8b77d,drat-trim,2.0,True,16.1,22:45:41,
45,0,14,1,600.0,UNSAT,2.4,62897,4083776,,c7a83775f4238624770f36ac694a04291e0aabfb33d2f459c0e6e2c1c9eb39a0,drat-trim,1.7,True,16.2,22:45:41,
49,0,14,1,600.0,UNSAT,0.8,18408,1490304,,f8b89d96096f7a2406339891241bdc303c38cd4c157f36be2989a578698d5182,drat-trim,0.6,True,16.2,22:45:41,
51,0,14,1,600.0,UNSAT,0.5,13061,811368,,4c46629cd10ed938e01cd8fe8f042b908b9a1a92584016e2590e7604f9be5893,drat-trim,0.4,True,16.3,22:45:41,
21,0,14,1,600.0,UNSAT,6.4,133820,9528875,,632687db53b5c7c3c3c7be4abaf8e533074e01a5f4cd35ecc8c47fc0380b4ab0,drat-trim,5.4,True,16.6,22:45:42,
44,0,14,1,600.0,UNSAT,3.1,72911,4728306,,214bee97d0c5ce2db8ad1b608d2f1da492c0a62670d1d374d3aec068f93e8c2d,drat-trim,2.2,True,16.7,22:45:42,
27,0,14,1,600.0,UNSAT,5.7,126704,9012252,,d0a768078b9eec22ec8363f4a4cd4b1422c74216648c9907d0f1dc9e5998178c,drat-trim,4.2,True,16.9,22:45:42,
53,0,14,1,600.0,UNSAT,0.9,23553,1651787,,e6478a934ae5c55f551ccc0d3c81b87406def4e45f7835365396f322911e2565,drat-trim,0.6,True,17.1,22:45:42,
54,0,14,1,600.0,UNSAT,0.9,22598,1528948,,c892a982541fd2859644bbaa74666d72b4a537d2df53b140b94dfea930000ee5,drat-trim,0.5,True,17.1,22:45:42,
60,0,14,1,600.0,UNSAT,0.7,17078,1315212,,4be1ed0f2d875bb9199e3b748c3952ff7f3f4b89521cef1ed4fbc79bf3f97ca5,drat-trim,0.5,True,17.8,22:45:43,
52,0,14,1,600.0,UNSAT,1.5,38671,2544669,,8b770862179ae8d0c6f58faa1feabd846b30e3e8916a171815fc7edbcd8e8235,drat-trim,0.9,True,17.9,22:45:43,
64,0,14,1,600.0,UNSAT,0.5,12571,686907,,39050ba70edfa116bb72f1685f23b540ec27d299a75c412722980ecec3439e46,drat-trim,0.3,True,18.0,22:45:43,
56,0,14,1,600.0,UNSAT,1.1,30063,2185211,,9679e11edb29286c6f1ee550f73873a60bde1ecf7b0a0ec1024f8e66a519643a,drat-trim,0.8,True,18.1,22:45:43,
47,0,14,1,600.0,UNSAT,3.1,71962,5284683,,d8efe8414fff4b804812949615494c32fb69c6791c735c8a781e6fd0c6305a3f,drat-trim,2.0,True,18.5,22:45:43,
57,0,14,1,600.0,UNSAT,1.4,32763,2481365,,3746d3ddd4043cb10babd1a20ce8755dfdb12d65fa6aab4ab617bed0e88cd289,drat-trim,0.9,True,18.5,22:45:43,
65,0,14,1,600.0,UNSAT,0.5,13741,746437,,6aa1e4e3c9b29a5d28c82dd839259cb444799d33c5fc243d37df7d3ab0a5328b,drat-trim,0.4,True,18.8,22:45:44,
67,0,14,1,600.0,UNSAT,0.5,13236,860601,,38aef4b7e46bedcb66b11a4c467726821267e426155139704d963a9769644b65,drat-trim,0.4,True,18.9,22:45:44,
66,0,14,1,600.0,UNSAT,0.6,14474,1119616,,485e6881e291528397e88e19a05e85bbe5a64470e4e68fd3d3c88670017ba515,drat-trim,0.4,True,19.0,22:45:44,
68,0,14,1,600.0,UNSAT,0.6,13187,777466,,4dd7227c03a1e574608d5b01cb783b79cd8724b4330200f66778c8d5f5777bc3,drat-trim,0.4,True,19.0,22:45:44,
69,0,14,1,600.0,UNSAT,0.3,6967,379798,,7541030de6bdba8b136241bf7f81e6d0084647a7ea62203f0a0d0c15fd4f0705,drat-trim,0.2,True,19.0,22:45:44,
58,0,14,1,600.0,UNSAT,1.8,43456,2902316,,4ce99e2f7502e7c24c50bc0d8cd1e7796f4688374d4de401561efea466d4121c,drat-trim,1.2,True,19.2,22:45:44,
71,0,14,1,600.0,UNSAT,0.3,8268,503266,,c5ab79228ec527d2232372ece61aae09dff7e4ff7655dcc7a3dea30b1d1a8823,drat-trim,0.2,True,19.4,22:45:44,
70,0,14,1,600.0,UNSAT,0.7,17001,1166556,,357eed069eb09b395958247f9bd7c0f440987e67f5931f26fd67c23a5de0faa5,drat-trim,0.5,True,19.6,22:45:45,
55,0,14,1,600.0,UNSAT,2.4,62771,4340160,,e13811815e374c26f2bac46841e728ebaa2e1e3939765c17bed973ea4e45af9d,drat-trim,1.5,True,19.7,22:45:45,
31,0,14,1,600.0,UNSAT,6.2,131703,9602007,,0d3d19776561d351bb95925cce6c28d8eb8ce827b87c039767976d2fcdf051a8,drat-trim,5.2,True,20.1,22:45:45,
23,0,14,1,600.0,UNSAT,8.2,173262,12950820,,a9993cd02cb9b03b23d7b13420a2875b53b3b4b7902d10d1eb12808b7fe259eb,drat-trim,7.4,True,20.7,22:45:46,
80,0,14,1,600.0,UNSAT,0.4,8899,674942,,fa754b0e51ef2b51107e79a1521645e4a34a49c57a10791a33476e4132df6ffe,drat-trim,0.3,True,20.7,22:45:46,
81,0,14,1,600.0,UNSAT,0.3,8658,518324,,23185598f1ff4b9651cc58a8bab7087566525e3d21ab5c597df283c6266fc7a3,drat-trim,0.3,True,21.3,22:45:46,
82,0,14,1,600.0,UNSAT,0.5,13257,744039,,8fd7c5fdfc3d317386e3608884ab2232feef234aaa3adc60ad7839a479911450,drat-trim,0.3,True,21.6,22:45:47,
73,0,14,1,600.0,UNSAT,1.6,40890,2654906,,831d07e4817ac4642323272b49791bc21ce7fde25badfc3a0f8e9dc491061588,drat-trim,1.1,True,21.7,22:45:47,
72,0,14,1,600.0,UNSAT,1.7,47751,2945649,,d2f5d3407ea5d79f97fe30098d60782fc7fe387cdcb92a294640c4af3d81ff4f,drat-trim,1.2,True,21.9,22:45:47,
85,0,14,1,600.0,UNSAT,0.6,11894,835134,,df5d90c67a8f1f06afa2c974c0493f585e889e137c118fe29a85ebfadf0f9de8,drat-trim,0.4,True,22.7,22:45:48,
84,0,14,1,600.0,UNSAT,0.6,13113,828058,,f18c91591eaaed3e80afc3cae5f1fcbe97cb17fb90f60342b3d63c67ade9938c,drat-trim,0.5,True,22.7,22:45:48,
76,0,14,1,600.0,UNSAT,2.0,49693,3497913,,3cc6422a511d4dd18fa94fe5dbf9004b054b6c21d4502092ca41f820e33998f0,drat-trim,1.6,True,22.9,22:45:48,
83,0,14,1,600.0,UNSAT,0.9,19897,1389822,,00e08bfe7086eef26498606b52b5a9219f5a027d988d773e5367f2d28b20b2d9,drat-trim,0.6,True,22.9,22:45:48,
86,0,14,1,600.0,UNSAT,0.8,15835,1144908,,9e5e9cf696cd4818c43577ff6432343b2054ba47ae9a3f105b9547824b3ca87c,drat-trim,0.5,True,23.1,22:45:48,
75,0,14,1,600.0,UNSAT,2.2,54949,3803592,,905bbae2cc91d584ae7ef350bf23b7be5dfa38842a63a429bcea62456d1a01c8,drat-trim,1.9,True,23.2,22:45:48,
59,0,14,1,600.0,UNSAT,3.7,87850,6025239,,046a8e68d4d29ef8d81c601e64510730a64860c15724ae79370e83afdefb0493,drat-trim,3.4,True,23.4,22:45:48,
74,0,14,1,600.0,UNSAT,2.4,57746,3535280,,a6a2524583ff75a4202b3e8f5d9cd882b57a3268410e2d6f79bc66d76c4ede06,drat-trim,2.1,True,23.5,22:45:48,
61,0,14,1,600.0,UNSAT,3.6,83813,5953900,,10d8a242b2d41d269f167dfd205f7eb0b08b7294a49c90ec90a08ec90030e4b6,drat-trim,3.2,True,23.6,22:45:49,
87,0,14,1,600.0,UNSAT,0.6,12066,735693,,0aa8ef9e087070c021761ff701fc57749903e91ab3f54eecfed1e11f839a4840,drat-trim,0.3,True,23.6,22:45:49,
62,0,14,1,600.0,UNSAT,3.6,84741,5660740,,1187e86636ace3851f74fa15f8d8ec14cccd1775ef5bebf58fee826aa0957aa2,drat-trim,3.2,True,23.7,22:45:49,
77,0,14,1,600.0,UNSAT,2.6,65845,4205515,,5d69bb68f3302ea65897f4bcd0b5283c3d548780bf5b4d28854fc68ad3ef6cb0,drat-trim,2.3,True,24.2,22:45:49,
96,0,14,1,600.0,UNSAT,0.5,10438,624500,,2b26f4fd7a25a2140d7e13c5b0244057113d20c624f6786e934d2b1b67ff850a,drat-trim,0.3,True,24.4,22:45:49,
79,0,14,1,600.0,UNSAT,2.9,67020,4266742,,e98014a9d7447eacb91d498c072898275b528c60d8508979f5661d212c264e61,drat-trim,2.0,True,24.6,22:45:50,
88,0,14,1,600.0,UNSAT,1.2,28661,1993843,,552fa9cd59d196ad983c665c24682519f5c5634a33049c81431b98fc64317ca9,drat-trim,0.7,True,24.6,22:45:50,
89,0,14,1,600.0,UNSAT,1.3,30854,2131041,,28914bd5fadf8914e788ea6fe0c4d3f226f4eb57d7baa673887f9c9e4c8e7a45,drat-trim,0.9,True,25.0,22:45:50,
92,0,14,1,600.0,UNSAT,1.2,28247,1982771,,a746eeed77a6324c06bf2ba45747f42e90b5a35d00d230979d53ce8af24a4510,drat-trim,0.8,True,25.1,22:45:50,
93,0,14,1,600.0,UNSAT,1.2,29471,2159401,,8ed1af82cdc381252414c76a3b5f164a048b7684df10779c9154d772cdb0383e,drat-trim,0.9,True,25.5,22:45:50,
100,0,14,1,600.0,UNSAT,0.7,13619,899347,,0e189248ba7a2be9d19bfe2861bdae3ee24b72bd669490320336791215aac375,drat-trim,0.5,True,25.8,22:45:51,
99,0,14,1,600.0,UNSAT,0.8,18212,1563194,,b9ba21d12ff2888f6dd1c12c60f6e7797e9d2760418cd9ee334307f46a56da82,drat-trim,0.6,True,25.8,22:45:51,
102,0,14,1,600.0,UNSAT,0.6,11447,637866,,adc299727877b4947ef9fdbb3e4c63bc5d7aeecb53f7050cdca63f352f6e2ca6,drat-trim,0.4,True,25.9,22:45:51,
97,0,14,1,600.0,UNSAT,1.3,31397,2558356,,cf229a216706f61d566b6356bc4cdeb31c670e8911d5865084a5761d5de95636,drat-trim,0.9,True,25.9,22:45:51,
98,0,14,1,600.0,UNSAT,1.1,28908,1900752,,d09c47884c08b7863ef542eabe0294671c048ae9247753324c8e832e94a34b6e,drat-trim,0.9,True,26.2,22:45:51,
78,0,14,1,600.0,UNSAT,3.8,84917,5337641,,27765a4848f500edc09515afcdde97791ee9e6187bbd25dce714d7d06a9a405e,drat-trim,2.9,True,26.3,22:45:51,
94,0,14,1,600.0,UNSAT,1.6,40337,2655659,,a57e1e0b448d054c87bb4901261ebdb0ed8113c82cab5c31b94e138b126fb1e3,drat-trim,1.1,True,26.3,22:45:51,
101,0,14,1,600.0,UNSAT,1.1,27505,1865804,,e07f4ef1ed2684f06fe724b754e858c3aaf1211feb5c87f464d7fa4cb6ad4063,drat-trim,0.5,True,26.3,22:45:51,
63,0,14,1,600.0,UNSAT,5.4,120090,8146610,,8c9df2d4ae5db34bdc5344e9c295dc66bee30766fdd0b6b187c8c3579368b5d7,drat-trim,4.7,True,27.2,22:45:52,
103,0,14,1,600.0,UNSAT,1.3,30771,2119600,,defabec40c53c7f35ac9121480a9d20c401292e430c55132bf5a3d7603e285ad,drat-trim,0.9,True,27.3,22:45:52,
90,0,14,1,600.0,UNSAT,2.6,59323,3814586,,f95cb63d64526bc30bff825ab31cf06103090172ffe74766e6098b8e6822c8f5,drat-trim,1.9,True,27.4,22:45:52,
91,0,14,1,600.0,UNSAT,2.8,64762,4271198,,76d1963bdeee5dfe9e63fe5b1229fa9113407dfd2ec1cd8c8b0db32c7ba94a21,drat-trim,1.9,True,27.8,22:45:53,
114,0,14,1,600.0,UNSAT,0.3,8391,480948,,6f478d9b1a6a44fffb3f25d8c2d2406510e155f18c959e852b271554f062c106,drat-trim,0.2,True,27.9,22:45:53,
112,0,14,1,600.0,UNSAT,1.0,24550,1695433,,84b579473cf666f0af44465b68790bc4bf7dad2b5c2be2c8a6bb47ac45a97542,drat-trim,0.7,True,28.0,22:45:53,
115,0,14,1,600.0,UNSAT,0.5,11646,678564,,d148c15012d7588fd9d7cc9f5301b47422bc90ec0f9321307b36da8d282ace42,drat-trim,0.3,True,28.2,22:45:53,
95,0,14,1,600.0,UNSAT,2.9,68489,4511926,,6666f9ddea797ce3b2bc0f51e5a8589b63c28cc09e60d99efd2245c285c1144c,drat-trim,1.8,True,28.3,22:45:53,
105,0,14,1,600.0,UNSAT,1.6,37592,2326642,,00c188ac6387847f882cc3210d38d4525bf2b436df2aee4ec777bb11b20b4b25,drat-trim,1.0,True,28.4,22:45:53,
113,0,14,1,600.0,UNSAT,0.9,18975,1431253,,032d45f3e6882879f78baec4e78d3daf24b7d204c09420c8b9b3e732263d601a,drat-trim,0.5,True,28.7,22:45:54,
121,0,14,1,600.0,UNSAT,0.5,13073,758185,,e4733ffeb3de4f544cac5b1580931d74065407d3a9b22564e78bafc51f1d041b,drat-trim,0.4,True,29.3,22:45:54,
120,0,14,1,600.0,UNSAT,0.7,16091,1253212,,2c52d770ef48b036d180c129b5beed4055f699407f662231fee55c948115b51b,drat-trim,0.5,True,29.4,22:45:54,
109,0,14,1,600.0,UNSAT,2.1,52086,3478062,,7797ef7304d5688834e9deb1bcb9664c51db0cb378e02b8fb5a97859f7fe0ed8,drat-trim,1.2,True,29.5,22:45:54,
117,0,14,1,600.0,UNSAT,1.0,25419,1716265,,1b53a4dfe464354139e3b18d0b53a4360c23359a40dc3bc28cfc461a188f02aa,drat-trim,0.6,True,29.6,22:45:55,
104,0,14,1,600.0,UNSAT,2.7,63442,4145441,,2943ad1076dc97c2d23a84827e81579a9afaa562f7bbe17dd38a7e2462cebbc5,drat-trim,1.7,True,29.8,22:45:55,
110,0,14,1,600.0,UNSAT,2.1,49633,3720750,,ca8d3ffe133c80e0d8173b1cdea14aff8a6e637959273b4bf245e3d18eb7ad04,drat-trim,1.5,True,29.8,22:45:55,
111,0,14,1,600.0,UNSAT,2.3,57260,3917699,,c8083ccf55660820f80c86c7d9c98fe4de758a527302e654c33c6bc667b961f3,drat-trim,1.5,True,30.1,22:45:55,
107,0,14,1,600.0,UNSAT,2.6,64006,4316240,,d8a3cf6d7b32fdb4d45f417f74b17d939e9d987b99d2b6e39df6a641b7a8a7ac,drat-trim,1.7,True,30.3,22:45:55,
116,0,14,1,600.0,UNSAT,1.6,40986,2604876,,9033494aab9ff8a3f750315c89d52a21ebc8639b9eb06cbae908396064f2ac49,drat-trim,0.9,True,30.3,22:45:55,
118,0,14,1,600.0,UNSAT,1.5,41062,2493528,,b11d60512a35becd3cad1d8b3950a482e427fae248762dab5430687a1b5b1287,drat-trim,0.9,True,30.3,22:45:55,
108,0,14,1,600.0,UNSAT,2.7,66578,4348811,,3ed54293235558ab549cc940b3bda018421b8c476afc8078b2c7abeb61f4cbd0,drat-trim,1.8,True,30.5,22:45:55,
129,0,14,1,600.0,UNSAT,0.3,7571,507664,,fd4f9d7a9e015860efe597ee22ecc4003fd042a642c13fb5d17a387173b72333,drat-trim,0.3,True,30.7,22:45:56,
119,0,14,1,600.0,UNSAT,1.5,39282,2613149,,aa4c1a875a90360c0d57fcdf12c4c843a42ccb43a6a73b70cc43d478c3ca22cd,drat-trim,1.0,True,30.7,22:45:56,
130,0,14,1,600.0,UNSAT,0.3,5554,378576,,ea8e072e4302f638370c6cd9575581a3e22b4faf624940eee76b879cd6033b43,drat-trim,0.2,True,30.8,22:45:56,
128,0,14,1,600.0,UNSAT,0.6,13568,768018,,ee4b0dce43ab9419e173c64e6d6fa659b43a3140393622fa31bb8b1dab696453,drat-trim,0.5,True,30.8,22:45:56,
131,0,14,1,600.0,UNSAT,0.4,8552,495314,,b485ac25b6ebc067d41b25d26a115284f459859982235909d492e3cb36e9feef,drat-trim,0.3,True,30.9,22:45:56,
124,0,14,1,600.0,UNSAT,1.1,24586,1727233,,c84a350102070467db060b5bd347a3acbb08cd291f71254076cdd7b9cdb35999,drat-trim,0.5,True,31.0,22:45:56,
106,0,14,1,600.0,UNSAT,3.2,75249,4936425,,6ec38ac03180f4ee5c33a352450feba82c9edd42909f6e6858533330cbea2894,drat-trim,2.2,True,31.2,22:45:56,
122,0,14,1,600.0,UNSAT,1.5,39388,2557045,,a170b16a537aa2561e9ba60b1128a5fc57de5d56f0b78dd3b8f1e709cd268ba7,drat-trim,1.1,True,31.3,22:45:56,
133,0,14,1,600.0,UNSAT,0.6,14830,1164208,,5c63885c8f1125550d6ef64ae3182a231698ab6ad53ee2a1ad9a9d0e3319a7a8,drat-trim,0.5,True,31.6,22:45:57,
136,0,14,1,600.0,UNSAT,0.5,10526,677249,,442b9fad26eb14c5fc8885f5d0818c6c5bf673b9e3ee8c484bfcb1b538200014,drat-trim,0.3,True,31.6,22:45:57,
137,0,14,1,600.0,UNSAT,0.5,12636,851271,,b5a500bf41a4af84efc3fd56c56fb69da94226623f6576157841921baf552054,drat-trim,0.4,True,31.8,22:45:57,
134,0,14,1,600.0,UNSAT,0.6,14405,860159,,35d987bbdd12871b8105d5cb522d93fa55bfb6a57905d783a5404841e6c8a624,drat-trim,0.4,True,31.8,22:45:57,
132,0,14,1,600.0,UNSAT,1.0,23665,1797967,,6f69d9ad659cbd6c2106638394f6954ce0a33713cbf19fa1ddf36aa0fb8a22fe,drat-trim,0.6,True,31.9,22:45:57,
140,0,14,1,600.0,UNSAT,0.7,15574,1170630,,afc5bce17cbd2d65fd31b1265df012b93c147e7bc566ad0bbd95df2f4cee0866,drat-trim,0.4,True,32.3,22:45:57,
125,0,14,1,600.0,UNSAT,1.8,41440,2822264,,6c4af500b85e817c4860dd8ca00a996ff10c4aee971229bc6f919276e68eddc1,drat-trim,1.2,True,32.5,22:45:57,
135,0,14,1,600.0,UNSAT,1.1,27413,1838249,,aba8a980c0bfe3b4416841dfabca89afada45154a093b1907bd8e8ca121f1436,drat-trim,0.7,True,32.6,22:45:58,
138,0,14,1,600.0,UNSAT,1.2,27734,1937708,,64e272854bca4698bfb77ddfea8adc4e543dd38d1737b015fcc735750468d11a,drat-trim,0.7,True,32.8,22:45:58,
139,0,14,1,600.0,UNSAT,1.2,28343,1981476,,f792376dd5d0142a2a43dc6ab258a31b01b8cdad9ad9134f65e929198512758f,drat-trim,0.7,True,32.9,22:45:58,
141,0,14,1,600.0,UNSAT,1.3,31710,2506718,,8856dc951b03ae1e47a94c89badbee7e2ec8809448772e16ff1e098d54d9f077,drat-trim,0.7,True,33.4,22:45:58,
144,0,14,1,600.0,UNSAT,1.0,28228,1910122,,89f8786496c98930cd346b0e792aafa870f04eaff08f1d0fb4ba933c3fa56124,drat-trim,0.7,True,33.5,22:45:58,
123,0,14,1,600.0,UNSAT,2.6,64450,4353372,,9935e848812edbcb6944e2f263f459e8f96f030312d1a665bc291874bc003e41,drat-trim,1.7,True,33.7,22:45:59,
146,0,14,1,600.0,UNSAT,1.1,27130,1929576,,1c80926c52e47251b2e39f483849e458faa3336f59c8cfa019e90d9c4a100e62,drat-trim,0.7,True,33.7,22:45:59,
147,0,14,1,600.0,UNSAT,1.0,25801,1843879,,dcf9705ca3e55e2c4dc6b0a6dc54f990c0556a24c5c0b0a58dffd2172d66de6e,drat-trim,0.6,True,34.0,22:45:59,
154,0,14,1,600.0,UNSAT,0.3,7182,472436,,0381ecae2f67c2072453469d2ec99a26355806ec3978c1a9b74a5500e203158d,drat-trim,0.2,True,34.2,22:45:59,
145,0,14,1,600.0,UNSAT,1.5,41150,2670618,,7e3c76eb45be2871f68dfc055c96b10ad15914eb19ce8a5a5c2fcaae7130f852,drat-trim,1.0,True,34.2,22:45:59,
155,0,14,1,600.0,UNSAT,0.3,8108,462106,,c80fc0d5b744acc6a926e18fb76706c32d6ce3d2841b1d9ae6c14c1f380b6093,drat-trim,0.2,True,34.3,22:45:59,
126,0,14,1,600.0,UNSAT,3.0,74856,5127408,,bbbc00ac98d63b0a4235915f51b91c1a9635211a1b98f5c398ae6aec9c682d41,drat-trim,2.0,True,34.6,22:46:00,
152,0,14,1,600.0,UNSAT,0.9,23259,1499352,,03a256db1210a92cdc736c6de6eb28400f6b50fca57fb94479f46b5d6fa16cd5,drat-trim,0.6,True,34.8,22:46:00,
153,0,14,1,600.0,UNSAT,0.8,19235,1487508,,8d774dde8256e5d1dae1f246ee00b86cf80148c41d15277325f3c4db8641cef5,drat-trim,0.6,True,34.9,22:46:00,
143,0,14,1,600.0,UNSAT,2.2,54704,3847390,,4f6e2793d290f92171fb8914cda619869c6f4915cb3091ad5f1319b7a03c1972,drat-trim,1.6,True,35.4,22:46:00,
156,0,14,1,600.0,UNSAT,1.2,28128,1991324,,853680a41711f1a980d4f018a7ff3e03d09b12090fc9de71c87bf1c1dd9a5de8,drat-trim,0.7,True,35.8,22:46:01,
149,0,14,1,600.0,UNSAT,1.9,46612,3085791,,338348ba16cac50b559e17e53bbfde9dee2af02df828b0ff3f6ba00be94c0f18,drat-trim,1.4,True,35.9,22:46:01,
142,0,14,1,600.0,UNSAT,2.6,67992,4578061,,8fd65a13342e79140f9f09eacf8d458f80fd57c3a348ff99768fc1280aabab5b,drat-trim,1.9,True,36.1,22:46:01,
127,0,14,1,600.0,UNSAT,3.7,87321,6077232,,dac0d724563d963a79e990c9e67328d61cef4b96ea67950ac0bdc2e302a4a070,drat-trim,2.9,True,36.5,22:46:01,
157,0,14,1,600.0,UNSAT,1.7,40943,2807562,,662a31e2977a31478861efa313821f59eb13ed09d6384c5867e3f357d63426d7,drat-trim,1.1,True,37.0,22:46:02,
148,0,14,1,600.0,UNSAT,2.6,66833,4451456,,36a176c5cbff252b9da0b814a5f89a7f8099974406e15e3fc52c4fefdf6e0efc,drat-trim,1.9,True,37.1,22:46:02,
161,0,14,1,600.0,UNSAT,1.8,47173,3161191,,eed2e30288183f7ae161ff77e5a51e4c75480b6d751a8e5e87389472e27dd80b,drat-trim,1.2,True,37.9,22:46:03,
160,0,14,1,600.0,UNSAT,2.5,61337,4116067,,8260e160446014ed84b7729af9fa171a2c2546f8faf23027b749a4efe976bef4,drat-trim,1.6,True,38.6,22:46:04,
162,0,14,1,600.0,UNSAT,2.5,60667,4405828,,cd0ffbb923bbba7f484994df69b37db99e45276fc5ff30ff92892fb9aeb679e5,drat-trim,1.7,True,39.1,22:46:04,
158,0,14,1,600.0,UNSAT,2.8,70432,4881896,,a49e88f6726c26a883cf511e02f29f470534ad96fa171c0e22becb5af818707b,drat-trim,2.1,True,39.1,22:46:04,
159,0,14,1,600.0,UNSAT,3.1,69698,5208890,,c502a22fa54ba2f00fedcdddc21bc373289023e7f2fd7f9c1f281e3d3067aefa,drat-trim,2.2,True,39.5,22:46:04,
168,0,14,1,600.0,UNSAT,1.8,41732,3059025,,b0a5eb58a4d5c4c31856970c2a37c97f48c34ce7a6b29be6f15ee4e7e4600a24,drat-trim,1.3,True,40.1,22:46:05,
164,0,14,1,600.0,UNSAT,2.6,62868,4378989,,ae36257a99bba66a135d9da2033138cb564fe9598fb998b8c517e4a631bfcf72,drat-trim,1.9,True,40.3,22:46:05,
166,0,14,1,600.0,UNSAT,3.0,73073,5081304,,c6305e62706ec34cff3e180df89d3fec94df709a7051ffbdd93ab6c377bbb423,drat-trim,2.3,True,41.4,22:46:06,
150,0,14,1,600.0,UNSAT,4.9,118173,7880790,,37cf04eb6a157f4fa90d4134b9e8ae8eb8068d5340ed8ea32182a877e0714710,drat-trim,3.8,True,41.6,22:46:07,
163,0,14,1,600.0,UNSAT,3.5,85156,5677249,,f9f86cd6c41110a721b7d643424276c653af6947215b5bbf264c5d13d5be97d3,drat-trim,2.9,True,41.9,22:46:07,
172,0,14,1,600.0,UNSAT,2.1,49393,3600174,,c4048d7c3bc4cba17a44fdada9b89ad272210c8af0fa72ddb431ca95c4ea4ca7,drat-trim,1.4,True,42.6,22:46:08,
170,0,14,1,600.0,UNSAT,2.9,68473,5083323,,6fea39ba04deef1a47996f5eda6933d24abe640d0df06f86add579143a85f0ae,drat-trim,2.3,True,43.2,22:46:08,
151,0,14,1,600.0,UNSAT,6.0,133803,9368866,,5fa15b72bd04fb3267f2a11240788e93a1db1e55aabaeec8e0bdc0f1bf6969ea,drat-trim,4.6,True,43.5,22:46:08,
169,0,14,1,600.0,UNSAT,3.6,84169,5640680,,38a8a1e94c673d06cd094e786e7ff318455a3286ff80a709013f72c479e58272,drat-trim,3.1,True,43.8,22:46:09,
165,0,14,1,600.0,UNSAT,4.6,97364,7038707,,f0d0865b0c1f1622d1586865432682c0957fd9239db3f60dc5b977459f4ab9fe,drat-trim,3.7,True,44.1,22:46:09,
167,0,14,1,600.0,UNSAT,4.3,96030,6690938,,27e1158c566e8859bcde3df109f34acdf7a3c7ef1182fbd576e8af1de1b5433a,drat-trim,3.7,True,44.5,22:46:09,
176,0,14,1,600.0,UNSAT,2.8,64887,4512543,,cce759b7d9e76c2561c43628062778bacd3b9d3bbb6584364fcf16a39d733c53,drat-trim,1.8,True,44.9,22:46:10,
177,0,14,1,600.0,UNSAT,2.7,68088,4811351,,4dffdd0ba007628b7496b480c7f190b4050be629b76d63f26ba34449c7d98927,drat-trim,2.3,True,46.5,22:46:11,
173,0,14,1,600.0,UNSAT,3.9,89307,6254169,,1ef72f9d6573946df25aa2a24856ba13da312c76304fb08d95ba8e0e9620d6f1,drat-trim,3.4,True,46.5,22:46:11,
174,0,14,1,600.0,UNSAT,4.1,90496,6212134,,92a3ae41144032b5dc8c158865bc39e2f1e21abbf0fade7c77e99f09c85f2f20,drat-trim,3.6,True,47.1,22:46:12,
171,0,14,1,600.0,UNSAT,4.9,102993,7620156,,c2d1cefc80fc05631439f53e17837186d69f58415d058f9096f31c8dd7f09de1,drat-trim,4.7,True,48.2,22:46:13,
178,0,14,1,600.0,UNSAT,4.0,90624,6368384,,fa7490e947fcfa3d5c4457d80243297d25d3a682ff37374c141bd1afbfb1f95f,drat-trim,3.7,True,49.3,22:46:14,
182,0,14,1,600.0,UNSAT,3.4,72126,5259364,,8869bc8d32787fbd05c6c9daaaed3ee08ac51760a67a36ae4d1b93e93dc2b5f8,drat-trim,2.7,True,49.6,22:46:15,
180,0,14,1,600.0,UNSAT,4.1,88570,5982607,,ec87e410c77fa901b4aec8af224dc9e9de993418c920758565a25c131d2809d7,drat-trim,3.3,True,50.0,22:46:15,
184,0,14,1,600.0,UNSAT,4.1,81755,5770932,,6d8cf302d90dc24b7b75014893aac794ccb1abd9691af7dbc16331bbb3b07cf8,drat-trim,2.7,True,50.9,22:46:16,
188,0,14,1,600.0,UNSAT,2.7,65907,4295234,,c996dce9d612079e4f979b43feb60b8dc4aee84deb766cbb736d3fd1de3e83a1,drat-trim,1.9,True,51.1,22:46:16,
186,0,14,1,600.0,UNSAT,4.0,87980,5837360,,5dc8829f464aa8ed47229506fca55b1cdd9a2e85ec1869c892e0484c4abe0752,drat-trim,2.9,True,51.8,22:46:17,
192,0,14,1,600.0,UNSAT,1.5,40145,2635628,,c8627faaa4041a1ee0d2b56908308de4ea39ed65dc2df42b9e340ca3b07e0cf7,drat-trim,0.9,True,52.0,22:46:17,
194,0,14,1,600.0,UNSAT,0.9,19668,1550791,,fa1c6d8d08c7af5a843d8329d72456dca85fe2e8725504160528254063f42e86,drat-trim,0.6,True,52.3,22:46:17,
195,0,14,1,600.0,UNSAT,0.7,18179,1489190,,9444549d998401487284386ccd1c65e7437562ecd8a25f6ecfb548ddc3d62b4f,drat-trim,0.6,True,52.4,22:46:17,
179,0,14,1,600.0,UNSAT,5.8,121504,8396162,,dbfbcb659c86cee89e3b8ba853bd24dd0902c555b932377311d39cf648a6b1b8,drat-trim,4.9,True,52.5,22:46:17,
193,0,14,1,600.0,UNSAT,1.6,43317,2870612,,da81364551ba5757e617ca114bf0b3588e80d879730c136304c62f3b4d711304,drat-trim,1.1,True,52.8,22:46:18,
190,0,14,1,600.0,UNSAT,3.1,70763,5096469,,b23b06ff17dfcd8d2b1946dc93158dba3cc5a8f3d7fda71a0c3412aa7a5c16df,drat-trim,2.4,True,53.8,22:46:19,
175,0,14,1,600.0,UNSAT,8.1,165424,11395861,,df1a1131c6f22e6fdbe1f4c28cf2bc29b81313a470bb9d4b4c6692eba184c29f,drat-trim,6.1,True,54.4,22:46:19,
183,0,14,1,600.0,UNSAT,6.5,132402,9286705,,70d163d7494eee841d4adb4b45f48cda18152bd995647e4745ec5dd628748289,drat-trim,5.5,True,55.8,22:46:21,
201,0,14,1,600.0,UNSAT,1.8,45096,2994768,,4779eb2a43ab9b1727a701e7050f5ebb6a8d5ea3071ddacea2f8d39237cb176a,drat-trim,1.4,True,56.0,22:46:21,
196,0,14,1,600.0,UNSAT,2.4,58079,3812843,,cff117f4ce535d2eaa85bae990aed7a98ce882970bdaaffb87cfb031d73889b6,drat-trim,1.8,True,56.0,22:46:21,
181,0,14,1,600.0,UNSAT,6.8,138066,9693040,,d0f8515ed2d5f1e8032b9e46baf248b0572b00f6d62ea858a15911e807e40ff2,drat-trim,6.1,True,56.2,22:46:21,
200,0,14,1,600.0,UNSAT,2.3,59109,4017014,,e49a39bb2a7339000f8b2e2257d9b34e760077cd063050299a12c6f423646916,drat-trim,1.7,True,56.5,22:46:21,
208,0,14,1,600.0,UNSAT,0.6,14741,1203244,,db7b4ad2d73e9bf7606abe00d694a01dd28ce2b657d7c903a17a46c09f701fd7,drat-trim,0.4,True,57.6,22:46:23,
205,0,14,1,600.0,UNSAT,1.0,23010,1621307,,3e4285a9cd6c570cab4994da3e6f7cb933d50681190eca74e538e6f7dfb6c0a1,drat-trim,0.7,True,57.6,22:46:23,
204,0,14,1,600.0,UNSAT,1.1,27869,1828133,,3eb1ba856bc141b68888af0f2533a5417f04d5b6ae4fb9955117eb95dd9369c5,drat-trim,0.8,True,57.9,22:46:23,
202,0,14,1,600.0,UNSAT,2.5,58652,4197487,,93854386e11a959eb3e470ca10cf6af56059a258a0532f43a27a5963711ef487,drat-trim,1.9,True,58.2,22:46:23,
187,0,14,1,600.0,UNSAT,6.5,133722,9788090,,9762590c55f959094474195309453b167b3ad6c6c10e75c9bdce2e4c92051f97,drat-trim,5.7,True,58.7,22:46:24,
197,0,14,1,600.0,UNSAT,3.9,91989,6423370,,a78d354ce04510500ceb136444c2490f38cfedb5e8d921e34ee637eba1b3836f,drat-trim,2.8,True,58.8,22:46:24,
198,0,14,1,600.0,UNSAT,3.8,93014,6470132,,cae9cbdbe31aadb259c131727e6e5bb3cdfcd17af0c25df4d0b728b50d88b3f1,drat-trim,3.0,True,59.1,22:46:24,
209,0,14,1,600.0,UNSAT,1.4,37449,2450518,,4b72ac70c3145c20a0f1efde6d5e3accede86cfeef881e585e87af2b4b702319,drat-trim,0.7,True,59.6,22:46:25,
210,0,14,1,600.0,UNSAT,1.6,43574,2773858,,f0ff834081cd22cb2689521c16743fcb24eab2f5392ce885fe737f7ee270af55,drat-trim,1.1,True,60.2,22:46:25,
211,0,14,1,600.0,UNSAT,1.5,39050,2698489,,18c981202a7a5c453fc369f611ecb6323baff012c7b4fd65a6c2c47d0ca3308f,drat-trim,0.9,True,60.3,22:46:25,
207,0,14,1,600.0,UNSAT,2.7,64874,4396240,,48fc33386312d45dffc409942754bf60810687602268cd8b7a10c9becf80fed7,drat-trim,2.1,True,61.0,22:46:26,
191,0,14,1,600.0,UNSAT,6.4,134086,9479181,,a4b2a8313ee64c6d7bf0e0a88f77d625b2f6169e3f3c211cb301c930a28b251a,drat-trim,6.0,True,62.0,22:46:27,
185,0,14,1,600.0,UNSAT,9.8,211705,14423269,,5e93a032f6e1a240bccb75dc6ccbeca55ded81e1a2dcb6e5a98ae99de81ce331,drat-trim,8.2,True,62.5,22:46:27,
199,0,14,1,600.0,UNSAT,5.7,133591,8960888,,f84bf20631f83f38efd344f01e4e354c8349f0d8fae5fcb658b259b3eed153d3,drat-trim,4.7,True,62.8,22:46:28,
216,0,14,1,600.0,UNSAT,1.9,49612,3692771,,7d33dbf450c69f9fd547e48fd7c19ab78c5000cbf5deef8204cbf25632e46aa3,drat-trim,1.6,True,63.1,22:46:28,
203,0,14,1,600.0,UNSAT,5.1,118620,8122682,,0edb073e86b954c3eb2bcc566a68af83129996e440e2c652d69e98eb100b97a5,drat-trim,4.4,True,63.9,22:46:29,
218,0,14,1,600.0,UNSAT,2.1,50388,3564091,,02de590ac6101dabbe7f86ebee011087dfaba50a60ed2809b7679663bc48b8a2,drat-trim,1.6,True,64.0,22:46:29,
213,0,14,1,600.0,UNSAT,3.0,74110,5044810,,f36ec03568c3b7fa15b3aafeae7469c072bbf5a376c19e0eea169a2943228f33,drat-trim,2.3,True,64.0,22:46:29,
212,0,14,1,600.0,UNSAT,3.3,82056,5456765,,f9e2045a4b158225b311415bcf75a1e7549b5ce8bd68849ed5818f43e61793bd,drat-trim,2.6,True,64.1,22:46:29,
206,0,14,1,600.0,UNSAT,4.7,107293,7285256,,911edaad37746fd8c33ca93e8dd0fd54de33cb753b478f6a679afe9840bca709,drat-trim,4.1,True,64.8,22:46:30,
217,0,14,1,600.0,UNSAT,2.6,64581,4233283,,68bcc510f0071c8b5e4feaf34cabe415272fd9150ad20060919bdea885e502a0,drat-trim,2.1,True,64.9,22:46:30,
220,0,14,1,600.0,UNSAT,2.2,52547,3510741,,00383a1d4638c0755ba64c44ff70fff16dea08d6862b057e7ebe43a09d08f86c,drat-trim,1.4,True,65.6,22:46:31,
214,0,14,1,600.0,UNSAT,3.8,91089,5734644,,7a9d7d1f0e375f2b1185407622e081a605beb8bb061fd7c0a09dfbe21b30f823,drat-trim,3.2,True,65.7,22:46:31,
215,0,14,1,600.0,UNSAT,4.0,91640,5988935,,d16efab3e4e5586de52a06dceb8362762d3394b4bda2cbe3b705d87025de8624,drat-trim,3.6,True,66.8,22:46:32,
221,0,14,1,600.0,UNSAT,2.8,65396,4006158,,3a49599cc57272077cd072140993973369576e30ee9c76ef51cedae03e6174a1,drat-trim,2.1,True,67.4,22:46:32,
189,0,14,1,600.0,UNSAT,10.7,227556,16148105,,758009cbaac6a79812fc1a015b1beb76c3d0cf9ca0234d1347ee15c922a0e8bb,drat-trim,9.9,True,67.8,22:46:33,
224,0,14,1,600.0,UNSAT,2.6,57385,3705950,,76b592cc18400a581c997be6d12a7e7866d12f23f3444af4b9afa05031e60c99,drat-trim,1.8,True,68.2,22:46:33,
219,0,14,1,600.0,UNSAT,4.1,87163,6236006,,d1bc8513b37b4bd6a1bc2c3600f9fe5bf248cf20046d93a3e280fd59531a6b85,drat-trim,3.6,True,68.9,22:46:34,
226,0,14,1,600.0,UNSAT,3.1,63159,4440559,,6ea5aaf4a6efa1556d60848bee34a30884f5f593e5f6eb6ca8febf75720e8030,drat-trim,1.9,True,69.0,22:46:34,
228,0,14,1,600.0,UNSAT,3.1,67167,4164081,,21d92612e1db1c9fb4fe865eaa07233a888127db4dd7adc3be2baaf0fc4441c6,drat-trim,2.0,True,69.9,22:46:35,
222,0,14,1,600.0,UNSAT,4.3,91375,6152162,,2e0c637cc91084ed1dc2e96710bcaaae9036ab4761f332cccbbc06468af32c50,drat-trim,2.8,True,69.9,22:46:35,
223,0,14,1,600.0,UNSAT,4.2,89466,6052488,,0a88fb243ea09125e4ccbf64db6030cca84721c4a4fefce3456eac581f3a1c12,drat-trim,2.9,True,70.3,22:46:35,
232,0,14,1,600.0,UNSAT,2.3,61053,3669331,,97c69270fb75b3b0aabaf650137e562a4ff5abc0e662a7305289666c9a588527,drat-trim,1.6,True,70.9,22:46:36,
233,0,14,1,600.0,UNSAT,2.2,58162,3586503,,36972330359866d9986e1fb81e3be5cd6f4738f19c5a804f749e2cf73413a944,drat-trim,1.6,True,71.2,22:46:36,
230,0,14,1,600.0,UNSAT,3.4,72004,4928440,,a7ad780c18997078b0654967b40e6435531f999d3f15805a021379738252a111,drat-trim,2.3,True,71.3,22:46:36,
236,0,14,1,600.0,UNSAT,1.5,38358,2636674,,1d39fd2fd926a80ba620cc60401015f562368db2a47c9299b0fff18f33fb5470,drat-trim,0.9,True,71.3,22:46:36,
229,0,14,1,600.0,UNSAT,3.7,82141,5952000,,8caa156ed23e9ee7b55eaad8e9c04848c4f399123402cc6aa51c6e6be56029ed,drat-trim,2.7,True,71.3,22:46:36,
241,0,14,1,600.0,UNSAT,0.9,23612,1664691,,5bc6e2b4f06ac68256d12c2562196673dcdaa715183798c1128517566bfee706,drat-trim,0.6,True,72.4,22:46:37,
240,0,14,1,600.0,UNSAT,1.5,35259,2383713,,b035aadf0886c53fef3ac26d856aeadcf9ba454195a2059a3646aace0c116d7e,drat-trim,0.7,True,72.6,22:46:38,
225,0,14,1,600.0,UNSAT,4.9,96315,6774014,,f50227806129e70e3321e90a3ca6f13ff0738df9b4ce3c8ea2e6c51d0fa655a9,drat-trim,3.6,True,72.6,22:46:38,
237,0,14,1,600.0,UNSAT,2.3,62932,4059650,,7b5731458045ca9efd2f9bd56f62c19efbe3854d621b79f3e86e28331ec27648,drat-trim,1.7,True,73.0,22:46:38,
235,0,14,1,600.0,UNSAT,3.0,71890,4850947,,f1b576a1cb22f92caf0e6be8ee9685b0f04d6ad9238bf31e587fe71c4ca17ae0,drat-trim,2.5,True,73.7,22:46:39,
245,0,14,1,600.0,UNSAT,1.5,39941,2586359,,3aeb5e31a7d8174c89a69f9e88a4647ee04286d25739b116c9bfbacc5bae54de,drat-trim,0.9,True,73.7,22:46:39,
231,0,14,1,600.0,UNSAT,4.7,93716,7173563,,861e14c7979aaa2910b64a29461b56db5d0ab373578582f6b241784d5026d7ad,drat-trim,3.4,True,73.8,22:46:39,
234,0,14,1,600.0,UNSAT,3.5,90319,5811316,,7998ef182543a62c84a6bc98e8fa865901ba860a837dc41e79cd20e3b501cae1,drat-trim,2.5,True,73.9,22:46:39,
244,0,14,1,600.0,UNSAT,1.7,44789,2855328,,5b528460ddfa49cb2c2221766b18e846a0df782ef24868d21b428580456d1e20,drat-trim,1.3,True,74.3,22:46:39,
249,0,14,1,600.0,UNSAT,1.1,25752,1750607,,af1328ac2ef8e4b5c1adab2683f067fc85e4a8cb2954d1668d35486e58f4ec8d,drat-trim,0.7,True,74.7,22:46:40,
238,0,14,1,600.0,UNSAT,2.8,68930,5034691,,0e68428b834c017b1ac0b084614409abb54540186953405700e5c89423c0ce0a,drat-trim,2.1,True,74.8,22:46:40,
248,0,14,1,600.0,UNSAT,1.6,43391,2641210,,d5102272073372a0b252ac6bbc5f12e85c1727512e665f986eeeb088c7b598e5,drat-trim,1.1,True,75.3,22:46:40,
239,0,14,1,600.0,UNSAT,3.2,78400,5283987,,430e0f7e7fcbf94fb46192427e74513f587d4ae9f20c43b269a0f01dad99b13f,drat-trim,2.5,True,75.6,22:46:41,
252,0,14,1,600.0,UNSAT,1.1,29211,2159455,,ca3d5d5d6ba78759308249d4f05cd2742769bc61e54bed271fffd7c0fd74cf3d,drat-trim,0.8,True,75.8,22:46:41,
243,0,14,1,600.0,UNSAT,2.7,68027,4738022,,d5a1cbdab3ca1b04da3476e9e2b4312419a8690d9c96df150d8001cdd42aaa18,drat-trim,2.0,True,76.0,22:46:41,
256,0,14,1,600.0,UNSAT,0.7,16781,1401958,,2370d5e26de23f44aa8b78655f1c1ee658b93703c1392b9b7ec1c5a9bd40ee1e,drat-trim,0.6,True,76.1,22:46:41,
257,0,14,1,600.0,UNSAT,0.7,14775,1255987,,3991ebf1713ae5cdc97e9bfd4fb4481c4dbcf4e9b8a0e47db3c8dbc17592ee8d,drat-trim,0.5,True,76.5,22:46:41,
242,0,14,1,600.0,UNSAT,3.4,83465,5631006,,78c44cf83c1e570613875e05d85bb8c61cc3143c71afa744f3db154c97534eed,drat-trim,2.4,True,77.0,22:46:42,
246,0,14,1,600.0,UNSAT,2.7,64844,4441156,,7fbd332c8620d5db43f2edb6cbaf3c79b3e68ccc0794af502c031420ca054509,drat-trim,1.9,True,77.1,22:46:42,
261,0,14,1,600.0,UNSAT,0.9,18309,1589409,,7a61f1bd67c99013c1bba6069f043779b488eb3839ba0d5e59b0694eada6b385,drat-trim,0.6,True,77.5,22:46:42,
253,0,14,1,600.0,UNSAT,2.3,59123,4051578,,ed3cd1b526366fecdb30bf02db03ac6d518de9409995fc31aa9ebdc8b8e224c9,drat-trim,1.5,True,77.6,22:46:43,
260,0,14,1,600.0,UNSAT,1.0,21851,1675844,,57f5f46a4f3a78f5ccaa8011c1a4b17d734d86a260545ff2fd343e368674e40e,drat-trim,0.7,True,77.8,22:46:43,
247,0,14,1,600.0,UNSAT,4.0,92913,6666816,,04234a190644192ba12de5bdbc70b9e4d3dfbd855f22b2e43490db426bfd37e6,drat-trim,2.9,True,79.5,22:46:44,
250,0,14,1,600.0,UNSAT,3.3,77465,5205252,,636ad4464e1a64903e91a44980cfad1dd421e017ab1bac01a470541183a027b5,drat-trim,2.5,True,79.5,22:46:44,
251,0,14,1,600.0,UNSAT,3.5,84455,5519187,,f50b3c9594e965f9a41774119ca424569afcc11911f2d7d528ef6821aa3a0277,drat-trim,2.9,True,80.2,22:46:45,
264,0,14,1,600.0,UNSAT,1.8,47021,3279053,,1ac2115c3406e6a059767ff1869ca24273473712588340de7c2e9237e75fd6e1,drat-trim,1.2,True,80.2,22:46:45,
227,0,14,1,600.0,UNSAT,9.3,180391,12805851,,43e4f6f1d122e8a355c65898ef1bdfba51a7d43f726429108305044e599c352c,drat-trim,7.7,True,81.0,22:46:46,
259,0,14,1,600.0,UNSAT,3.1,74653,5394179,,a45de2e963ef14889ea94815b0446919ede58e810e772961f89fe8fd5984d490,drat-trim,2.2,True,81.1,22:46:46,
258,0,14,1,600.0,UNSAT,3.3,77522,5642126,,f5d06285d6af184656db1caaeb235540b2f7206871c79b6517e869d9f1f86c88,drat-trim,2.6,True,81.6,22:46:47,
255,0,14,1,600.0,UNSAT,3.9,92292,6223484,,b4d8f59a608d913eae2a1ea180e34182d6bdac1d498b698cdd1b46c0459b2cf8,drat-trim,3.0,True,81.7,22:46:47,
272,0,14,1,600.0,UNSAT,0.7,15779,1237294,,711249cbb3a5f3f1b6b585c8c829fe708fb6c14e91685b8051dfd115670cd8c0,drat-trim,0.5,True,82.2,22:46:47,
273,0,14,1,600.0,UNSAT,0.7,16459,1308078,,f70a48062c42b5e715d5178994ae4a2814b82af31b4b145eaf4a88eda8d50cd3,drat-trim,0.5,True,82.3,22:46:47,
265,0,14,1,600.0,UNSAT,2.8,69264,5017085,,4fe699285614d76abe9698b363ac69e2e20a07c7809192221beb012e2eb1b8ba,drat-trim,2.1,True,82.4,22:46:47,
267,0,14,1,600.0,UNSAT,3.1,70591,4954964,,33d0decce9256bb7cdd9bf830f3cae2224850a5121352b150e1ce8f38bb96121,drat-trim,2.0,True,82.9,22:46:48,
262,0,14,1,600.0,UNSAT,3.5,84717,5966462,,d5d2c636542181043a8a823861ed41c7de6970db6ca6edfdeff98faec93d0641,drat-trim,3.0,True,83.0,22:46:48,
277,0,14,1,600.0,UNSAT,0.7,17291,1293698,,1d2dfc669d651d3a4e44976af154cfaa38cbfafe33f0d60664ef87e698963ba5,drat-trim,0.5,True,83.6,22:46:49,
266,0,14,1,600.0,UNSAT,3.3,85172,5789401,,131f22e590b99afe9fd431649ee079b843c1ba253736285495c42560f799548d,drat-trim,2.5,True,83.6,22:46:49,
276,0,14,1,600.0,UNSAT,0.9,21670,1645499,,35952ee6c65ca3f82ec5f81ef338d33f0831ce5ac303b7aece26adf4a540cd32,drat-trim,0.6,True,83.8,22:46:49,
263,0,14,1,600.0,UNSAT,3.8,89459,6377700,,17589542be6690f3e03382a7e922b3a2e8b52ad674c813a5683a4d95751ad6ac,drat-trim,3.1,True,83.9,22:46:49,
254,0,14,1,600.0,UNSAT,5.5,133565,8936119,,cd15ad9ddb56c4aa6a35b94009acdd4065ebee10ff0838b21806cf4b92d9ffe1,drat-trim,4.3,True,84.1,22:46:49,
268,0,14,1,600.0,UNSAT,3.8,93961,6233852,,3a90cb7a5f7e44b3771d77452c9fd664f808624c5137d40f97da53df749a24fb,drat-trim,2.8,True,86.0,22:46:51,
281,0,14,1,600.0,UNSAT,1.7,42382,3009288,,676f8f2f85fb1ae0d645ed3a8e08efaac22256bf7e24fc356bd9f783b974dc49,drat-trim,1.1,True,86.3,22:46:51,
274,0,14,1,600.0,UNSAT,2.8,66939,4433653,,fd1c5eb3285b387bb5e6417e5bbde755cebc85548679c8022ab9f696d14bb52f,drat-trim,2.2,True,86.5,22:46:52,
275,0,14,1,600.0,UNSAT,2.8,68998,4568692,,3a9b1ffc45113ab12c1d44b0f94c942ac749da3eee7f56de2d9d860aef729302,drat-trim,2.2,True,86.7,22:46:52,
270,0,14,1,600.0,UNSAT,4.2,99802,6768278,,faf4f512e3102cc130f9e1c625d9650de5cccbbfc1088d1b9d15b68846d243e5,drat-trim,3.2,True,87.6,22:46:53,
280,0,14,1,600.0,UNSAT,3.0,69457,5385932,,a88295e3403fa73cd30d6a4d99f025ef727e9608cafcec4574183e0f06b1fb82,drat-trim,2.1,True,88.2,22:46:53,
286,0,14,1,600.0,UNSAT,1.5,37270,2638927,,7238376017e2d176aba245445c89c8e4f0d599e3990d8e85497b304be9c7db9a,drat-trim,1.0,True,88.6,22:46:54,
278,0,14,1,600.0,UNSAT,3.4,77475,5524809,,6c0c424ef0736e6636f14a2218101aaa99cb06a42eaaffb3c3e4ab4ee8bf6fc3,drat-trim,2.8,True,88.6,22:46:54,
282,0,14,1,600.0,UNSAT,3.4,78361,5540538,,81d2b8072162b2202cbc1df92e11233f99960e6b37d84b654904a6a0af8a38d5,drat-trim,2.7,True,89.7,22:46:55,
289,0,14,1,600.0,UNSAT,2.1,50063,3418688,,5733a7362523b8d94b2361a9153ec8891d0aefae01d7f2798291ff914d35e7ce,drat-trim,1.7,True,90.4,22:46:55,
269,0,14,1,600.0,UNSAT,5.9,127419,9145729,,11ba55daed392832622f652488767b037c0b53dfc86e1fe03c60ee9ad58e56fc,drat-trim,5.7,True,91.1,22:46:56,
288,0,14,1,600.0,UNSAT,2.5,64323,4268092,,5f8b5fb6800fc46c4ebf1cc4e7bfcea72cd5132c10bbaf38ad6921add3f21b06,drat-trim,2.4,True,91.4,22:46:56,
283,0,14,1,600.0,UNSAT,3.9,93445,6330001,,fa1defbb283aa4dfc07c896b80a199eac1717bfbd7b6ea95053be78fd225cfdb,drat-trim,3.9,True,91.6,22:46:57,
279,0,14,1,600.0,UNSAT,4.5,101097,6694898,,fcc1ecd4c447b1b9c42cd5665dfcaa08883784da052edc8ba5a2512f5af7fb14,drat-trim,4.5,True,92.0,22:46:57,
284,0,14,1,600.0,UNSAT,4.4,102640,7235793,,72fc2d4dd42f8eba266d1fee1568f7a2acfe0baa1928dd2d7f252394c9c5dba4,drat-trim,4.6,True,92.9,22:46:58,
296,0,14,1,600.0,UNSAT,1.3,28120,1958522,,686a568f0a91233ffe968cd28dd3422c243fc5c2a534d8f97ea2169462384340,drat-trim,0.8,True,93.2,22:46:58,
292,0,14,1,600.0,UNSAT,3.1,66218,4408743,,fe50e685596bd39e41378a365e693434c1e513477ce566ad51eebfb02940b31f,drat-trim,2.4,True,94.1,22:46:59,
293,0,14,1,600.0,UNSAT,3.2,67044,4518699,,3d7830f6f511b142814a12e3ad0df0a7aca27e617dc374b947fd3cb8d3c7df7b,drat-trim,2.3,True,94.3,22:46:59,
297,0,14,1,600.0,UNSAT,1.8,39794,2731850,,03a93d48c5a5b250013007a7a84ace84ce19e6a54d8002acc6e97fc4a97ac897,drat-trim,1.3,True,94.6,22:47:00,
298,0,14,1,600.0,UNSAT,2.5,52723,3502544,,10747c6a3f480ff1bcc7c8a78a05fd8c982fca06c1574e8dfefd0dca8bd013c2,drat-trim,1.7,True,95.8,22:47:01,
290,0,14,1,600.0,UNSAT,5.0,98353,6648945,,416b5562fd334f722d35a2f60a84c765f637a9864a2c5713990af3f4bf952dbc,drat-trim,3.7,True,96.4,22:47:01,
304,0,14,1,600.0,UNSAT,1.0,25541,1778079,,847eb10b73ea269c6085d4e6675f68cc99d3728560b6db5033eadffba1f9cf4c,drat-trim,0.8,True,96.4,22:47:01,
301,0,14,1,600.0,UNSAT,2.8,63473,4449311,,bcbfb34e86e9a7ff0e9bc77b8d0081b59cefe2da1b7029445516d9f1b5701dcd,drat-trim,2.0,True,98.0,22:47:03,
271,0,14,1,600.0,UNSAT,8.8,185372,12794589,,ab03446da32c32e8557a49fa9597285b6314194f5b760f37a7d737ec23de051a,drat-trim,9.1,True,98.1,22:47:03,
300,0,14,1,600.0,UNSAT,3.1,69123,5034432,,8c6064716d8df31852714444c47cdc4ecc7159c937d2f0812cfd2af391e8859e,drat-trim,2.2,True,98.2,22:47:03,
291,0,14,1,600.0,UNSAT,6.0,112797,8090171,,0ffeec89350eafab58ab08d6ce5d0d9a7917e109a949aa09600225324cb520cd,drat-trim,4.5,True,98.8,22:47:04,
294,0,14,1,600.0,UNSAT,5.5,108724,7345058,,c0433984b5b5554a7103798299ad6081c305db8b6c85a25729ceebc1104194df,drat-trim,4.0,True,99.2,22:47:04,
305,0,14,1,600.0,UNSAT,2.0,47599,3267582,,3ecea17b1e083395aad67842455de0d9c16fec2e0190f5f8379402b62a29bafe,drat-trim,1.5,True,99.2,22:47:04,
285,0,14,1,600.0,UNSAT,8.5,159099,11456518,,1481fbc8f22697e283f41a5776c168f6523fa79731edb45b83f541e28aed5582,drat-trim,7.1,True,99.7,22:47:05,
308,0,14,1,600.0,UNSAT,1.1,25596,1757905,,ac3d7bbc20af23f4de7abd1b61463d1d41f83663e7d86ea5719b24a7fb8698db,drat-trim,0.7,True,99.8,22:47:05,
299,0,14,1,600.0,UNSAT,4.9,98762,7178960,,86ca8a21650940142b5773253601c34f2c90f3fb0a63f060fe2a7aa2f03929c4,drat-trim,3.6,True,100.4,22:47:05,
295,0,14,1,600.0,UNSAT,6.3,125942,8946966,,9068c5a883d71ac8f10811db7c55831a0c5d0a2d7f1d48957e23d34fd62dda1a,drat-trim,4.7,True,101.5,22:47:06,
306,0,14,1,600.0,UNSAT,3.4,80308,5404215,,3891c9cf0b68e58d8a0590b3faaaa22c873143092d0a848c4de18c74cf5634c8,drat-trim,2.6,True,102.5,22:47:07,
309,0,14,1,600.0,UNSAT,2.6,62540,4465399,,68e203ffec2d344ce44c59bd427b4e61b250314bdb04dd0a08ef7dc638f9e739,drat-trim,2.1,True,102.8,22:47:08,
310,0,14,1,600.0,UNSAT,3.0,68930,5399492,,af407216af13b4e8748b9afd2b50ecc98bc798e7fc921985634288ab51a25c30,drat-trim,2.3,True,103.6,22:47:09,
312,0,14,1,600.0,UNSAT,2.5,65198,4208086,,3725c2983b8f22ac41c0765cd909cfaf6cbebc775b0a12be9ca799a1636537fb,drat-trim,1.8,True,103.6,22:47:09,
302,0,14,1,600.0,UNSAT,5.2,114099,8259673,,6b528432cf24b3f827ae7a82618c81270090ee6812eab75a15ca14c669b05903,drat-trim,4.2,True,103.6,22:47:09,
320,0,14,1,600.0,UNSAT,0.3,7753,397535,,27b417268476e488cbaf559c83c791ce116f8bf76c3f2cccf8eb96fea886c302,drat-trim,0.3,True,104.1,22:47:09,
321,0,14,1,600.0,UNSAT,0.4,10034,692412,,7842f245eb2c9078e0ea43984d552c9451cdd9f0260f28005961a39ff1aa6479,drat-trim,0.3,True,104.3,22:47:09,
322,0,14,1,600.0,UNSAT,0.5,11286,708398,,c94b9cd7a1ec8b16f513c9684c4f8fb558baf772453a2e48cad320f002a8fc51,drat-trim,0.3,True,104.4,22:47:09,
323,0,14,1,600.0,UNSAT,0.6,14234,765254,,c88b210395daa09b3c8b204cc3d5546e164b53b6e10286adf2ed255bcb74d1c6,drat-trim,0.5,True,105.3,22:47:10,
313,0,14,1,600.0,UNSAT,3.7,91882,6160807,,69a272c2e5a497b217f50cee0192fc8858e044ea4d7bb14d073734869d80ecf2,drat-trim,3.1,True,106.0,22:47:11,
316,0,14,1,600.0,UNSAT,3.3,80886,5356616,,37d8e8d209c79a7096a43d8b19e8dfcd4a57695f0bbc6f02979cb18817e1ec6e,drat-trim,2.7,True,106.4,22:47:11,
307,0,14,1,600.0,UNSAT,5.4,121366,8688990,,927d41aa4401c29227eb02f0af38550ff11a33a96879b3ff1bc9bc9e60763910,drat-trim,4.7,True,106.5,22:47:11,
326,0,14,1,600.0,UNSAT,1.2,29357,2118157,,8446e56aa3275332b7d02a89eb4fd5cfefe20598e9f20035f14e567ab2e801c0,drat-trim,0.9,True,107.5,22:47:12,
314,0,14,1,600.0,UNSAT,4.3,98957,6889628,,257c9d173ad5c625802951af52e42013205a644218e595800cc2ff81449bee5b,drat-trim,3.5,True,107.7,22:47:13,
315,0,14,1,600.0,UNSAT,4.4,97412,6951833,,d39ab60618a1eff8c0ae34f328f31b394cbd720f748bca4eed86d466a5787594,drat-trim,3.5,True,107.8,22:47:13,
328,0,14,1,600.0,UNSAT,0.8,22766,1494722,,753ea0c8dc0a391d306945c428098f79c56bb5bb31c1186b9c5f7fb89b2c2f24,drat-trim,0.6,True,107.8,22:47:13,
287,0,14,1,600.0,UNSAT,11.8,220160,16117205,,f19f300d7cc261c10315a1008dadc4af4e4a260199f8bfbb44dbb2a441948a20,drat-trim,9.7,True,107.9,22:47:13,
325,0,14,1,600.0,UNSAT,2.3,55396,3726880,,e1a2d11e79894f9f4367783a82e5256e631c8e4862ef7f967a828edcc0643cac,drat-trim,1.4,True,108.1,22:47:13,
317,0,14,1,600.0,UNSAT,3.9,89140,6022414,,dedbb7aad93396fe6b265df4963352c135470e45036cf851e4400a62ec54effa,drat-trim,2.8,True,108.2,22:47:13,
324,0,14,1,600.0,UNSAT,2.5,60840,3950475,,522b07b584fd1621e9ea13ae82fcea8bcbdfb78e7094a9fe84dcf43a5e0fd985,drat-trim,1.7,True,108.5,22:47:13,
329,0,14,1,600.0,UNSAT,1.5,39756,2684454,,302b46e879125b95c9857d859521d3dcb66a374c552e5e67f4444d758ada6609,drat-trim,1.0,True,109.1,22:47:14,
327,0,14,1,600.0,UNSAT,1.7,44332,2850944,,5b5c0e1c2f2cfaf07c72009114840c8c43fe94e4a7e64200751036e0988aa4cf,drat-trim,1.3,True,109.1,22:47:14,
336,0,14,1,600.0,UNSAT,0.6,14607,1184250,,7fc57af17b545b6671292689740752964556a5603453ea87da7b6bc799d4cb64,drat-trim,0.5,True,109.3,22:47:14,
311,0,14,1,600.0,UNSAT,5.8,129499,9000509,,d8d6441efe18e191af2cc30818ebec88e75c66ba586e22a93421c4fa7aadb7d1,drat-trim,5.5,True,110.1,22:47:15,
330,0,14,1,600.0,UNSAT,1.6,44326,2842237,,9ad9f9c12441cff0a1ee0cbdb3b51d27e92321d5d3b0df75a096b033aad95c6d,drat-trim,1.0,True,110.2,22:47:15,
303,0,14,1,600.0,UNSAT,8.5,177842,12574017,,d3abe67584e7a9e6bb6cf30b11392bbc2ccfa4e882304e73d2cee38dd60cd55e,drat-trim,7.5,True,110.2,22:47:15,
339,0,14,1,600.0,UNSAT,0.9,19119,1507608,,c26ecfe5b7b0576bf5029ce846e27c6a5350faf36c18efef049ca7638ced9c2d,drat-trim,0.5,True,110.4,22:47:15,
318,0,14,1,600.0,UNSAT,4.6,101804,7314068,,7f3c045f294b92c992321581e9b2efc1d272589fe11b1ee7f96c29315038b859,drat-trim,3.6,True,110.6,22:47:16,
331,0,14,1,600.0,UNSAT,1.8,48432,3335842,,88012622a8a58e5e61244a9962d1ddbd3a31dd4199e3178b75589692c8757153,drat-trim,1.3,True,110.8,22:47:16,
338,0,14,1,600.0,UNSAT,1.1,27067,1758416,,dc74123593d91f38200e871fcec3e57875fad9d40913d8f6da5d4ce521c8db3c,drat-trim,0.7,True,110.9,22:47:16,
337,0,14,1,600.0,UNSAT,1.4,37882,2622815,,676d0cf82fce6721994fc3026745a98e0c85a4af23598248af31aadcf7a946a8,drat-trim,1.0,True,110.9,22:47:16,
344,0,14,1,600.0,UNSAT,1.0,22670,1695419,,e305558647326a54f80d26272ea33041fe50d3d036077dd34623cf321d4ed95f,drat-trim,0.7,True,112.3,22:47:17,
345,0,14,1,600.0,UNSAT,1.4,34190,2445347,,dcb17c0b48acaeb040cde615706308640ae3593bc742210232cfe00da7eefc97,drat-trim,1.1,True,113.1,22:47:18,
332,0,14,1,600.0,UNSAT,3.0,76355,4828126,,48ecc9f594b671ab4833cfda291276fc0b0a3689b641a49b38e5cae4eafbbb52,drat-trim,2.7,True,113.6,22:47:19,
333,0,14,1,600.0,UNSAT,3.1,79228,5037189,,01cba65504e5c7ac7f53484f2aa23c3220836da438c4344f3d410357ba19aa08,drat-trim,2.8,True,113.8,22:47:19,
347,0,14,1,600.0,UNSAT,1.9,44867,2836233,,605e567dcb4336a0b3f6b567e90efbccbc05bbbbc4860b82088673eeb9863cfb,drat-trim,1.4,True,114.1,22:47:19,
346,0,14,1,600.0,UNSAT,1.9,48177,2992822,,412e80498700dc5d7f69cb75bcad3bc3fe79fbd7b956d0079f8e7ab176d4f6b8,drat-trim,1.5,True,114.2,22:47:19,
319,0,14,1,600.0,UNSAT,5.9,123351,9214835,,44306d0443eb99d468ce778d6b0baf9baefded147f4ed586ecabf5f19f0b6ba4,drat-trim,5.7,True,114.4,22:47:19,
340,0,14,1,600.0,UNSAT,3.2,72749,4842021,,d465be58923b132263f73ec5381e20b456cda989442b1e89c96eab10bf628feb,drat-trim,2.3,True,114.8,22:47:20,
342,0,14,1,600.0,UNSAT,3.1,68378,4439482,,a47f51a0840a7647197300ad0e2bd23b0a52b1cd10cf5297c48e99025add51e3,drat-trim,2.5,True,115.8,22:47:21,
348,0,14,1,600.0,UNSAT,3.0,65524,4279154,,a6192befccc197fb3992860f977d13444a2251953fd2af1df73972ffd967f4bf,drat-trim,2.2,True,116.2,22:47:21,
334,0,14,1,600.0,UNSAT,4.7,103413,7049610,,10a11e39e81e9f853ec5ed43a96b41eff521f60b99dee92c2da29c0a226820b3,drat-trim,3.7,True,116.3,22:47:21,
341,0,14,1,600.0,UNSAT,3.7,71286,4861141,,f768a49441fab14f405c1566b3f490bc53d82518cb1b8c58e379bf32fb84ecf2,drat-trim,2.6,True,116.4,22:47:21,
343,0,14,1,600.0,UNSAT,3.5,77749,5206179,,4b04ec1a8b72a6657a232f30f139d3f5f87d0edbec5be2cd4d10aff7f6e7352f,drat-trim,2.9,True,116.6,22:47:22,
335,0,14,1,600.0,UNSAT,4.7,97010,6897434,,800f32c1c57f9a75b936edfc902eb766fb67f5af7a44a7ed01e7330305decd69,drat-trim,4.1,True,116.9,22:47:22,
353,0,14,1,600.0,UNSAT,1.9,42052,2853593,,4e43793cf2f5fc951d957d15019ff33c7bd488354a331486ed0ee6f92a4227c8,drat-trim,1.2,True,117.2,22:47:22,
352,0,14,1,600.0,UNSAT,2.4,50101,3673714,,0948afe0c4aad5bbead0c050686751a92de42c06ddfa20fe7138e11643a12b9e,drat-trim,1.5,True,117.6,22:47:23,
349,0,14,1,600.0,UNSAT,4.5,89711,5926042,,03b1c88ab4faba4f4fef24b498f875f1d7f5d64de6cbbd9a928926b5bf6420ff,drat-trim,2.7,True,119.5,22:47:24,
351,0,14,1,600.0,UNSAT,3.9,84690,5649927,,e68e888b367b7e24b83f1a9c436aed9784cb8b7c15602ec41e81ab0a0a7a3030,drat-trim,2.5,True,120.0,22:47:25,
356,0,14,1,600.0,UNSAT,3.1,69522,4899814,,ec981c7bb0bb20ee13ec8b92a2f2a40aa25fe8d350b23f3cb5d2cd7ec37603a1,drat-trim,2.1,True,120.0,22:47:25,
360,0,14,1,600.0,UNSAT,2.3,58580,4126522,,e0cd3b53e362ce4172efbeb77640e6c62c00ba2bd3055803c6737cae7815602f,drat-trim,1.5,True,120.3,22:47:25,
350,0,14,1,600.0,UNSAT,4.6,95502,6392752,,c6ec10b007dd3e74e5551eb6c9c4f770580e29dd5658f701444471c8619c17dc,drat-trim,3.0,True,120.8,22:47:26,
361,0,14,1,600.0,UNSAT,2.6,65341,4436114,,c29f91f2bfa67581d6a17231250c623302cca1a8fe60a3c0a46135fed39ff1d1,drat-trim,1.9,True,121.1,22:47:26,
354,0,14,1,600.0,UNSAT,4.0,85570,5657700,,d6697178e68f3c03ca9d7ea1a47f2b8866b87558e8488fd61988a9e72c47e314,drat-trim,2.9,True,121.2,22:47:26,
357,0,14,1,600.0,UNSAT,3.2,72422,4973162,,15b33fb28b0f45aac0f220945926f32f563d0f70651ea6e0048ad70699945eac,drat-trim,2.0,True,121.2,22:47:26,
365,0,14,1,600.0,UNSAT,2.5,63168,4290533,,9a006c9406e7512e5e4ab87e8373fb9ffb1d1f8ac516d705611c0a141c17bf92,drat-trim,1.9,True,123.9,22:47:29,
364,0,14,1,600.0,UNSAT,3.6,87470,5780397,,3fa1cb36b3d8b980863605f12814d820a0d6e2131a69887f3b6466af65988f09,drat-trim,2.7,True,124.0,22:47:29,
368,0,14,1,600.0,UNSAT,2.1,56662,3610153,,d485fba4d3b9ea9e3bb54777df60ef18ab6417e36b0eb20efbb0bd4eb4d4af86,drat-trim,1.7,True,124.1,22:47:29,
355,0,14,1,600.0,UNSAT,5.9,120369,8060248,,a5da63ec0f8f1ab365f99517933071558fd6e46ef558615085663db726bb1f9f,drat-trim,4.2,True,124.5,22:47:29,
369,0,14,1,600.0,UNSAT,2.3,59904,3937196,,aebb41bd33c7c5b950082b5028cf7b5090ef83e4e62e67b0c5786e55d3aa7e9d,drat-trim,1.7,True,124.8,22:47:30,
358,0,14,1,600.0,UNSAT,5.1,117120,8042669,,71521348b85b23b0822e319a9c7274b813014543136a8f09bf74aef92b0dc046,drat-trim,4.2,True,125.5,22:47:30,
362,0,14,1,600.0,UNSAT,4.8,113577,7808455,,1935d91ca4a5647cfac2931ad8124115b90dc85906a09b0082fcfe87aa9df76f,drat-trim,4.1,True,125.8,22:47:31,
363,0,14,1,600.0,UNSAT,4.6,112401,7432837,,c0ee73aaae43fa2dad7a1035738aaddcebe6342d92ffc28d18fea61e7e5831a2,drat-trim,3.9,True,125.8,22:47:31,
372,0,14,1,600.0,UNSAT,2.8,66369,4328287,,ca781625169f47c36a766e163fccec3c71ece3ba82b9336a09c729b8428cbbfd,drat-trim,1.9,True,125.9,22:47:31,
370,0,14,1,600.0,UNSAT,3.1,76292,5294153,,4f1a4e042f2024a4823ff8a38bf5c0289956b7b38d4bd6b8cdf794fec46adf13,drat-trim,2.2,True,126.5,22:47:31,
366,0,14,1,600.0,UNSAT,4.6,102347,7284919,,3e5c40e528b5ff7aab8ce2d5fa27e452b8ce59f15dec6458b711fb360367aa78,drat-trim,3.3,True,127.9,22:47:33,
373,0,14,1,600.0,UNSAT,2.4,59908,3878043,,e66713be924a751b25b06ce60a9fb9cc69d7b34c4731ce3cbb9df296c2e58545,drat-trim,1.8,True,128.1,22:47:33,
371,0,14,1,600.0,UNSAT,4.0,89224,6013685,,9bdb83cb9569b2f49cb068d66c1d1eda3d552be881efbb5e8fbd104a31b34d9d,drat-trim,3.0,True,128.3,22:47:33,
381,0,14,1,600.0,UNSAT,1.7,42555,3072146,,0ac2bcf1c241dac0e1f469130399bfc3d2959daa332084cf57279802556fb81d,drat-trim,1.1,True,128.7,22:47:34,
376,0,14,1,600.0,UNSAT,2.4,63305,4217929,,a735777d24a9ab35756051d435f3bd2c764e6bfeec11483cd3877848ea652238,drat-trim,1.8,True,128.7,22:47:34,
384,0,14,1,600.0,UNSAT,1.0,30153,1864943,,0044e8c40bf13842803ba93d856f865abc5ca69b983aaa28af71504c5b0384f0,drat-trim,0.8,True,129.9,22:47:35,
385,0,14,1,600.0,UNSAT,1.0,26322,1693809,,17212997af80e9e8ef2aa456e16dd5aabd039cd0741f2b31001c3eeb08d8a3b8,drat-trim,0.7,True,129.9,22:47:35,
377,0,14,1,600.0,UNSAT,3.0,69821,4993751,,01e3a97d8f4bc9e7ca1b103f278a44e3086e8bae6f097402bf976b7454319e56,drat-trim,2.2,True,129.9,22:47:35,
386,0,14,1,600.0,UNSAT,0.8,19431,1320158,,812cf5684c5ca73fad621e13bac854cda9ee9bd0ba4f3cb2e2ac4d093e765421,drat-trim,0.5,True,129.9,22:47:35,
380,0,14,1,600.0,UNSAT,2.4,63903,4266046,,4440e365a39641cac0d6b5cc84dd39c3934c2dab86576f9b5313da4917f39757,drat-trim,1.8,True,130.1,22:47:35,
387,0,14,1,600.0,UNSAT,0.9,26226,1615440,,5fd6b0af18ae2cb584a7e1f8b0f7b78534c823942adafe8955a32ccde0137146,drat-trim,0.6,True,130.2,22:47:35,
359,0,14,1,600.0,UNSAT,7.8,167448,11757579,,29a42a748714631a2df0d29557a948bc90defc7e585750e3dd2ee78665cefc3f,drat-trim,6.6,True,130.7,22:47:36,
374,0,14,1,600.0,UNSAT,4.3,98012,7122530,,5e2f2a188f86db9d86c0e3ffad5cf085861bc1994d7b99e9fc61a476744110b5,drat-trim,3.2,True,131.5,22:47:36,
393,0,14,1,600.0,UNSAT,1.0,27028,1836559,,41f0cd249dff8837855c5e7628bd5113e64606b1dce3ddc785636492d6ee2b6b,drat-trim,0.6,True,131.8,22:47:37,
392,0,14,1,600.0,UNSAT,1.0,28805,1784018,,c9fab053b0a2917a52fc65abacad08b757e5f9aeaacefb8c09ff2c822c5c85df,drat-trim,0.7,True,131.9,22:47:37,
394,0,14,1,600.0,UNSAT,0.8,18314,1392972,,c0c80e0a9d6cfd01eec7ecf623895b5ab25f94c1d2cef731facfaa19f0b7ca14,drat-trim,0.4,True,132.0,22:47:37,
390,0,14,1,600.0,UNSAT,1.5,42270,2782352,,f7694a9f9051558cbc3fe2d448e59206fa6c647d6f15d080148234f91b7bacc7,drat-trim,1.2,True,132.6,22:47:38,
389,0,14,1,600.0,UNSAT,1.6,45600,3042627,,c168cf2ad5f2eddcca57e94347e58ee26eee3d14171cb63ccbb4cd2e879cf6a1,drat-trim,1.2,True,132.8,22:47:38,
395,0,14,1,600.0,UNSAT,0.9,23913,1549965,,29d34348e90702b23512af85496b7644e80a41fdd8e7255248f8453f2ae855ab,drat-trim,0.6,True,133.0,22:47:38,
400,0,14,1,600.0,UNSAT,0.1,2884,223099,,38f691898b4bbb1014af69424d61a9fa0b174027028d5d8c875468afb897b948,drat-trim,0.1,True,133.1,22:47:38,
378,0,14,1,600.0,UNSAT,4.5,102420,7368387,,95992b740385ef20917b5bf6973bc6a6713ebe3c2e43c1139547ca352cb6242b,drat-trim,3.3,True,133.3,22:47:38,
401,0,14,1,600.0,UNSAT,0.2,5065,302685,,cabcbca6d1f94bbac6796ce3fd958e05c6adc07584e4ae32f1639ea17755de1b,drat-trim,0.2,True,133.4,22:47:38,
402,0,14,1,600.0,UNSAT,0.3,7379,515658,,4b3ec09b9210a8993ef5ba0f85a91bbab9218cebc634503323e3b5c45a166f58,drat-trim,0.2,True,133.6,22:47:39,
375,0,14,1,600.0,UNSAT,5.1,116650,8353849,,323d27634a26f5ca2f465fb44dc022285ff7436a6ea51c920e9f38fafb154087,drat-trim,4.4,True,133.6,22:47:39,
388,0,14,1,600.0,UNSAT,2.2,57418,3582140,,22e520914cf37fd25fbfddd71bb03a0cf9676fdb95f9552eb84fc6115556bf91,drat-trim,1.6,True,133.7,22:47:39,
367,0,14,1,600.0,UNSAT,7.6,160886,11299262,,fb582bac4abff38d4637fa40b0fef674dfb4e62f2bf957788f3a27674b82e054,drat-trim,6.1,True,133.8,22:47:39,
403,0,14,1,600.0,UNSAT,0.3,6856,359864,,9fc4a3a607152d64d44c05af4c14096ed9e79dec6b3d225ee94fd7d8d7f63c00,drat-trim,0.2,True,133.8,22:47:39,
391,0,14,1,600.0,UNSAT,2.4,64947,4108819,,1332e892e1e0df3fbb67a0ee59bc0adfbd243a28d48e438be72ab3676b2bcf7a,drat-trim,1.9,True,134.2,22:47:39,
405,0,14,1,600.0,UNSAT,0.7,14142,804490,,58cc3deb7ca6ce42b10032fb33dabfbf0b1baa9de84cd2ee175d4f618f4308a6,drat-trim,0.5,True,134.8,22:47:40,
404,0,14,1,600.0,UNSAT,0.8,17507,1319728,,328c23be909d2b5a2fd489419039dc46d1c5bbc74b453f80620bbe6291af2119,drat-trim,0.6,True,134.8,22:47:40,
397,0,14,1,600.0,UNSAT,1.6,44459,2909187,,f99840a81291c5475cc35fbbf1bf53d889ffc1615730f0673f9a79516becafec,drat-trim,1.4,True,134.9,22:47:40,
406,0,14,1,600.0,UNSAT,0.8,16923,1274480,,c660b72f9e28407f44698d8a932a6d4f7dc4a9c1f0373293b9de49c785708b4b,drat-trim,0.6,True,135.0,22:47:40,
382,0,14,1,600.0,UNSAT,4.7,107955,7524990,,e736d80ec09e0242926dedfe9ec2aa5b3278b27913545063f5f5aae3a0d9974d,drat-trim,3.9,True,135.2,22:47:40,
407,0,14,1,600.0,UNSAT,1.0,19226,1531886,,b27785630966e4a43309e8ca4af8ee25a9ebca5431c87b5571fb713ba3e9e4b1,drat-trim,0.6,True,135.3,22:47:40,
408,0,14,1,600.0,UNSAT,1.0,25496,1641715,,d519a4cd5d772e41c0197d8c21ea61a2640334060a5ef7e4e7b567f92f842c74,drat-trim,0.6,True,135.5,22:47:40,
410,0,14,1,600.0,UNSAT,0.8,18208,1326525,,edbf51071d4e03ff5c0ae4ff3bbe993ae1831d4141f9c79d03b6d906e62d84f9,drat-trim,0.5,True,135.5,22:47:40,
396,0,14,1,600.0,UNSAT,2.2,52506,3449476,,aef7b28c49dfddb3b2c5eca15125800d339e7b71b8979bb38095cacc49c1a661,drat-trim,1.6,True,135.7,22:47:41,
409,0,14,1,600.0,UNSAT,1.1,28167,1770609,,3d12b29945bcd7d9b64218a741edcc744d31349d2147d7833d918e0c9ab5d3e1,drat-trim,0.8,True,135.7,22:47:41,
398,0,14,1,600.0,UNSAT,2.4,60254,3687505,,59a9f47f7cb1fcf26c33b3a493e8ae7bfe39a1f75f8b21164f89603103c09091,drat-trim,2.0,True,136.3,22:47:41,
399,0,14,1,600.0,UNSAT,2.1,50410,3544956,,dae5e6e27c620550653a80f80dced1d2a794fb1a37cd9d4a7fdb89766f1dcf90,drat-trim,1.6,True,136.4,22:47:41,
411,0,14,1,600.0,UNSAT,1.1,27236,1675330,,270ec0519792598f3efc9b7e4c5cb4754c097e38fb0fc68f38043460a39a00ba,drat-trim,0.7,True,136.6,22:47:42,
379,0,14,1,600.0,UNSAT,5.8,126581,9136634,,8f68de8580a1707909bd35480f72775c73e159ae63aefe1dc197fa4bb936d872,drat-trim,5.1,True,136.8,22:47:42,
418,0,14,1,600.0,UNSAT,0.8,18216,1408137,,039ed7f7264c7aa895369e10520459cea592c47bc708cc535157d48d3624d300,drat-trim,0.5,True,136.8,22:47:42,
417,0,14,1,600.0,UNSAT,1.0,23721,1651295,,14d6e3c5e626953297edc2754819b394fa3794c3864455f1501890e666dbb071,drat-trim,0.6,True,137.1,22:47:42,
419,0,14,1,600.0,UNSAT,1.0,25968,1597439,,220cb5acc6b0b0f00fc0759b1bc91a64e3254e08bb231d29db16ddad7c152bf4,drat-trim,0.6,True,137.3,22:47:42,
416,0,14,1,600.0,UNSAT,1.4,33176,2196577,,b71e6ea61bed714fcee7cddce5d932dc0171cf80038f561f6cc08f2ed9aa0772,drat-trim,0.7,True,137.4,22:47:42,
425,0,14,1,600.0,UNSAT,0.7,15752,1170078,,ab30718bd3a4b7e06aed2be565669fede1cb3932fc3d7bcd08d0d08fe5931333,drat-trim,0.4,True,138.0,22:47:43,
383,0,14,1,600.0,UNSAT,5.3,122600,8342543,,e652bb84100285802634a54a8f5a9e827c136641b7b1824d590992e7a4f09373,drat-trim,4.9,True,138.1,22:47:43,
424,0,14,1,600.0,UNSAT,1.1,30813,2055670,,5eeab07eeac4e84630be879ad9847c3be51b0b478d3ffa7a7d5e4e8700714d47,drat-trim,0.7,True,138.5,22:47:44,
426,0,14,1,600.0,UNSAT,0.8,22572,1486619,,b015b2ff4f70f3cdb7fe3fdaf528ea8c8b62246e4c427d9d5c8f68b5d5f62992,drat-trim,0.6,True,138.6,22:47:44,
414,0,14,1,600.0,UNSAT,2.3,56827,3859107,,7508f3416c32a7739de467f674dc786a5817f299523e5e7ae15e795adf264f23,drat-trim,1.4,True,138.7,22:47:44,
413,0,14,1,600.0,UNSAT,2.5,58077,3731736,,517c346e673d1450ff22f9366fe34124e3bc659883892edc5f688a55c37f1fc9,drat-trim,1.6,True,139.0,22:47:44,
432,0,14,1,600.0,UNSAT,0.3,6605,379516,,66ad784937558f5c87877eefef7d71df2fccf740190cdba7cea27df4b3ce6c36,drat-trim,0.2,True,139.1,22:47:44,
433,0,14,1,600.0,UNSAT,0.3,6990,351543,,399c1a7d6673d11303a674fa0aab1a6ba9b78f454664114a848d46c9f5e9c7bf,drat-trim,0.2,True,139.3,22:47:44,
412,0,14,1,600.0,UNSAT,2.8,68604,4403164,,29963391c7f9f4a843bb6938acee0e8914bcea0ce723735c264c76eb8c754685,drat-trim,1.8,True,139.4,22:47:44,
427,0,14,1,600.0,UNSAT,1.4,39062,2436837,,64922e584e67d02fd65c57b46c0444618d577f16dad12697a3522cd182516ce4,drat-trim,0.9,True,139.5,22:47:44,
435,0,14,1,600.0,UNSAT,0.4,10228,742499,,3e7a59110a70201c3a7a3d96a012f79dada6d2bde108bbbe8e5efa9198d94780,drat-trim,0.3,True,139.9,22:47:45,
434,0,14,1,600.0,UNSAT,0.6,12856,866210,,4fb7b5587a47dea9429ac2c1d87147108741a039c8d6312a2bd939d0ffa38e9e,drat-trim,0.4,True,139.9,22:47:45,
422,0,14,1,600.0,UNSAT,2.4,64163,4200802,,ef64fb3f45b09dad2d3c700404d87e50d08347694d00a06b27982e8f69c35e58,drat-trim,1.6,True,140.3,22:47:45,
415,0,14,1,600.0,UNSAT,3.3,78522,5300754,,4f67b70a7b6b39e1ca4e65035c053d0173e7f0dfc3d4f3f9120888898d22f1d7,drat-trim,2.2,True,140.7,22:47:46,
423,0,14,1,600.0,UNSAT,2.4,63499,4229838,,2c89e36ca8e66da3750c5b81254eb59d4573f6971b446210a93dcd396a252be6,drat-trim,1.7,True,140.8,22:47:46,
420,0,14,1,600.0,UNSAT,2.9,73409,4779538,,b521b523dc0b24f1aeb2329af40307fbca619be352995479a59a092953ad9702,drat-trim,2.1,True,140.8,22:47:46,
436,0,14,1,600.0,UNSAT,1.0,28555,1964727,,5c76bc4d60db3bc7f3b0d01744019b564f82a5877988e080e5141a1c6ab528ec,drat-trim,0.8,True,141.1,22:47:46,
438,0,14,1,600.0,UNSAT,1.0,25790,1711773,,7e54fd902c9e918098671ceda5bf3a710212d4ce5cdf3b979bbc6258d6d534ac,drat-trim,0.6,True,141.1,22:47:46,
428,0,14,1,600.0,UNSAT,2.5,62948,4318170,,7663ce5cff6ec0fba3100c74253ff9823b359a079bcd6aee2f054aa510028a5b,drat-trim,1.5,True,141.4,22:47:46,
442,0,14,1,600.0,UNSAT,0.5,14016,735520,,5386f567cec1ab593679eeaec1165013ddc0abedfac8b303dde78b55c66ea97d,drat-trim,0.4,True,141.6,22:47:47,
437,0,14,1,600.0,UNSAT,1.3,31979,2390448,,078f862a851e455bb73adcae3251db692312cd26fd87f5e35d8c68d182f07436,drat-trim,0.9,True,141.6,22:47:47,
421,0,14,1,600.0,UNSAT,3.1,77309,5335683,,a57321f25f1b9022d405fb3fef7269ef1ecbbb2357f252c6fb2338be7b2461b4,drat-trim,2.2,True,141.6,22:47:47,
441,0,14,1,600.0,UNSAT,0.9,23323,1499276,,c7af760ce9475434e0192038d097bdc7ee31751e3167753521995c1740904197,drat-trim,0.5,True,141.7,22:47:47,
439,0,14,1,600.0,UNSAT,1.1,30712,2280811,,2cd8dc9333e5dbafe690650825b25667708a34e50347f18ce05ee752a77f1ba7,drat-trim,0.8,True,141.9,22:47:47,
443,0,14,1,600.0,UNSAT,0.7,17623,1250696,,0bb6d429a101af414cba7d519b54e3853b72eddad1352089245a7b4b629d6de6,drat-trim,0.5,True,141.9,22:47:47,
440,0,14,1,600.0,UNSAT,1.3,36819,2284385,,d27c4707ddb5b98374b0abb2d73d2cd1e7584fb8fef5e9c05f4f969cf187caaf,drat-trim,0.8,True,142.1,22:47:47,
429,0,14,1,600.0,UNSAT,2.6,65601,4259781,,0a0c1ffd4e206ad1a13f419386cf4c668fa30f0bd3dbb35b3c54b001fad3c136,drat-trim,1.8,True,142.3,22:47:47,
431,0,14,1,600.0,UNSAT,2.5,65090,4322628,,ebb8af7a938e9a3f3841eafbd9a76f182520efdccfd1d541c140720e7e41dc07,drat-trim,1.9,True,142.9,22:47:48,
430,0,14,1,600.0,UNSAT,3.0,75011,4923067,,1d27a37b1e112a61e65de0cde042a2b612ac98b25f6e41b3b8edef818962e765,drat-trim,2.0,True,143.1,22:47:48,
450,0,14,1,600.0,UNSAT,1.7,41440,2879790,,042f4dc496f26e0cd2edb40116186352f57d2db6472f34f1a58245e7b2a4ea45,drat-trim,1.1,True,144.5,22:47:49,
452,0,14,1,600.0,UNSAT,1.5,40490,2566064,,b46d9d1ad1c4b62f30e760dbd63fa324b2e34c7cd8818d75dbb6fd5e90a82b1e,drat-trim,1.1,True,144.5,22:47:49,
448,0,14,1,600.0,UNSAT,1.8,46911,3106576,,d66538bfc391767ab024db12508c576ff3440990344f3c3111a3e0145dcc3daf,drat-trim,1.2,True,144.6,22:47:50,
453,0,14,1,600.0,UNSAT,1.7,46773,3131161,,e63b75a1aad8d8eee2e9d0e1e7920f588bdfd29000713452be1d79c9175772b6,drat-trim,1.2,True,144.8,22:47:50,
449,0,14,1,600.0,UNSAT,1.9,48232,3116228,,f13ee61670ae20f385c7656e9ebb5d14da4e28c43e7490373f89b3792f6b289b,drat-trim,1.4,True,144.9,22:47:50,
456,0,14,1,600.0,UNSAT,1.2,30668,2117719,,d671d1023982595a63582f17ee0b0e42db7f2bc14a84a7ee3e54f935ed99805c,drat-trim,0.8,True,144.9,22:47:50,
445,0,14,1,600.0,UNSAT,2.3,59932,4041851,,c10a76653673f64007eb1bfb95029f2486c11a98bfee7155f97a4fcaa2b71a84,drat-trim,1.7,True,145.0,22:47:50,
457,0,14,1,600.0,UNSAT,1.4,35290,2344879,,8de0c215389c3098aab12e0e64db9773fc574376d963784b9e670c68e0f2a062,drat-trim,0.9,True,145.4,22:47:50,
444,0,14,1,600.0,UNSAT,3.1,79356,5163737,,027c99edb9e236899c6d935a7b762264ba8d7a9947a05878fde4de0587ce609f,drat-trim,2.2,True,146.1,22:47:51,
447,0,14,1,600.0,UNSAT,2.8,70553,4929059,,cf8fb3f8cd91dcf17b823fb809b09e63d706484da1e58548bdc8292435be6e9a,drat-trim,2.1,True,146.3,22:47:51,
454,0,14,1,600.0,UNSAT,2.6,64703,4386190,,b5da3dd7195651dbc5c8512b76ed48e5cbf193c5a027f4a7d8c8af12ca382945,drat-trim,1.7,True,146.4,22:47:51,
451,0,14,1,600.0,UNSAT,2.7,65911,4385511,,f738e487e495e5e4d7cd6bd3a397516c88cecf9d8a261169438677a36b8f91f5,drat-trim,2.1,True,146.5,22:47:51,
460,0,14,1,600.0,UNSAT,1.1,30905,2154533,,b569a4f0910f37e5dd8b5ef07a5e69ae6e13fb1c42286ea32cbde0d384e7eef1,drat-trim,0.9,True,146.7,22:47:52,
458,0,14,1,600.0,UNSAT,1.4,32375,2496557,,ff88c2d917209d47628a3cba1769c3f707d9d2ada79f5eb19ed51f5fc3d5e163,drat-trim,0.9,True,146.8,22:47:52,
462,0,14,1,600.0,UNSAT,1.6,39616,2799695,,2825a379dd0c979d80021bd41fe121319e96179384fa3263cdbbab048cc1c1f3,drat-trim,1.0,True,147.5,22:47:53,
446,0,14,1,600.0,UNSAT,3.8,93490,6257591,,62c9356d5abe3849552d0cb1a9b3593e3e944b9736f97463ff097be04949dd54,drat-trim,2.9,True,147.8,22:47:53,
461,0,14,1,600.0,UNSAT,1.8,46209,3099083,,7c16a61aacaecf695319bf6bc22b6d3477591347221bc9b686d92fb84efbbccf,drat-trim,1.1,True,147.8,22:47:53,
455,0,14,1,600.0,UNSAT,3.3,78556,5572010,,55bdbbfec0a5b86666371dc33b08e19f09407a04a94e196ce151965cea1d4357,drat-trim,2.7,True,148.4,22:47:53,
463,0,14,1,600.0,UNSAT,2.4,61342,4213775,,5b6f16b6fd84d6883a168ba473d12088988bebf53ff8c1fa48e74e324fb02d8d,drat-trim,1.8,True,149.2,22:47:54,
459,0,14,1,600.0,UNSAT,2.7,63085,4447966,,e4536e54e685307c977bb0c4312c110fb2738eb81d16829c0309254e3206280d,drat-trim,2.0,True,149.2,22:47:54,
464,0,14,1,600.0,UNSAT,2.8,69962,4953115,,9c7a56bb2bc072d8060bb58257f7eb1a438e45cb0b5f73a73b4d55212fa3fac2,drat-trim,2.2,True,150.1,22:47:55,
468,0,14,1,600.0,UNSAT,2.5,63851,4559112,,8ad43b2ef4716494663504acb3997b96f0d7f9f3e2a66de1dd3987962ef2e91d,drat-trim,2.0,True,150.9,22:47:56,
472,0,14,1,600.0,UNSAT,2.1,49943,3941267,,186ca443d3abf33f1ae33033a7b7d6b2d7b0da3b399a13030c2c428ece080b8a,drat-trim,1.6,True,151.3,22:47:56,
466,0,14,1,600.0,UNSAT,3.1,77271,5421967,,e91f7a533d16efeff4c1021573508520c4ea70b1ec10b68b3a42eb5706fcd477,drat-trim,2.3,True,151.5,22:47:56,
474,0,14,1,600.0,UNSAT,2.3,56900,4102104,,f83d672b2f589947b844350bcc782aab3fff735acac792e070cd4525b746824c,drat-trim,1.7,True,151.8,22:47:57,
476,0,14,1,600.0,UNSAT,1.6,45280,2964154,,92409ff56fdbe8911d8335b2620a724e9c7c14c2dfb70aa0d4b15339d2b23ac6,drat-trim,1.3,True,152.1,22:47:57,
470,0,14,1,600.0,UNSAT,3.5,87277,6173902,,48c9a3d32cfdf8f332af2e920a7b289c241a81325298c2e6ad097f330fb6b292,drat-trim,2.7,True,152.9,22:47:58,
480,0,14,1,600.0,UNSAT,1.8,43943,3048054,,9ab163ed62e731ea61d76af9489213b426c08b611451ee14c3fe57e5510e92b7,drat-trim,1.3,True,154.5,22:47:59,
478,0,14,1,600.0,UNSAT,2.7,64807,4381226,,2a5390cf8db68c289a75e59d6a54e817073794e21e59a3a1ae4c7043b3ffaec2,drat-trim,2.0,True,154.8,22:48:00,
469,0,14,1,600.0,UNSAT,4.5,104434,7166391,,7cc1030298ca9d4b3cd572bc3fba6a28ec25d123730e65431b0c58abcc841816,drat-trim,3.9,True,154.8,22:48:00,
465,0,14,1,600.0,UNSAT,5.0,109444,8097703,,e1ee94523e4a61f294dd83a9cb0328e6efef0bbaaebb53816b318a0fc9be2a65,drat-trim,4.4,True,154.9,22:48:00,
473,0,14,1,600.0,UNSAT,4.3,98436,6737797,,a254a9b9de3960807f309f3ebf7c9e61009cd7336e5beed9a5898074d038181e,drat-trim,4.2,True,156.2,22:48:01,
477,0,14,1,600.0,UNSAT,3.9,91670,6330486,,67b8347be33aebf8aca3bd24b9a534583c3748a538bd34dc717405693e4ebfeb,drat-trim,3.6,True,156.6,22:48:02,
481,0,14,1,600.0,UNSAT,2.8,66844,4791995,,bf59d4a2a8992904173c23679cecc9b19ecd10520797897969e2f78555d4198e,drat-trim,2.6,True,156.9,22:48:02,
484,0,14,1,600.0,UNSAT,2.6,61933,4274452,,1640d82fc0734074c4a93ccb328c0964b932e26cb747a17522e8cd050f02e1a1,drat-trim,2.0,True,157.6,22:48:03,
467,0,14,1,600.0,UNSAT,6.0,134560,9227674,,0fda4890f04991a359a1350116cdf43468dc4f3d0af7957335e18ea38072cd11,drat-trim,5.5,True,157.9,22:48:03,
488,0,14,1,600.0,UNSAT,2.0,45237,3005166,,a2400de62d88fa454d03ce1745dc9abb86b34067f22add70f0555109679a2278,drat-trim,1.4,True,158.3,22:48:03,
471,0,14,1,600.0,UNSAT,6.0,127757,9585141,,1f4e46cd2a8465e4895bad69a0b9f9f71d42de38696f41ec0a0ec7817c25e174,drat-trim,5.7,True,158.5,22:48:03,
479,0,14,1,600.0,UNSAT,4.2,96426,7118639,,a542c80aab6be58dd3099268d8f91cd580da52301ba837a415d454707a93173d,drat-trim,3.7,True,158.9,22:48:04,
475,0,14,1,600.0,UNSAT,5.4,117788,8361132,,513c44db2fdc61624bc81554fd605025baa8055112dad44bbd77b1fd76aad5ed,drat-trim,5.1,True,158.9,22:48:04,
482,0,14,1,600.0,UNSAT,4.4,93547,6682788,,eb4c898d629058577fe9226c5517674370b1c5af01951b75a6db86e3a1bfba3b,drat-trim,3.1,True,159.3,22:48:04,
483,0,14,1,600.0,UNSAT,3.9,86700,6201811,,3312ca28844e163cf28ff2c6017e040767a13819dd02fac12a577a14f7add9c6,drat-trim,3.3,True,159.4,22:48:04,
485,0,14,1,600.0,UNSAT,3.0,66357,4447910,,c1d0baa680517b0090589409931b630549e6e96a268191dfd28cd6bbf9d91663,drat-trim,2.2,True,159.7,22:48:05,
486,0,14,1,600.0,UNSAT,3.7,84343,5683666,,84e62b569b1ec5edffd3af9e226368864e773b487f0dd7f1cf652c209967fb18,drat-trim,2.8,True,161.3,22:48:06,
492,0,14,1,600.0,UNSAT,2.4,59010,4074230,,6e8d7e8cc66f043000a2f5fa6a05addd53542b4f24a78222f5e767c2c16a0d71,drat-trim,1.9,True,161.9,22:48:07,
490,0,14,1,600.0,UNSAT,3.1,71194,5164627,,ae3759c15b15813c77d7d100629b4ed0ae41a3cc2f6fba0e35b2a01138af73e7,drat-trim,2.4,True,162.2,22:48:07,
489,0,14,1,600.0,UNSAT,3.4,78088,5353643,,6ae6917b0ca7c4275bdf567de011823fd843b2779cbfb49530819301a70b22a3,drat-trim,2.7,True,162.3,22:48:07,
496,0,14,1,600.0,UNSAT,2.7,66795,4455475,,5e6e9d89b4bca51f82910c2430ded08fede771ce8bbc8dd5afc35fa5cac00477,drat-trim,2.0,True,163.7,22:48:09,
493,0,14,1,600.0,UNSAT,3.4,73045,5357042,,5707b194d3ef05c7a5f92dd24732285178aacfee8bdf61b02d7e57fc8ea50431,drat-trim,2.8,True,164.1,22:48:09,
495,0,14,1,600.0,UNSAT,3.3,73269,5317881,,266c79dfd684c1fabdc80a7d884a57f787098eee0363cc06ff55f87274387377,drat-trim,2.6,True,164.4,22:48:09,
491,0,14,1,600.0,UNSAT,4.1,90394,6168319,,bb81b101b669f9a8596baa0664955f9dde491ae764322aab850a93e0063dcd08,drat-trim,3.5,True,164.5,22:48:09,
500,0,14,1,600.0,UNSAT,3.2,78354,5105728,,51d912179f30117aaf433f846de8346e5be5092d350f0c8b30169912e101d6f7,drat-trim,2.4,True,165.4,22:48:10,
498,0,14,1,600.0,UNSAT,3.6,82249,5655436,,4d9c658fd57a97693ca6021d9014fb6d941aa7e53dd1ac18fe1d549d5b9870c1,drat-trim,3.0,True,165.8,22:48:11,
502,0,14,1,600.0,UNSAT,2.6,62549,4437372,,f750bc716dc24519d118462d66d5aed7d802ae18a67eefd6b79f428103a2a3d3,drat-trim,1.9,True,166.4,22:48:11,
494,0,14,1,600.0,UNSAT,4.6,97158,7151420,,9f9f19c474ade1cdb0a1568eeaf22cf54d714d7e09d901bfda67d7dd9e211af8,drat-trim,3.6,True,166.6,22:48:12,
504,0,14,1,600.0,UNSAT,2.7,63075,4551501,,de8ccc8608dfe685853a674f9e60fb37d2be995fc5a33bf7ad551cd7bf8acaf3,drat-trim,2.1,True,167.0,22:48:12,
506,0,14,1,600.0,UNSAT,2.1,51788,3609532,,e7384494333839f009d8ba637813b6b091a218e97e59a82d31cb777ac3b23d08,drat-trim,1.5,True,167.7,22:48:13,
512,0,14,1,600.0,UNSAT,1.0,27272,1768585,,4e6c93736627c8556f7fd2a302bb26ac1b55f9859440b3e7f3cccda91c6488cf,drat-trim,0.7,True,168.4,22:48:13,
513,0,14,1,600.0,UNSAT,0.9,23477,1681049,,76f0c0158f950d21e4a3c39106bec0b6d185c20ec86889fd7aabc30530ab0c1f,drat-trim,0.6,True,168.6,22:48:14,
487,0,14,1,600.0,UNSAT,7.8,159183,11352752,,33f0d6778c50270fab67113d63bbd4915d879226c2bea040696b5a4131abddb3,drat-trim,6.3,True,169.0,22:48:14,
508,0,14,1,600.0,UNSAT,2.5,61703,4310195,,26e83ec114984919af3d3475ae2f6c9124669906912528bbb695cf7da2444467,drat-trim,2.1,True,169.1,22:48:14,
514,0,14,1,600.0,UNSAT,1.0,26341,1624442,,f7046cefdca1ba6205ed7914e97ea1228a9684d6f9fe9e8f2c1f05a0b149d612,drat-trim,0.6,True,169.3,22:48:14,
499,0,14,1,600.0,UNSAT,5.4,119193,8788387,,5fee5e6bec2f3f7262a0560177431aebbdea6509003c7b57c7c29deecea56305,drat-trim,4.7,True,169.5,22:48:14,
520,0,14,1,600.0,UNSAT,0.2,3334,222553,,3f94e69b4d598c5da4102d1e6b6f35932f7b62c6ad282b41ff1f8785f43ba02e,drat-trim,0.1,True,169.9,22:48:15,
497,0,14,1,600.0,UNSAT,6.0,128955,8964107,,2a313a34dbb7c81154ca47e09a2faf3db39963d6222b5c8cc9854c5d3321a697,drat-trim,5.1,True,170.0,22:48:15,
515,0,14,1,600.0,UNSAT,1.2,31425,2154853,,2030b122385fe419311a5a4dc70022e07d450b787cba25dbf8d138c9e0445f97,drat-trim,0.8,True,170.3,22:48:15,
521,0,14,1,600.0,UNSAT,0.3,5952,350856,,cbc09e0481b14f556d7d2013f8e44b7a787fab4f1af1fded99046648e7df0b1a,drat-trim,0.2,True,170.3,22:48:15,
522,0,14,1,600.0,UNSAT,0.3,5645,308194,,a093789091d72ac896d87a9e12e0eb2eeab47f1309101037282a0ff37d714679,drat-trim,0.2,True,170.5,22:48:15,
523,0,14,1,600.0,UNSAT,0.4,8426,464840,,67cbcbfbec7d635a1ad3a9570b0dc05c801b918565eb117d13bf06b9ab260c74,drat-trim,0.2,True,170.9,22:48:16,
510,0,14,1,600.0,UNSAT,3.1,74985,5084633,,caec151f5b64b07df8a8e81a559c382fa69a8d31d4ab986181a080036be411e0,drat-trim,2.5,True,171.4,22:48:16,
501,0,14,1,600.0,UNSAT,5.5,121775,8530452,,a0f2c34c10d9ff62c55e80185d62d3d6d53caa4d7c63f684355114fe817eb611,drat-trim,5.2,True,172.0,22:48:17,
524,0,14,1,600.0,UNSAT,1.0,22420,1503645,,754c2be1680654b9e104a76c4ee4f969d55181e2d9774de80e05097cbd880f2d,drat-trim,0.6,True,172.0,22:48:17,
526,0,14,1,600.0,UNSAT,0.8,17652,1264955,,8d15cfb0321292f6adc23ece225c26be9514e501a05650aa531477ddc2d18a88,drat-trim,0.5,True,172.2,22:48:17,
525,0,14,1,600.0,UNSAT,1.1,25739,1798304,,572874e1f24cf185ebdcbd806138adcbe06afb9b1e573c73688ac9690c7d196c,drat-trim,0.7,True,172.3,22:48:17,
529,0,14,1,600.0,UNSAT,0.2,6351,358236,,b55f7c8459d9739ee848d864c59b99e68750e8764d92896262e8aa3d0884d2fa,drat-trim,0.2,True,172.4,22:48:17,
528,0,14,1,600.0,UNSAT,0.4,10526,591038,,dd09f26f7d5654f161a9be16f9e7b59fa3b375daf9e19325f3bbb2e033140e67,drat-trim,0.3,True,172.7,22:48:18,
530,0,14,1,600.0,UNSAT,0.5,13793,855532,,bd4c8348f3d4fd08079f7942d43ab82abb2b9a893e57d2db7ef7270e6aead581,drat-trim,0.3,True,173.1,22:48:18,
531,0,14,1,600.0,UNSAT,0.7,17801,1259368,,3e96d717de2c40445a56ecf8716f12516babf79a4cd3b69e07908271883faa13,drat-trim,0.4,True,173.4,22:48:18,
509,0,14,1,600.0,UNSAT,4.4,98442,7131015,,daac07b7d7f8add94cf59f897e809200b4067b7d443fc9dd28480bada6a96f23,drat-trim,3.9,True,173.7,22:48:19,
519,0,14,1,600.0,UNSAT,2.6,66141,4279232,,85f3f64e9a196ca98aaf3a8ac0e550c91a44b3841f0b7bd650c701a84887fffc,drat-trim,1.9,True,173.9,22:48:19,
516,0,14,1,600.0,UNSAT,3.2,75485,4997182,,618d530178d8bd3601a86b74557fbf632063a35f183f40f5854a5ef8577e4d48,drat-trim,2.3,True,174.0,22:48:19,
536,0,14,1,600.0,UNSAT,0.3,6803,382688,,badec0dba01aee30637812ee898103a03202281acbc5c16bec63b26c2a477754,drat-trim,0.2,True,174.2,22:48:19,
517,0,14,1,600.0,UNSAT,3.0,75511,5077419,,22d3837f3e9dd3b28e467c358e7407524fbecfa3654baebe7523ef6bd9968f19,drat-trim,2.2,True,174.3,22:48:19,
537,0,14,1,600.0,UNSAT,0.3,6756,396534,,98914949a085d14bce410768329af6af40a3bb86b148cbcf32c1a077bb154712,drat-trim,0.2,True,174.4,22:48:19,
527,0,14,1,600.0,UNSAT,1.7,43870,2998541,,7bf0b7858be6934e65ede507e21c9cd2eab7e84dbbbb56b605a148a3398fd0d6,drat-trim,1.2,True,174.4,22:48:19,
538,0,14,1,600.0,UNSAT,0.4,8999,712254,,3f9a80557b163abdbf5769d78b404e655c32df2c4ce58f2ec770861ad6b21dc4,drat-trim,0.3,True,174.8,22:48:20,
518,0,14,1,600.0,UNSAT,3.5,85192,5564333,,cf3871a834de94fa4842202cf1bd6eb7a30a34de3e874efff7763657b7de9825,drat-trim,2.5,True,175.1,22:48:20,
539,0,14,1,600.0,UNSAT,0.6,12899,743167,,bb98d72aafeb3c24e307ada8a1f61977964268b9db34799c9f7d6c7f0814a258,drat-trim,0.4,True,175.3,22:48:20,
540,0,14,1,600.0,UNSAT,0.9,21146,1578490,,24f4e906576b85ad62951e05a2311dba70329f0ffe7f2296e3218fb80b40029e,drat-trim,0.6,True,175.9,22:48:21,
541,0,14,1,600.0,UNSAT,0.9,22518,1653247,,9e103906b0db33080d18225d585743e85d26150a31955427b80b76435e137d2e,drat-trim,0.6,True,175.9,22:48:21,
542,0,14,1,600.0,UNSAT,0.9,23986,1662671,,f1217df0c433fc84e10973b661bdc00e468a7415b307a2082c754d6ff17cd573,drat-trim,0.6,True,175.9,22:48:21,
503,0,14,1,600.0,UNSAT,7.5,157783,11506223,,6c20e10cde7efb399e13ff8e4331c9994edb4c58adf6ecc67c72209bcf723cb8,drat-trim,6.6,True,176.2,22:48:21,
543,0,14,1,600.0,UNSAT,1.1,27103,1910812,,b8ab4eae2566f88c7b7facc2e6fd2f15b2d508de34cf82daf475aaf89b94c2b3,drat-trim,0.7,True,176.6,22:48:22,
544,0,14,1,600.0,UNSAT,1.0,29773,2044672,,968b27f2ce04b25454ddc05db97bda41bbd827ad73c70bc89cb05b703e57af9e,drat-trim,0.7,True,176.9,22:48:22,
533,0,14,1,600.0,UNSAT,2.8,69269,4926554,,7ab9295a8bb2197860b4bba8c12c231d6fb77156c5a662c5d2e33a693fe126c0,drat-trim,1.9,True,177.4,22:48:22,
532,0,14,1,600.0,UNSAT,3.2,85300,5283342,,bedcacee91e3f84f409fd1ab2ce9302b85189756cec82a4543f15374bbf8458b,drat-trim,2.3,True,177.9,22:48:23,
534,0,14,1,600.0,UNSAT,2.9,73097,4857587,,76452031d037fcce094bf4ceb8687fb00b1e903ac2cf0f1c3d3570470eaf9ca5,drat-trim,2.0,True,178.0,22:48:23,
552,0,14,1,600.0,UNSAT,0.6,16484,1234010,,3faea3deffa520ca96a7238e118c02735feee0e07cb13122d7d4fa8b49a4752c,drat-trim,0.5,True,178.5,22:48:24,
545,0,14,1,600.0,UNSAT,2.0,51037,3482165,,a2fa1a8b95c2a174bb85f04e6d0f8103adfeeb32668c71fb0c5c1dc782174c18,drat-trim,1.3,True,178.6,22:48:24,
505,0,14,1,600.0,UNSAT,8.2,168890,12150481,,0be64cd732eb1b707e49d71a89ee5c2b1764dc2b76a7b2bfa184b0f2d214835f,drat-trim,6.7,True,178.7,22:48:24,
535,0,14,1,600.0,UNSAT,3.2,81765,5588200,,91e80e1d15ee6b3509e8d721259e871c7750eee5b2885be8fb06c7eb26dc91f0,drat-trim,2.3,True,178.9,22:48:24,
553,0,14,1,600.0,UNSAT,0.7,17162,1270262,,1d81ee9c75516bd9b7ed9252d4ce2dd8d7893defb51a04cda70f3cecb01040c5,drat-trim,0.5,True,179.2,22:48:24,
548,0,14,1,600.0,UNSAT,2.1,54942,3611319,,f25cb9b238dcd6cd339e4c339069a52b0a711b415788c46df8200313abf87402,drat-trim,1.4,True,179.5,22:48:24,
507,0,14,1,600.0,UNSAT,8.5,189762,13422056,,a1fa8805b501b601a91b5ddbc9bf4fc8b624b328b22d244a20d2a784bd0d40eb,drat-trim,6.7,True,179.6,22:48:25,
511,0,14,1,600.0,UNSAT,7.1,154547,11255395,,605a7ab056e7c11921d0b417a95ff24f4e84d1c113eec42278686a42c7e4bfbf,drat-trim,6.2,True,179.7,22:48:25,
549,0,14,1,600.0,UNSAT,2.5,65824,4208562,,a965f5477ca36d1640e6293aec8833b7e22d2f41bdd0360a3389248b4d2252ba,drat-trim,1.8,True,180.6,22:48:26,
554,0,14,1,600.0,UNSAT,1.6,41136,2708428,,695e46f61a2da9ca225b27c2e95f18aee5b81b4d594724828f3c6862be6da26d,drat-trim,1.2,True,180.8,22:48:26,
546,0,14,1,600.0,UNSAT,2.9,71994,5031402,,b54eb79bac02d0a5cb25ccab264c5e4318d413184ace0435569ed4a9ec2d2688,drat-trim,2.1,True,180.9,22:48:26,
557,0,14,1,600.0,UNSAT,1.7,40513,2691546,,b2b01baf1e46550ddd5a51c293be738d179046c08b60557738ec5d8c3dd3bf2e,drat-trim,1.3,True,181.6,22:48:27,
560,0,14,1,600.0,UNSAT,1.3,32138,2337528,,590e176523c4e1847c94ec403ab339909ab690d72d5461c9c7ace2d245cfab85,drat-trim,0.9,True,181.8,22:48:27,
561,0,14,1,600.0,UNSAT,1.4,39195,2589811,,a6687c353f2e5164c087e25d9d3d24e14fc1403fc961fb951516fc979613236c,drat-trim,1.1,True,182.1,22:48:27,
556,0,14,1,600.0,UNSAT,2.1,57289,3463385,,dca86a4cd3c1803fc73ffc4c2084e90086e509b1d0897eaa5c21c29cf88fb1c7,drat-trim,1.8,True,182.5,22:48:27,
547,0,14,1,600.0,UNSAT,3.5,83522,5534117,,2b372c48f7d17460d12da402c42a0ef01235992c94fadde4987bf01c52180c1b,drat-trim,3.2,True,182.6,22:48:28,
565,0,14,1,600.0,UNSAT,1.3,30199,2112298,,0c6bdad18b6c9ec70e5c930f2fb2230de951b43b0c28eb13757fdf6293e39ba5,drat-trim,0.9,True,183.1,22:48:28,
550,0,14,1,600.0,UNSAT,3.4,81113,5436872,,a33ec7d24d03002cf5e40b2a1d77ff772d5a65099d1c761fab1806dd1f999bf4,drat-trim,3.1,True,183.1,22:48:28,
568,0,14,1,600.0,UNSAT,0.7,15253,1223663,,73b98c1b937b8fa470973d4595081912417af43a82be386c2cea5721b50390db,drat-trim,0.6,True,183.4,22:48:28,
564,0,14,1,600.0,UNSAT,1.6,36167,2484435,,a5efdebbe9c1a964f1d56ce46cd067c881c607748fdcf72a952159dd5cda13c1,drat-trim,1.1,True,183.5,22:48:28,
569,0,14,1,600.0,UNSAT,0.7,14246,941764,,2eb91414b2f546de3a2c5a8dd2d6dca0f8e5a9c121ccc41b5bf81688520f7623,drat-trim,0.5,True,183.6,22:48:29,
551,0,14,1,600.0,UNSAT,3.9,90970,6114662,,10a5f708fdada9047f9193e4f9423e64851c3d2bc7abfd0389c1d382500f4465,drat-trim,3.7,True,184.5,22:48:29,
572,0,14,1,600.0,UNSAT,1.2,29993,2039004,,f3dce4dd194876ff92315dd36ac1d257455ac0d28345a2ab6a339ed626255701,drat-trim,0.6,True,185.0,22:48:30,
567,0,14,1,600.0,UNSAT,2.0,45516,3191311,,35b892c1212ba0e0af55196dd6e8b73d86feb4a185816d45befb5179172672fa,drat-trim,1.3,True,185.1,22:48:30,
570,0,14,1,600.0,UNSAT,1.9,46243,3305792,,5373c8c8563edc9bbdc7c8abcd93c32b6d2acd348e3c583dbeafc794c0331942,drat-trim,1.2,True,185.7,22:48:31,
576,0,14,1,600.0,UNSAT,0.9,23946,1749488,,bae09e9d1d6cc838b6df829d6c4254155c097b6f407a74dd6fcf21df1e1c9067,drat-trim,0.5,True,185.9,22:48:31,
562,0,14,1,600.0,UNSAT,3.8,85487,5701861,,dfebe095feacfe0ee6a831ac458fde0349bfbcf985ffadbd74ab7d05b9b32844,drat-trim,2.5,True,186.0,22:48:31,
559,0,14,1,600.0,UNSAT,4.0,85412,5699202,,60552f7925382c0098354b8021bda6b8bc2bce80ed4454e05d8dde2ca35ccbca,drat-trim,3.0,True,186.3,22:48:31,
578,0,14,1,600.0,UNSAT,1.3,34280,2466950,,7233526fa074f69a0b0c17279a08953dd89af243c28a757a24615de5fc793d5c,drat-trim,0.8,True,187.2,22:48:32,
566,0,14,1,600.0,UNSAT,3.5,76600,5166904,,22ad715e6e5649cb247fec4ac452547763ce04e3a842ea3e83a08e187aef5d02,drat-trim,2.5,True,187.6,22:48:33,
571,0,14,1,600.0,UNSAT,2.6,67381,4620377,,b5da606ad68fafa7779b3cbf92ca4231dbc3d993ca0e4a4de4567b4c2d13107e,drat-trim,2.0,True,187.7,22:48:33,
558,0,14,1,600.0,UNSAT,5.3,109341,7636249,,8994d72b43d89a05b3564b4f36d3d2b628f1526ac12edaeb7b45a6c9eff75916,drat-trim,3.6,True,187.8,22:48:33,
577,0,14,1,600.0,UNSAT,1.6,43242,2990533,,db5f7677c5bd8aaf38072b3bf07530648a05450e0fcf39b13a394b405bf35ac9,drat-trim,1.2,True,187.9,22:48:33,
573,0,14,1,600.0,UNSAT,2.5,67154,4020799,,b62912a6a79a5becfebf13298150e8c4ab58bacbd634de2201b6e695f30c165c,drat-trim,1.9,True,187.9,22:48:33,
555,0,14,1,600.0,UNSAT,5.5,120157,8677053,,264b0589627653a40074fe2c62b5bcd1c8a33201d325627b1989e2778efa5b6e,drat-trim,3.9,True,187.9,22:48:33,
579,0,14,1,600.0,UNSAT,2.5,60853,3994445,,091e5cbe32e0fcab4055047419bcc5c6cb93a513ba32f8917bdfcd610d299e0d,drat-trim,1.8,True,190.0,22:48:35,
563,0,14,1,600.0,UNSAT,5.6,119297,8210518,,189c3cc97b724cf229f45c1aed549eeadcfa27f77f19109c0c8529068c9f301f,drat-trim,3.8,True,190.0,22:48:35,
584,0,14,1,600.0,UNSAT,1.5,40857,2501346,,4d7bf37acacaef2ca7ee65683519a164c15bc1cddb052cbd773f5e92efcbeec3,drat-trim,1.1,True,190.3,22:48:35,
574,0,14,1,600.0,UNSAT,3.9,91403,5862808,,f045696f694785eae014186cee81e0f6068489b2861d50a8f8cecf2061dbda80,drat-trim,3.0,True,190.5,22:48:35,
588,0,14,1,600.0,UNSAT,1.5,42106,2894661,,2792fb37537c73ba1bfb606ca7780f018b701963b98fd20f6e28edda00ab5752,drat-trim,1.1,True,190.5,22:48:35,
585,0,14,1,600.0,UNSAT,1.7,44036,2723302,,7baef23d99d4a9175bc9a0f65dbf0077cb3c003a0cdcda67a26add5ea142ec0b,drat-trim,1.3,True,190.6,22:48:36,
580,0,14,1,600.0,UNSAT,2.9,69933,4951490,,a785ce3dc24342547c662ee839827f31a96380c490d4ca136958ae0b39e5e8ce,drat-trim,2.1,True,191.0,22:48:36,
582,0,14,1,600.0,UNSAT,2.8,68949,4601108,,f0a57ed92235b57be6d1fcdbfb9fd40e02e349543140b5992008d460f4781c4f,drat-trim,2.2,True,191.2,22:48:36,
575,0,14,1,600.0,UNSAT,4.4,94929,6720691,,20972b92e9e47dc512deb4c3083601d4dfb3f71be495139a9f9ad11fa2b314bd,drat-trim,3.4,True,191.4,22:48:36,
589,0,14,1,600.0,UNSAT,2.1,55672,3528425,,29984f0307e51d23abc027074603423b2f841a269107b252f04dfb0bb2f8f93d,drat-trim,1.5,True,191.6,22:48:37,
594,0,14,1,600.0,UNSAT,0.7,16609,1204024,,f0d1732b75674681b09726d48013d955228672afee4261c1ab0e7de77bba15fc,drat-trim,0.4,True,191.6,22:48:37,
581,0,14,1,600.0,UNSAT,3.5,85713,6008807,,f7c476352da42cfc2002b174c6f941343327b79111b86cba4b43873a4474088a,drat-trim,2.4,True,191.9,22:48:37,
583,0,14,1,600.0,UNSAT,2.9,67644,4912727,,bb42498f0e0658707d948151bf8fbe8a1c24340ef8c8e42a73afbd2e5c28aac6,drat-trim,2.1,True,192.2,22:48:37,
592,0,14,1,600.0,UNSAT,1.1,30116,2206503,,d496612e1d50962761152a45dc783041050c6a947bc0a72583a5ab028a6512d5,drat-trim,0.7,True,192.3,22:48:37,
595,0,14,1,600.0,UNSAT,1.1,29721,2266025,,855c33bd5d8c3eb815344a57d90eda66f8da878aa13cb5aaef2c9a50990c6074,drat-trim,0.7,True,192.5,22:48:37,
593,0,14,1,600.0,UNSAT,1.3,34507,2626628,,6e8a408db7c855d037e53071140e91f6d47e455b86500464a838f06d31fe205f,drat-trim,0.8,True,192.6,22:48:38,
587,0,14,1,600.0,UNSAT,3.1,75325,5089809,,dffab93f259f17beefa6bc7d7730a71ebf7253b755bff34b4ea33713bcb8072b,drat-trim,2.3,True,193.3,22:48:38,
586,0,14,1,600.0,UNSAT,3.3,77932,5707322,,b5a96f3c20a22be21e8f00e21b16a2db39cfa452ae19f8615cd5e8b501051774,drat-trim,2.4,True,193.5,22:48:39,
601,0,14,1,600.0,UNSAT,1.1,28718,1949286,,1396b9eaac5a085e3f4b2ca7251ffe757f27b352d435d7f4f43b53aefb1e70d2,drat-trim,0.7,True,193.8,22:48:39,
590,0,14,1,600.0,UNSAT,2.9,69235,5076495,,34de4db90c1618bc589f77cd76c26662ca9c94ee8a2c5d1a6003b1411a5140dd,drat-trim,2.2,True,195.1,22:48:40,
600,0,14,1,600.0,UNSAT,2.5,62690,4172491,,8dc707a9857ae6ffbc5307f3ec2a59b0a746673170df6a7bbf145a695acaff7a,drat-trim,1.8,True,195.9,22:48:41,
605,0,14,1,600.0,UNSAT,2.0,50893,3598864,,679af94c53d8a4748528d684d95ee5f6583fef667127df2e8acf41ef4d7e95e9,drat-trim,1.5,True,196.1,22:48:41,
604,0,14,1,600.0,UNSAT,2.3,57415,3733719,,df5eecc238b27a2d789eacb5d57d9a571f62806ae4c9c0c1afb0f01f1ee0dcdf,drat-trim,1.6,True,196.4,22:48:41,
608,0,14,1,600.0,UNSAT,1.6,38501,2857443,,ffa4d3ab0c5c0e1cf75aa961c2a70c3a0a6e5c8e5e6364813cc306a052aae9ef,drat-trim,1.2,True,196.6,22:48:42,
591,0,14,1,600.0,UNSAT,3.6,86663,5930209,,a7ac70690b7cd5b8402f72fc6463e5b922b30c4af240310583bf9b0b6625c2f3,drat-trim,3.0,True,196.6,22:48:42,
602,0,14,1,600.0,UNSAT,2.6,64559,4269325,,ccc01cf8c871b9990211fae3bb4652b59b11663ed53b525e77f28eb4b345e34d,drat-trim,2.1,True,196.8,22:48:42,
596,0,14,1,600.0,UNSAT,3.3,79064,5321860,,5b1961da2c5fd1c8cbe7f6e3688cb49bf5245c377dc1395dc7ee465b6052ee33,drat-trim,2.6,True,196.9,22:48:42,
599,0,14,1,600.0,UNSAT,3.3,86038,5508436,,40f9a764249c30d929ac7f97be2caf9dc2650e9a23e4419bb4d9a921471442a7,drat-trim,2.6,True,197.5,22:48:42,
603,0,14,1,600.0,UNSAT,3.1,72448,4935585,,e73df0d89c0708052c0e50fd5c55ea5e49e111994a06ecfbf14bc7d7b6c61da3,drat-trim,2.2,True,197.6,22:48:43,
597,0,14,1,600.0,UNSAT,4.2,100508,6690325,,8f4bc83d9dac426b976a414f6fff91eebf730ce3ee3362fb8dfef344f05369f5,drat-trim,3.3,True,198.7,22:48:44,
598,0,14,1,600.0,UNSAT,4.2,95701,6592602,,5aad06c2f2e7b78c46c4b9ee6622c642d309cffe9775083212e4152207f9bbd2,drat-trim,3.1,True,198.8,22:48:44,
606,0,14,1,600.0,UNSAT,3.2,75650,5158044,,92376194786a2d119fae4b304479a468309c0004408301bc5b65c7072bd38b3f,drat-trim,2.4,True,198.9,22:48:44,
610,0,14,1,600.0,UNSAT,1.9,46137,3211603,,e191de489590a8aba819e91de37dd4015e595049f6daefd5d4fe1971e6b0960b,drat-trim,1.3,True,199.3,22:48:44,
616,0,14,1,600.0,UNSAT,1.4,33706,2510288,,7fe0268417b0b37eb0ab0713961e7dfc09fa35d8e10c40ee5c73d893db3fcdee,drat-trim,1.0,True,199.3,22:48:44,
612,0,14,1,600.0,UNSAT,1.8,46791,3283068,,9a99ad1aee7d4467d1f6baca78896e051b384f514d13edd4c482497f524235c8,drat-trim,1.5,True,199.7,22:48:45,
614,0,14,1,600.0,UNSAT,1.8,45095,3069980,,18cdc6b09908d099dfb1faede3092aa3eb8fb6125c350f05b5ef6c8124994f9a,drat-trim,1.3,True,199.7,22:48:45,
624,0,14,1,600.0,UNSAT,0.6,13687,1032805,,f770008d867114a6b41332037be5def92223562bed137eee1387b2f5be235aab,drat-trim,0.5,True,200.8,22:48:46,
618,0,14,1,600.0,UNSAT,2.2,49477,3696999,,8016378d3f024fe8c72fd47b00749c88fe56afc5b8112c3fdf573cc50c917887,drat-trim,1.5,True,201.2,22:48:46,
625,0,14,1,600.0,UNSAT,1.1,28123,1937972,,3810f2743625775d78f22a0cc4b9599a65f5350ec5872bee41312c95df96a493,drat-trim,0.7,True,201.5,22:48:47,
622,0,14,1,600.0,UNSAT,1.4,37119,2662742,,30eb0883a0f6ff3d089f545d336f2348c61a27febb6bc6ff3ddbaa15a1e0951f,drat-trim,1.0,True,201.7,22:48:47,
620,0,14,1,600.0,UNSAT,2.1,48436,3903496,,451ef71729d377892e30fa348e4e625d64551509dbb443811b66fe09016132c5,drat-trim,1.4,True,202.3,22:48:47,
607,0,14,1,600.0,UNSAT,5.1,121222,8167215,,beaf952a8c55d751c0caed0780ae78baccb54cc588417158bc1f169d89a5b9ec,drat-trim,4.2,True,202.8,22:48:48,
628,0,14,1,600.0,UNSAT,1.5,36627,2753759,,566f5f7d14e90fc254b9eaa877e549c6c5bd584a573d60ca0b843fa8377ebc50,drat-trim,1.1,True,204.2,22:48:49,
630,0,14,1,600.0,UNSAT,1.2,29754,2161558,,3ba6952964d6d2f2457355a9e2836853b142d98dd183b636a3bc8d447f615007,drat-trim,0.9,True,204.4,22:48:49,
632,0,14,1,600.0,UNSAT,0.5,9646,809706,,e492331e380a616bbff24aa6a3aa5c4f6355b52f099e3a166bf975d365a4881b,drat-trim,0.3,True,205.0,22:48:50,
609,0,14,1,600.0,UNSAT,5.9,127504,9171168,,d3155de5630c742df73869abb7c25a996ea6b617c8e12230079fe7a2c5afdb48,drat-trim,5.1,True,206.1,22:48:51,
633,0,14,1,600.0,UNSAT,1.2,26821,2008061,,f62b567b5ad970d1606d6bc98c0eade07d8a5d79c59cf0eb7e531bf96c8e99d6,drat-trim,1.0,True,206.7,22:48:52,
626,0,14,1,600.0,UNSAT,3.7,81156,5649715,,f785b5efcdadd3062eb53e7a0d4064301d7f8fdb9cf12dada853036152dbb525,drat-trim,3.6,True,208.0,22:48:53,
636,0,14,1,600.0,UNSAT,1.5,33700,2508926,,ab4587a4f22db6851f25b760ee152725c00d7b70f1f8c428b25453bb439bd921,drat-trim,1.0,True,209.4,22:48:54,
611,0,14,1,600.0,UNSAT,7.3,153963,11592293,,8d30e734c7deb1047d1f6684f8ce234172381ddfc7681e587c9f47260dff3b8f,drat-trim,7.8,True,211.2,22:48:56,
638,0,14,1,600.0,UNSAT,1.4,31273,2794016,,ed4da6a9f052589887f5e4c24993aa0a90038e3fd08533ce9f04ff8bee6b2e71,drat-trim,1.0,True,211.8,22:48:57,
640,0,14,1,600.0,UNSAT,0.2,2900,325187,,00babca9c2354cc22905ec86cd1b4ed92413a55ea60602a5d7921313594a37ac,drat-trim,0.1,True,212.1,22:48:57,
641,0,14,1,600.0,UNSAT,0.3,7231,457421,,c1a603b767fe1a078c693056c21592f9a90fd2831c7cea32a706355f6780e4ae,drat-trim,0.2,True,212.9,22:48:58,
615,0,14,1,600.0,UNSAT,7.8,173627,12532073,,9952618d6bac66c796c01ece396ff9128412c2b951387f0819efce8b603228b9,drat-trim,8.3,True,212.9,22:48:58,
617,0,14,1,600.0,UNSAT,7.8,161144,11631668,,78a92e3d126bbdf1bfc627e0641038d78307428c04928a269e220769b54bd6e6,drat-trim,7.8,True,213.1,22:48:58,
644,0,14,1,600.0,UNSAT,0.1,2127,148442,,fa5033512148eb0b02b458f6fba1728c32911c15c9ed6dc1a783bc0cae7ef875,drat-trim,0.1,True,213.4,22:48:58,
642,0,14,1,600.0,UNSAT,0.3,7063,378294,,322bda2e73a203643b64a62cc6ccc94f81b88b74971f23e5aef502604040a6b5,drat-trim,0.2,True,213.4,22:48:58,
645,0,14,1,600.0,UNSAT,0.2,4561,259916,,b1c9c616f18a7a359e41e04940973918c61a6170834e284c24a997bbaf61b0c6,drat-trim,0.2,True,213.8,22:48:59,
646,0,14,1,600.0,UNSAT,0.3,5849,377894,,5b875d510bdaccb1dfc0035d004e85adb18c1f6ef11697945d703dc92dbabcac,drat-trim,0.2,True,214.0,22:48:59,
643,0,14,1,600.0,UNSAT,1.0,25079,1840485,,d9506feefa65bd4f1f74fea1e80157e78df2822c232dad2e46779185a1b42a34,drat-trim,0.8,True,214.7,22:49:00,
647,0,14,1,600.0,UNSAT,0.5,10694,620657,,9d58c56de83d1886eceb60d84fc61bcbe81f3fa6b45c445ccf4616208d0cfed0,drat-trim,0.4,True,214.7,22:49:00,
619,0,14,1,600.0,UNSAT,8.3,166732,11986666,,d9cab94e559542f165141df1972e821e700063bf3379bb601f0b93fcf032c420,drat-trim,7.9,True,214.9,22:49:00,
623,0,14,1,600.0,UNSAT,8.3,162487,11678583,,2f5115f8300da97af2f59157e5d266b52a8ace6eefeeab325b58dd115aa735b0,drat-trim,7.7,True,215.3,22:49:00,
627,0,14,1,600.0,UNSAT,7.5,149183,10755955,,ed812adabe90236f9222fc2e99e353a0d279d2ea4360f4d485a84b49e9d19d9c,drat-trim,7.0,True,215.9,22:49:01,
629,0,14,1,600.0,UNSAT,7.5,143290,10708053,,4a33acd8af2ca17cf03d50006ca033580dd753a0c93083156ec8db83afb6e5c2,drat-trim,6.9,True,216.1,22:49:01,
631,0,14,1,600.0,UNSAT,6.9,139389,9776079,,fdd098a82319f6047a3d80d2e16c2779ccbe852e44cd5b682e5a78184e70b79e,drat-trim,6.4,True,216.1,22:49:01,
648,0,14,1,600.0,UNSAT,1.5,37430,2540300,,6cfe72cfc84dc0c025b283bbba56cea1e4252db0baa3a17bd7a5408aaeb3d38a,drat-trim,0.9,True,216.4,22:49:01,
649,0,14,1,600.0,UNSAT,1.0,24432,1701799,,9f822fbaee7399809420b44fb0a3f5662f5090f795ed447ad73704c059f32e37,drat-trim,0.8,True,216.5,22:49:01,
656,0,14,1,600.0,UNSAT,0.1,2103,146647,,eec228555252473fb552d2f5f0f3b778a1ca1ebc68f8f3661952d7de1f628c4d,drat-trim,0.1,True,216.6,22:49:02,
657,0,14,1,600.0,UNSAT,0.3,6610,347984,,5933ee2bc57706c9c4761ba0ce1bba7bbd18e19d48dd9888bfd5b17bed9c5a1b,drat-trim,0.2,True,217.0,22:49:02,
658,0,14,1,600.0,UNSAT,0.3,7115,357169,,450f7e6d68dad1afeca959e48b89d4844b089b8273174db6f213ed75f792f88b,drat-trim,0.2,True,217.1,22:49:02,
660,0,14,1,600.0,UNSAT,0.1,2896,212725,,359dfd87439b8e64c6f69eb526c596917d4fd2070faeefcdb5562c2701946a41,drat-trim,0.1,True,217.4,22:49:02,
635,0,14,1,600.0,UNSAT,6.2,129580,8718290,,27ff487ffc2de6bdbea529c8b751c2074fda3bd91f6a1c5ef1bc691c2ac28db2,drat-trim,5.4,True,217.7,22:49:03,
661,0,14,1,600.0,UNSAT,0.2,3776,247923,,fcde9a73cb0944cabc3a30c79c615d22eea263a9f124489e5adc465c83b794be,drat-trim,0.2,True,217.9,22:49:03,
662,0,14,1,600.0,UNSAT,0.3,6137,349585,,4ee8c3c2de63a7d3e5c141856bcbdc778e12622e9aa74afe6d4aee6100243159,drat-trim,0.2,True,218.2,22:49:03,
659,0,14,1,600.0,UNSAT,0.7,17578,1335636,,c16a42a255d6a4d9797c73637db52b3dccf3d362ac4d18222bd09cd180adf5dd,drat-trim,0.5,True,218.2,22:49:03,
650,0,14,1,600.0,UNSAT,2.0,50101,3522302,,cb7c2b37b3484a1cd7ca83ff36bb1835b6921cb14137f8a12469ce065e6d48ad,drat-trim,1.4,True,218.2,22:49:03,
652,0,14,1,600.0,UNSAT,1.8,44524,2980429,,24aaeb8cefe7ced4e114ec41343881203c14142adb3cc3dd04043c429ec2d2e5,drat-trim,1.3,True,218.4,22:49:03,
663,0,14,1,600.0,UNSAT,0.6,12807,900850,,a754ac13012361b4adbadd3c28d9a6604808533ffd9138d43fe197c4a1002391,drat-trim,0.4,True,218.9,22:49:04,
621,0,14,1,600.0,UNSAT,10.8,214072,15497870,,6af6d711fe77704b357dce4905c3238733fa87f8318acff7fb3f3ccc5d5abf09,drat-trim,9.6,True,219.4,22:49:04,
651,0,14,1,600.0,UNSAT,2.8,67813,4605798,,c8836548e50d4591dea7c0809b14f25c3b2bbc074eeb7c9502185d4d5f3faa1b,drat-trim,2.1,True,219.8,22:49:05,
613,0,14,1,600.0,UNSAT,12.2,236516,17768826,,9d540e708340f43b655e259045e93e868836f6034ebebfb1a01119128fe82ce8,drat-trim,11.1,True,219.9,22:49:05,
667,0,14,1,600.0,UNSAT,1.1,30453,2186520,,c649285a6cf3088c06f4d4947d2324cc94e1be742eeddc8bfe2dc71dc5406791,drat-trim,0.8,True,220.3,22:49:05,
654,0,14,1,600.0,UNSAT,2.5,60997,4237286,,accd2139db4335e15c05adf6db62ff945637e9a36c9087bf0d4d0b6ffbed1adf,drat-trim,1.9,True,220.5,22:49:05,
664,0,14,1,600.0,UNSAT,1.4,38822,2497612,,4b5987feb98927311e57131e5e86beb461f9baed89ee5ed09f6779a77760d9e0,drat-trim,1.0,True,220.6,22:49:06,
653,0,14,1,600.0,UNSAT,2.7,64666,4558054,,48d3957485270ed8395b2b55235533fc518bc871631db405ff8224a67ba261f4,drat-trim,2.1,True,220.7,22:49:06,
655,0,14,1,600.0,UNSAT,2.7,64926,4613965,,26d2811045f33f0b8c4f136fcba1f53f2adc529ca6446bb9327b96abab95b463,drat-trim,1.8,True,220.7,22:49:06,
666,0,14,1,600.0,UNSAT,1.7,45810,3240536,,4bcd47a0fd1a724c3648b16d35a698138e1ced54835df99a39df7578057ec7b3,drat-trim,1.2,True,221.1,22:49:06,
634,0,14,1,600.0,UNSAT,9.5,186054,13061654,,18d0c15dd1de84fee88720160382d3e1e3ffb731ea49e82d24115d813cb48c32,drat-trim,6.8,True,221.3,22:49:06,
668,0,14,1,600.0,UNSAT,1.6,42304,2982866,,137433457d9183c76a312cc201fa0ff46e0b7f70bef0611c2c0a75553b5f2c02,drat-trim,1.2,True,221.8,22:49:07,
665,0,14,1,600.0,UNSAT,2.2,53900,3734639,,029036d4c48bc515d51688258cf05fd216ac84eef1ee19290301178fe833cd25,drat-trim,1.5,True,221.9,22:49:07,
637,0,14,1,600.0,UNSAT,7.7,143709,10926328,,0d7cee6275b91c67cf90bd1097e353954aff39db57e8bff13b927e6e461e2fd6,drat-trim,6.3,True,222.1,22:49:07,
669,0,14,1,600.0,UNSAT,2.2,51384,3772938,,787f9a15a83201e97f80dc14de213927bd9a5b6d3b7592375c95b845b4b56884,drat-trim,1.5,True,223.2,22:49:08,
676,0,14,1,600.0,UNSAT,1.7,47509,3228112,,b4d91031304df0bbf2bb14be994a543228bd932a793f91b82240c8a40e0e3649,drat-trim,1.3,True,223.7,22:49:09,
671,0,14,1,600.0,UNSAT,3.0,70086,5191517,,b54211b50b2db447401016b6411f9afe76370bf6ad8b6f42019118e5efe2e58b,drat-trim,2.0,True,224.9,22:49:10,
678,0,14,1,600.0,UNSAT,2.3,53063,3970793,,97d433fd936dffec88d6f7d6d8382fea2276785d11d59d56df8a8e3f459d542a,drat-trim,1.7,True,225.2,22:49:10,
670,0,14,1,600.0,UNSAT,3.1,76351,5101580,,bc5d074693a6d0230726d2d7c47e146b6b5a96f10c758a3c9b5441a9e041e20c,drat-trim,2.5,True,225.4,22:49:10,
672,0,14,1,600.0,UNSAT,3.4,84122,5681570,,d1f774628cbe5f14916141fc593611989645d4f6e6abe1a6bff8abc17fc73e37,drat-trim,2.9,True,226.6,22:49:12,
639,0,14,1,600.0,UNSAT,8.5,169571,12066745,,770a2a824c562eb1cf5aa747f837c4b9ebd65d9ff351951d67a029a6cdb903fe,drat-trim,7.2,True,227.0,22:49:12,
684,0,14,1,600.0,UNSAT,1.8,42683,2846659,,d3d2eccfe48fd1ae4f14c7c70f17252a446b56b215a467df202ab49d0c1214da,drat-trim,1.2,True,227.9,22:49:13,
680,0,14,1,600.0,UNSAT,3.8,89042,5808176,,c6a0a10a03dc515f9e48ec1998627456ac79865d2854251969b26e09f51ac463,drat-trim,3.2,True,228.9,22:49:14,
686,0,14,1,600.0,UNSAT,2.5,57792,3993508,,c9af3b11812d0fba3919ca7208ac6744c88f7c043874d971d011612c31d95f05,drat-trim,1.9,True,229.8,22:49:15,
682,0,14,1,600.0,UNSAT,4.4,91839,6398535,,5efe874059763deaf4d1015e02bb25f8512196e87f09bcb48f87878a613ea9ae,drat-trim,3.5,True,231.2,22:49:16,
688,0,14,1,600.0,UNSAT,2.6,59277,4253628,,62ada51d565285cc9e7283d0acd311fd28913dc2772d6f02ec882eae1c2f4396,drat-trim,2.1,True,231.6,22:49:17,
690,0,14,1,600.0,UNSAT,2.7,67712,4837023,,a0c0359a348c443bdd628747b44c4dafe2d7bc007684e24c2214182ffcab9abe,drat-trim,2.3,True,234.1,22:49:19,
674,0,14,1,600.0,UNSAT,7.9,170186,11800865,,774258820f11523267e7a2cd91178359a639bd17af748672ad784d31de12620d,drat-trim,6.9,True,235.4,22:49:20,
692,0,14,1,600.0,UNSAT,2.5,61186,4046296,,194cb5561f615751e01937d40f96278f36c8a64b7e67cf4f016d8c7160c114ad,drat-trim,2.0,True,235.8,22:49:21,
681,0,14,1,600.0,UNSAT,7.4,148928,10789612,,f39a0b23783953c57fdcaeb4c894210cc9848871b2bbf36aecea2050c851d934,drat-trim,6.9,True,236.4,22:49:21,
673,0,14,1,600.0,UNSAT,8.1,159426,10739099,,efd93f33956fcd8bc6bcb1098fcffa93405a38d84b32f352788e3ca3aad38061,drat-trim,7.8,True,236.4,22:49:21,
685,0,14,1,600.0,UNSAT,6.9,137532,10113542,,13c381c591a9cccfd7b92bf1e671c8ccbf2bd38c83465cee38b70c7961881b75,drat-trim,6.3,True,238.5,22:49:23,
683,0,14,1,600.0,UNSAT,8.1,164649,11762582,,0d41b3db7372052366c38c5b460915a0d262ba116d0078e94a2856f5f204253f,drat-trim,7.5,True,239.4,22:49:24,
694,0,14,1,600.0,UNSAT,2.9,68983,4917888,,08ddfba9a34c69c08f292790ff3d7f2a9c596585c691613eb2abe26c859b3c79,drat-trim,2.4,True,239.5,22:49:25,
675,0,14,1,600.0,UNSAT,9.3,185525,14122511,,0656d541c1c7765bd06b5f3f0accb2f0d14876b60fdb39188c2ae686ecf09747,drat-trim,9.7,True,239.7,22:49:25,
679,0,14,1,600.0,UNSAT,9.5,187591,13612020,,14da85de85b728473c5fdfd40d070ea5c8ee9f93813e3bc3a5d8733c0bc453a8,drat-trim,9.3,True,240.6,22:49:26,
689,0,14,1,600.0,UNSAT,6.6,134878,9519559,,95c5ec278bdd7a39cc5597be153d37ba03f355feec6d2c5fad5b0bea941b5b94,drat-trim,6.1,True,240.7,22:49:26,
696,0,14,1,600.0,UNSAT,2.7,64535,4501344,,0abace467a68a3f103c958861269298b37d570e1950bc6f07da2ec52c2bd9a5c,drat-trim,2.3,True,240.8,22:49:26,
698,0,14,1,600.0,UNSAT,2.7,63872,4480845,,11332d4947bc5e3406ae102c285626745f38c09199dee586f9d57f1be97e6389,drat-trim,2.1,True,241.3,22:49:26,
704,0,14,1,600.0,UNSAT,1.0,28015,2042490,,a9188abeeafcdc5a06cf0db3c4dfb3f069ede89c0ce9ca9bf4a5ad3a460703bb,drat-trim,0.8,True,242.6,22:49:28,
705,0,14,1,600.0,UNSAT,2.0,49186,3490272,,36c707a7c1c2fb84013d2d5fea4d1984220f4faee28842aba482b1dd23232a41,drat-trim,1.4,True,244.1,22:49:29,
700,0,14,1,600.0,UNSAT,2.7,65226,4360111,,26a5a4bad70a9f4ffce3521295215cbb6bbc141eb7b1f0f6cdb4542976e7eec8,drat-trim,2.2,True,244.4,22:49:29,
687,0,14,1,600.0,UNSAT,9.6,175279,12842471,,63946c67cdfcd615bc4a62dea74c6d1be7d890509170e706985c957c3ab3c165,drat-trim,8.7,True,244.9,22:49:30,
702,0,14,1,600.0,UNSAT,3.0,72383,5322699,,8b563050c595db81df484d583328d929dd4d0af8ba0315ee519c801d83d689e7,drat-trim,2.3,True,245.0,22:49:30,
693,0,14,1,600.0,UNSAT,8.1,162122,11819486,,1358c52031eb9a6470e53e3401c8c6bfe54eb0fad7d83e16b37ba4cf9139e2f9,drat-trim,7.2,True,246.9,22:49:32,
706,0,14,1,600.0,UNSAT,3.7,86497,5958667,,4451ad32333969e42410aea1fb9017cdd1d35c3742ed8a2537732846fa1c8126,drat-trim,3.2,True,248.3,22:49:33,
712,0,14,1,600.0,UNSAT,0.9,22727,1696139,,61777588e21f4c667504c19648002946e76101acf56e6e6ff1dddf142b5f886f,drat-trim,0.6,True,248.4,22:49:33,
708,0,14,1,600.0,UNSAT,2.9,69179,5034519,,e016cdacd10240a5eeccee7d7df1b218b9df5778b95984521cd53b68c15ce18e,drat-trim,2.3,True,249.3,22:49:34,
707,0,14,1,600.0,UNSAT,4.0,87495,5879379,,5ecf6a825d67aec2b03ffeff233603098e8f49ddabf513eea55a2d90aa74ba9c,drat-trim,3.3,True,249.8,22:49:35,
710,0,14,1,600.0,UNSAT,3.2,73536,5313993,,0a5b25d9d73fc3a44f738c0e1fe6ae28e387d8b8c87ee39f62d983bedf09b838,drat-trim,2.5,True,250.8,22:49:36,
709,0,14,1,600.0,UNSAT,3.7,89514,5933903,,6ebc4da5c078cee8f0764a8c3abb93ea751d959738eb31569959fcd52da12a37,drat-trim,2.9,True,251.0,22:49:36,
697,0,14,1,600.0,UNSAT,8.0,166809,12155821,,6a0b2ac93a4b4ab45da85a23dd82ffd81e20170237966bb0ebf69ce878ada331,drat-trim,7.0,True,251.4,22:49:36,
713,0,14,1,600.0,UNSAT,1.8,46611,3204081,,72d9f3b383727557b05875595ae700c74ed74caf015ef9d39698c5f971e1f216,drat-trim,1.5,True,251.5,22:49:36,
714,0,14,1,600.0,UNSAT,2.4,57608,3663536,,54e3aa3cf4ea7faf4ee5219030ff5fdcaada3cf20e7d028647dc5ef4b79aa5e9,drat-trim,2.1,True,253.0,22:49:38,
695,0,14,1,600.0,UNSAT,8.6,172719,12549541,,6bf86d43f5ac6e0ebd31d20dec18c39970d218371d05b29bba884db08c89a0c8,drat-trim,9.2,True,253.2,22:49:38,
715,0,14,1,600.0,UNSAT,2.1,52386,3554665,,6cebbc43f1eda7d432084671fb82b886fcb32cc217c5595fcc2e347f18cafe2a,drat-trim,1.9,True,253.3,22:49:38,
720,0,14,1,600.0,UNSAT,2.3,46209,3100752,,bf1e84441c549d83ccd8d9317fba4ce3b7c2bfbc128ef4558aa94cad93e99821,drat-trim,1.8,True,255.6,22:49:41,
699,0,14,1,600.0,UNSAT,8.2,174344,12400176,,0d864af7a015e54dd13205141e883b8e0f865217e2eed8a9a8289dfe21a32496,drat-trim,9.8,True,256.6,22:49:42,
701,0,14,1,600.0,UNSAT,8.2,167088,12081778,,d4612e542d6dc49dfa8a881d69b15806bb3b9a2862424ef53061ecd272c9279d,drat-trim,9.2,True,257.0,22:49:42,
721,0,14,1,600.0,UNSAT,3.3,63218,3957412,,b0beaac83b562e3b6b0bede708e49954a526470ac39687531d651deb87d0e32b,drat-trim,1.8,True,258.1,22:49:43,
716,0,14,1,600.0,UNSAT,4.9,96439,6505065,,93209ad0cbfa48efc412c1594924c192374f452839803534662ac1f104169129,drat-trim,3.6,True,258.3,22:49:43,
711,0,14,1,600.0,UNSAT,7.1,142050,10230872,,3a0d4c3a3d97b7bdd7bc76dd61e4fbbd809900b91eda142b410f6a5616c6b93e,drat-trim,6.7,True,258.8,22:49:44,
703,0,14,1,600.0,UNSAT,8.9,181142,13042317,,a80a7ce3907b53d5dd44d7890a8a2dc0e96927ab92023ecbe781e5168aadcbfd,drat-trim,9.7,True,259.2,22:49:44,
724,0,14,1,600.0,UNSAT,2.3,58071,3838870,,bbaa96f9081741848ac3c2236c98c41ba64858e3d02a141b2c95b14df4bea133,drat-trim,1.5,True,259.4,22:49:44,
728,0,14,1,600.0,UNSAT,1.0,25426,1763421,,7b0159bc5d1caa65ba0360ae02ca2f11e4313efa99f1277ccee951ca26974936,drat-trim,0.5,True,259.8,22:49:45,
722,0,14,1,600.0,UNSAT,4.0,79271,5478627,,6fd64d9fd1783622f2bb812b5ff96b1aeb0a6d05af2ec35a52a6780e785d516e,drat-trim,2.8,True,260.0,22:49:45,
718,0,14,1,600.0,UNSAT,5.6,105914,7081040,,45f62dd962a546c2f07b86653e5e3bddf30d6fead013b126a62b02b13f124570,drat-trim,3.5,True,260.1,22:49:45,
723,0,14,1,600.0,UNSAT,4.1,80377,5544622,,f5c64f58fdf90cc278ca2b79da4e23514a7db7018c7551f9e9056c484b1bc9cb,drat-trim,2.7,True,260.2,22:49:45,
717,0,14,1,600.0,UNSAT,5.7,104893,7167765,,f257fb0f65a9eed31b1887d357b2c1974d09c8698f637c7aa46e8f43134f462b,drat-trim,3.7,True,260.3,22:49:45,
730,0,14,1,600.0,UNSAT,0.9,24826,1864848,,2866b9030f83191b9439c9c0931cf377a771431de50006dca6d0c9806ab6f081,drat-trim,0.5,True,260.6,22:49:46,
731,0,14,1,600.0,UNSAT,0.8,18623,1539773,,2d4a10c82dd9ee1d0275be7ea7792692b75573b49544fcfaec35144eeede55c3,drat-trim,0.5,True,260.8,22:49:46,
725,0,14,1,600.0,UNSAT,2.5,63066,4163056,,7c961e97874bee7e7a69c5070fe8dd2856ee18c4683649ea20948bd230dbc051,drat-trim,1.7,True,260.9,22:49:46,
729,0,14,1,600.0,UNSAT,1.4,33144,2300516,,cea3542082a269956905e9d8c0229ed55f47b0c0c88437a938f1c1cdbf290d75,drat-trim,0.9,True,261.1,22:49:46,
726,0,14,1,600.0,UNSAT,3.6,83757,5734248,,26f9df82af5e7ed5018c88042ab19edba517cb5f38d07daef38dfa09b8820e96,drat-trim,2.6,True,263.2,22:49:48,
719,0,14,1,600.0,UNSAT,8.0,141586,9747921,,f9b6c66250724fc95696f67a097357dd5f09a8f9262b2bfe71fad19414179fab,drat-trim,5.1,True,264.5,22:49:49,
734,0,14,1,600.0,UNSAT,2.6,65435,4434153,,bd1a541694bc7cccb102efd909b2a91b3d7d2e62031403ca18ce9310deefaf8d,drat-trim,2.0,True,264.8,22:49:50,
735,0,14,1,600.0,UNSAT,3.2,70874,5173538,,7d3cd40023a1e0aa56441e4d498b94cc8b6f810ba182748406f2440a444597ed,drat-trim,2.3,True,265.7,22:49:51,
732,0,14,1,600.0,UNSAT,3.3,77827,5445153,,a020c4f86655de826b35233684f296f3c31d946a185b98e4be0d90105e547029,drat-trim,2.6,True,265.7,22:49:51,
727,0,14,1,600.0,UNSAT,4.5,102674,7253599,,81e40c6d79df67304339f0dc8069e9d10308dc121181847bc56c17c002cbec07,drat-trim,3.8,True,266.4,22:49:51,
691,0,14,1,600.0,UNSAT,19.2,315584,24178007,,aadc3417103cbf37751b0a0c7dec0ac31b39a57b7324c54b91ef3e49a19c9eb6,drat-trim,17.6,True,266.7,22:49:52,
733,0,14,1,600.0,UNSAT,4.2,97527,6757107,,c1f228e70b402f31431432bcc9342bd65d7f9c854b4abb30a15d063b92ff3d58,drat-trim,3.5,True,267.7,22:49:53,
677,0,14,1,600.0,UNSAT,24.6,421931,32344601,,0ccad565e681b350f691a2d2b00ed2537cbee7f65173652349e2520d1900e47d,drat-trim,24.2,True,270.0,22:49:55,
738,0,14,1,600.0,UNSAT,8.0,163542,11692260,,3f815892b96a78ff642d4e5d5a298a241c075861311ca88ae0efc0581250e94a,drat-trim,8.1,True,276.9,22:50:02,
736,0,14,1,600.0,UNSAT,9.2,193605,14891804,,d31c03ccacf4e621f5d4048f22eced68b2c711a9c1c22b8e2c46770e7423ec99,drat-trim,9.7,True,279.3,22:50:04,
741,0,14,1,600.0,UNSAT,9.7,187011,13684198,,48f916044476616368da45f55ff73184f39a581ea9337fe5cb5aee45c6d50747,drat-trim,10.2,True,283.3,22:50:08,
744,0,14,1,600.0,UNSAT,9.3,166390,12554567,,95f320cb3a797cc5cf7de02a91173de9998bfd40e489e35861e892e1064fc4cf,drat-trim,8.6,True,283.6,22:50:09,
746,0,14,1,600.0,UNSAT,9.4,171544,12176415,,94344fbc89bb965f7c326062da1c9ab951e0fee52831184e8149001577186c4f,drat-trim,9.1,True,285.0,22:50:10,
739,0,14,1,600.0,UNSAT,12.0,225516,16228981,,664c303065011ec2002ca7026e111846ad1132cc290aeb31683b70d37aa46372,drat-trim,12.5,True,285.4,22:50:10,
748,0,14,1,600.0,UNSAT,10.3,189561,13577426,,b9cef40520481bce67619b5dd21f27e4461bbb2941d1f567e86064cf9bb4330d,drat-trim,9.8,True,287.8,22:50:13,
743,0,14,1,600.0,UNSAT,11.7,221376,16413078,,19c5d6d51bc542de0a3ddb14e9370af058809b8fa6d6f60546bfdf80db463375,drat-trim,12.0,True,288.5,22:50:13,
749,0,14,1,600.0,UNSAT,9.6,172761,12958305,,47d8d2c5c7ef19a16f36265aff453154d0b2f37abfb74ddd55566261575d125a,drat-trim,8.9,True,288.6,22:50:14,
742,0,14,1,600.0,UNSAT,12.4,217019,16212097,,2545f0d379d60db5d0fabe5354e4c7122645a36393fba1dd6a0e1b185a7956f6,drat-trim,12.5,True,289.5,22:50:14,
752,0,14,1,600.0,UNSAT,4.2,90164,6340976,,80541c43c8af64f62c3107af7eeb315b0684acf44f74d94deb60e1e5aa7551d4,drat-trim,3.5,True,291.1,22:50:16,
747,0,14,1,600.0,UNSAT,13.6,239851,17795156,,e463c2bf0d28d50d6fa2273fe551006205a27e5f9a10aa460886b74bd9eba3ce,drat-trim,11.7,True,292.0,22:50:17,
737,0,14,1,600.0,UNSAT,17.4,302267,22703276,,e5eb5850eded2f336ad2cca14328ca249ab99af6969bba251a6a25d9886042a4,drat-trim,15.3,True,293.3,22:50:18,
753,0,14,1,600.0,UNSAT,6.6,131843,9714948,,56b04e61cac61835d188f8bc94d9f96d88cd2b70ce66b1a4b2a126ff1e092843,drat-trim,6.4,True,296.6,22:50:22,
756,0,14,1,600.0,UNSAT,4.9,106908,7543983,,e56a2eda6c7240c3d3fccac791a760ef43bb298ad72be20d57742316b8e50ae1,drat-trim,4.6,True,297.3,22:50:22,
760,0,14,1,600.0,UNSAT,3.8,82835,6111988,,b13c36b26cec7d3209a6892c79a9d1fb4fc187e5948dadc23348acbcf808579e,drat-trim,3.4,True,298.4,22:50:23,
758,0,14,1,600.0,UNSAT,5.0,106562,7613747,,52078ff32dbe2b614c0287a4503b4e4db450a097a1291c480ddc4998e9b00409,drat-trim,4.8,True,298.5,22:50:24,
750,0,14,1,600.0,UNSAT,11.8,211844,15048534,,96dac09f481d35169e11f1c185ec2e420d8256ee4d827e3c2738775474add22b,drat-trim,11.4,True,300.2,22:50:25,
754,0,14,1,600.0,UNSAT,8.8,168801,11926727,,9ceff94b7e5c7fb6feca05eafcc6272cb935af3b6e059934b21366c129c48479,drat-trim,8.8,True,302.5,22:50:27,
740,0,14,1,600.0,UNSAT,22.6,354284,27242735,,6de9f38594fee25f1956e1cea1544f98d76b83e21caca9250e398ee991f22e43,drat-trim,19.0,True,302.7,22:50:28,
769,0,14,1,600.0,UNSAT,0.5,13927,840125,,fda82676a221fe53a4145a672b8c7ccc45b8e964a3a8f6f2fe3067652ce1e54c,drat-trim,0.3,True,303.5,22:50:29,
768,0,14,1,600.0,UNSAT,0.6,15435,1250873,,475da24f8c28cd915da3b3018cb6c939dbdf88d642c097b44037df6774dac1ad,drat-trim,0.4,True,303.7,22:50:29,
766,0,14,1,600.0,UNSAT,2.9,66301,4404581,,e65c14447409a3828c47241f2336800d582561fe9d82c8a7ed468ed0e95ad474,drat-trim,2.4,True,303.8,22:50:29,
770,0,14,1,600.0,UNSAT,0.5,13352,743360,,17aa6c8be26b2980039a3f157bc3931dc5713b787d77fe6b77e9d2f6e24c1d34,drat-trim,0.5,True,304.5,22:50:29,
771,0,14,1,600.0,UNSAT,1.3,29908,2014846,,eb31eb6e313e4d6795d35bc36ac6178b707b62a8f49fb89657b45c0649626100,drat-trim,1.0,True,306.0,22:50:31,
761,0,14,1,600.0,UNSAT,7.8,141507,10644978,,73475227440b8b5adfe08b050498bd93e5209f404d1d02e800529eca19ea5f4c,drat-trim,7.3,True,307.0,22:50:32,
745,0,14,1,600.0,UNSAT,22.6,365375,27139169,,de98dea74869cf9d1eb790fd1b1cbfa9c9ee1c76343614dbcffd1919e815f173,drat-trim,19.7,True,308.1,22:50:33,
776,0,14,1,600.0,UNSAT,0.2,3197,268651,,09f9e3b63b4b9312087eaa03b5184d30fdd4b81fd1d9e8fef4c6a7804b551691,drat-trim,0.2,True,308.7,22:50:34,
777,0,14,1,600.0,UNSAT,0.3,8449,456259,,226bfac62d86fff3af26a3795d1d61be8595bf3025390e108e8fe4a90e587bff,drat-trim,0.3,True,309.3,22:50:34,
772,0,14,1,600.0,UNSAT,3.5,73674,4786775,,2d540ab7863671a8bd76f8a1785b61c59c058c86261f0a5cbbd1aba79ec7208d,drat-trim,2.2,True,309.5,22:50:34,
778,0,14,1,600.0,UNSAT,0.3,5983,343047,,e818a8b88bb85ebeb8bc8ee19f168a2c8918ad8ee99acd6bcda0156505ed5d2e,drat-trim,0.2,True,309.8,22:50:35,
779,0,14,1,600.0,UNSAT,0.5,11159,684802,,dcf1db6d3e45dff33eca0e8addda98a6eb9cbf876ef7fac51141bdf859f48b08,drat-trim,0.3,True,310.3,22:50:35,
764,0,14,1,600.0,UNSAT,7.0,138826,9980887,,53916bdc16c47a4c12065cd9008f3293bddf75784ac3002fb11ebbd6aeb9ba41,drat-trim,6.1,True,310.4,22:50:35,
757,0,14,1,600.0,UNSAT,11.0,211858,14919689,,dbc3f9b5d18fd69146cfee596fe1914b78482c2d07774e530e135e7b1ccd52f4,drat-trim,11.0,True,310.6,22:50:36,
780,0,14,1,600.0,UNSAT,1.0,26280,1757876,,3ef2512a00580a3ae7b2a436b01bead99209360abf8b59aeb8220e5b0818939c,drat-trim,0.7,True,311.5,22:50:36,
755,0,14,1,600.0,UNSAT,13.0,233787,17276307,,9a5a6c428b3d68867b2fd2dcd6780dbe82ffa1b291ceac076d3c040e5ec0ad9b,drat-trim,13.3,True,311.7,22:50:37,
762,0,14,1,600.0,UNSAT,9.5,170241,12268223,,3ef0e100604f575609e4bdb8e1d2d4f43cd7d74fe333680dcbf044a85cb68564,drat-trim,9.1,True,312.0,22:50:37,
782,0,14,1,600.0,UNSAT,0.9,24577,1652047,,818c46abaac42494effee2be03cce6a6292e92b802c8754f15beb6d952a1d81a,drat-trim,0.7,True,312.0,22:50:37,
773,0,14,1,600.0,UNSAT,4.5,92344,6087279,,a43e41870737a7d0d64859d072d12d11e899216361cbb007172f6a1351bd1e7e,drat-trim,3.1,True,312.1,22:50:37,
784,0,14,1,600.0,UNSAT,0.5,11238,713379,,4b67e5944e8ce520c9bc32e3f0198068fe95fa32fd29c537c404dcb45824a8e8,drat-trim,0.3,True,312.3,22:50:37,
774,0,14,1,600.0,UNSAT,3.8,86885,5614599,,9119de1e7e55bd7355a68f26f8deafe8111568a6da56567bc4afe0d3e93afd33,drat-trim,2.6,True,312.4,22:50:37,
785,0,14,1,600.0,UNSAT,0.5,11697,660658,,511073264d7e93a336e054629b7508aed1135466082dff710b19dd538fe4a59f,drat-trim,0.4,True,312.6,22:50:38,
781,0,14,1,600.0,UNSAT,1.4,33412,2288215,,76d0bf74e6299fef7bbf58eb6f5f889e24cf5fe782fd7a42c83fb64d22fc9725,drat-trim,0.9,True,312.6,22:50:38,
792,0,14,1,600.0,UNSAT,0.2,3346,261166,,4f8ee2aa19153444d56bbb7cf5388bc55881b8d575de8492ae0ac3d95fd0590b,drat-trim,0.1,True,313.0,22:50:38,
786,0,14,1,600.0,UNSAT,0.6,14792,1121438,,d60f0e7ca122148a13b8dd7464a062c628b08a2d2e8f03416461937867a0d5d6,drat-trim,0.4,True,313.0,22:50:38,
775,0,14,1,600.0,UNSAT,3.7,87491,5761091,,21d0c31c3360f62cd828c37a951b846d5db9069c4c6e8977fc012adcfd7aef09,drat-trim,2.7,True,313.4,22:50:38,
794,0,14,1,600.0,UNSAT,0.2,4751,287769,,37ba845786be6de5bed213e0b4ed92d7b561e8fa15ea8306a6d633086c527f05,drat-trim,0.2,True,313.6,22:50:39,
787,0,14,1,600.0,UNSAT,1.2,31280,2138221,,edbf80532ea912e6de2f761a52de8b5e7838506096148aa0abae633b498a87ae,drat-trim,0.7,True,313.8,22:50:39,
793,0,14,1,600.0,UNSAT,0.5,9092,791600,,e8d4ecaeb6e81d68f5037be203bd3e97f76e88a17bdb39eea109e6f9161b3ffd,drat-trim,0.3,True,313.8,22:50:39,
795,0,14,1,600.0,UNSAT,0.5,12139,796390,,7090488d3f84715a1816b79038a3eb1335f7599806b2ca1f39d0a506aa2546ea,drat-trim,0.4,True,314.5,22:50:39,
783,0,14,1,600.0,UNSAT,2.3,57540,3931296,,4ef1aa3c342df313e292f3061c55251e1c5e06c774077e73ae512459b2913d50,drat-trim,1.7,True,314.6,22:50:40,
798,0,14,1,600.0,UNSAT,1.1,26857,1919677,,b485fa8335582402896044b5ce22f51d9d55c06dd48e63cdbb52b8e450c62e93,drat-trim,0.8,True,315.7,22:50:41,
800,0,14,1,600.0,UNSAT,0.7,16923,1319312,,bfed3517f1af1c6a91ddabda70409e5cd115572fffcbc60fc518e652bf87d779,drat-trim,0.5,True,315.8,22:50:41,
796,0,14,1,600.0,UNSAT,1.5,37891,2651568,,8020d3626eb9fbeceb1b5fcc0c5a759bb70d6dc09fdd4dd1ed230645cf0c0b09,drat-trim,1.1,True,316.1,22:50:41,
797,0,14,1,600.0,UNSAT,1.4,34881,2312534,,c0011e8b5978470d9eb1d192f19a79daef69e002f2f7ab8b183ccba63fb520f8,drat-trim,1.0,True,316.2,22:50:41,
789,0,14,1,600.0,UNSAT,2.3,60447,3957803,,d9364179c4ab12121d3c28939623071aa51641e4fee8e42703569d34469fae69,drat-trim,1.9,True,316.5,22:50:41,
763,0,14,1,600.0,UNSAT,11.1,213037,15143987,,0005870706ef56dbc547e206eecd7b515a01688903d9ba7e535a6f5e86ad9681,drat-trim,8.7,True,316.7,22:50:42,
801,0,14,1,600.0,UNSAT,0.6,13831,833092,,2525473d217d3420f4209a69b1ba63b84120496d6277b5a325949763aa85c993,drat-trim,0.4,True,316.7,22:50:42,
788,0,14,1,600.0,UNSAT,2.9,72633,4897379,,17ac4f4fd012c94b74145dcdcbe058298988c43fdd72dab79d6908d4effbb163,drat-trim,1.9,True,316.9,22:50:42,
790,0,14,1,600.0,UNSAT,2.9,77700,5114270,,1a1200648960b5b9cb43ab8e6a0bcc8ebf58c5c7654189d92dba5e8f89aac0ea,drat-trim,2.0,True,317.4,22:50:42,
799,0,14,1,600.0,UNSAT,1.8,46918,3193128,,29384374f832cc06a4661cce78d1651d08f8b7c08c6151a31d75b6d28c8be9ae,drat-trim,1.3,True,317.6,22:50:43,
791,0,14,1,600.0,UNSAT,3.4,87497,5794316,,b3e78f558ba5682a848be8bc8ea6e342f4d852bdbc701f75398585339d001bff,drat-trim,2.6,True,318.7,22:50:44,
802,0,14,1,600.0,UNSAT,1.9,46748,3194515,,014c42cb912af4691bec3b81394864c37f4b4fc31a69119381defa4b6459e617,drat-trim,1.5,True,319.2,22:50:44,
804,0,14,1,600.0,UNSAT,2.0,53380,3400925,,7258b1d4612e712af7edde154bcd3b3410f654b8f207ff7d20cfae9c743dd06c,drat-trim,1.6,True,319.8,22:50:45,
808,0,14,1,600.0,UNSAT,1.9,47832,3022235,,ac46be3b67292c3e39356264535e38a23b1537d2d523778352d7d32ea8b3f2dd,drat-trim,1.2,True,320.0,22:50:45,
759,0,14,1,600.0,UNSAT,17.2,273076,20236818,,2a650de2af0e65206a04765ac892d21a7aee0791b30b3653934368571f9467df,drat-trim,13.6,True,320.4,22:50:45,
751,0,14,1,600.0,UNSAT,22.9,368831,28596429,,529195eaf29ca57a3e792dcaeef0091f82af2bcaaf3e564becb0a390a563ac80,drat-trim,18.4,True,320.6,22:50:46,
805,0,14,1,600.0,UNSAT,2.4,61201,4178733,,35c61f8ba1259eac54d5d43aaf406d29fbc7c98d8a42d6e631242eb061cb4a8e,drat-trim,1.7,True,320.6,22:50:46,
809,0,14,1,600.0,UNSAT,2.3,62202,4116560,,83e0486aa52e8f809c5be3192a7ef200d99e17152060e6c48a17ec1ca98496f9,drat-trim,1.6,True,321.3,22:50:46,
812,0,14,1,600.0,UNSAT,1.4,36255,2491764,,113d9b71a90cb29e3aabfd83dbba7193330db60b19a1d235074ed0fa9ad2aacc,drat-trim,0.8,True,321.3,22:50:46,
817,0,14,1,600.0,UNSAT,0.6,14273,832105,,f619b09209c7e4cd542e29eb5ae9e670246c93deb94d2b0a6d2b33adf9b01dde,drat-trim,0.4,True,321.6,22:50:47,
816,0,14,1,600.0,UNSAT,0.8,17521,1316148,,8947c8d7fac3bf8d2873b4cb6b622c731dccd0810a9ca41aa422192ec0178af4,drat-trim,0.5,True,321.8,22:50:47,
803,0,14,1,600.0,UNSAT,3.4,86424,5634625,,38ef15ff7f536383752400d3a82a7c5d8c2372bb573b1e9fb90b7f4a231ec80f,drat-trim,2.7,True,322.3,22:50:47,
806,0,14,1,600.0,UNSAT,3.5,78115,5427948,,47639293d3425b8ab9735817ffcb8a3f1b203c349601d8c3ebe893ca3bff9294,drat-trim,2.5,True,322.7,22:50:48,
820,0,14,1,600.0,UNSAT,0.6,15935,1180510,,9b9d4c27497a85209ce01b50ad6a6f3e36f7fe3060cb4d7c25a87370091fb331,drat-trim,0.5,True,322.8,22:50:48,
810,0,14,1,600.0,UNSAT,3.1,75086,5236787,,70c36fe5769cb89a1f7cdeae223d3da1f74aabd3f9c9c3bccec894f05f57a996,drat-trim,2.3,True,323.1,22:50:48,
813,0,14,1,600.0,UNSAT,2.2,59452,3936491,,ca37578ee51a521c1fbdfc93f14723c8f010bfcf41b2e86338d9fa5faaa3c044,drat-trim,1.7,True,323.7,22:50:49,
824,0,14,1,600.0,UNSAT,0.8,18112,1292224,,e27a15e347e487e8769eea0b35088f2acfed90e1c89718b2f6341a1a562af6dc,drat-trim,0.5,True,324.1,22:50:49,
818,0,14,1,600.0,UNSAT,1.8,45306,3023658,,f39fd2c7a7cf0485e515ed362ac00457676ca5d70e983bb0642b9cc24e4771f2,drat-trim,1.2,True,324.3,22:50:49,
807,0,14,1,600.0,UNSAT,4.3,96036,6780729,,0ae17dab1dddd1d3eab6a45f9b34fd73a15e9c78e8281e4f364fcaec1810a85d,drat-trim,3.3,True,324.3,22:50:49,
765,0,14,1,600.0,UNSAT,14.6,249693,18716725,,2564b757308a49f149349cce3691f0e6ee56adf355dbdc52e319d6f320d3177f,drat-trim,11.6,True,324.6,22:50:50,
821,0,14,1,600.0,UNSAT,1.9,50509,3561887,,4e40e26eb96d0a8187eea5fc669bb4a6f136406ee0875101b53c9b6fc103363e,drat-trim,1.2,True,325.0,22:50:50,
814,0,14,1,600.0,UNSAT,3.2,82033,5689589,,193ee21dade96f41241c10787c3e0338db22af64b86c65adefa91bd92fff52c4,drat-trim,2.6,True,325.8,22:50:51,
825,0,14,1,600.0,UNSAT,1.8,45854,3157458,,b9d31ed1c6e63c0b2729e801cce487077031d8689af52022751ebfbe804e6abf,drat-trim,1.6,True,326.5,22:50:51,
832,0,14,1,600.0,UNSAT,0.5,11362,758762,,cdfc87227822ba023f3dad3a07e707f18a8da08033f49ad0aaf07d55681c9071,drat-trim,0.4,True,326.7,22:50:52,
828,0,14,1,600.0,UNSAT,1.6,38134,2524938,,75dd0ef272e752faf7d4720963773bd9c6879d4376f84dcae735662c6fc56eb4,drat-trim,1.2,True,327.1,22:50:52,
815,0,14,1,600.0,UNSAT,3.6,89629,6008619,,0d29e437106a288ff9afa76e53882c367b239c7d9c932ea32bb68a1b14c3acc6,drat-trim,3.1,True,327.1,22:50:52,
829,0,14,1,600.0,UNSAT,1.7,39109,2562396,,09b80e2e65c29a5637e674216196f56d2057c2b99cf60b6559164b306539ed7f,drat-trim,1.2,True,327.2,22:50:52,
834,0,14,1,600.0,UNSAT,0.3,7999,470645,,c882fc86e1b0786feacbdb19926717491867b41117e20e2e03c2f0013efb95ae,drat-trim,0.3,True,327.3,22:50:52,
833,0,14,1,600.0,UNSAT,0.9,19113,1415322,,52b617eef7ac7fd4bfced6fa3c43b6cadb8b5b463cb9dc296cdfda3e36285422,drat-trim,0.6,True,327.9,22:50:53,
819,0,14,1,600.0,UNSAT,3.8,88890,6142882,,9bfe89e02efbbd5d86635620752701ef19ddc8b813b99b0d0773b75f251848b9,drat-trim,3.8,True,328.9,22:50:54,
835,0,14,1,600.0,UNSAT,1.0,26031,1823521,,0dc68d8979cb65dc0933d87cf79e0304d572b744321af0184053fe6653b2bf11,drat-trim,0.8,True,328.9,22:50:54,
822,0,14,1,600.0,UNSAT,3.7,87196,5910385,,3e88dae870669478df9afda832a4e57614ee286c9769c0352cab3fd699acdde5,drat-trim,3.0,True,329.0,22:50:54,
831,0,14,1,600.0,UNSAT,2.3,50905,3527517,,ef49a2269e0245f35d75470431e066a2e7dda9952789bc34101c354524908eb2,drat-trim,1.7,True,329.0,22:50:54,
840,0,14,1,600.0,UNSAT,0.3,8087,464214,,8990d1e4402d7c00ac37f41ada6377882f20bcf169715b7cfe37166b2f65f266,drat-trim,0.3,True,329.5,22:50:55,
811,0,14,1,600.0,UNSAT,5.8,131887,9181904,,9807868d2a20f750faab6a983ea25f1df9b87b1645abd6751b09ebe734874cac,drat-trim,5.0,True,329.6,22:50:55,
842,0,14,1,600.0,UNSAT,0.5,10787,678243,,14c833588e7d658f116ab11fa39ac69484b8817e00b9b6b5d68c10232cdeff4b,drat-trim,0.3,True,329.8,22:50:55,
836,0,14,1,600.0,UNSAT,1.9,46309,3245672,,5bc00b6126cac29b6db248cf6c9a80172d98be3b4d37a8297c1c3134e4fdf963,drat-trim,1.4,True,330.4,22:50:55,
841,0,14,1,600.0,UNSAT,0.9,22337,1583090,,b6fd12f7e6c6ebe0a746a56e9fa6f3efa1354341d020dfeb65497ab642f94c5c,drat-trim,0.5,True,330.4,22:50:55,
826,0,14,1,600.0,UNSAT,3.7,85096,5506914,,77536295bb243c6dbdfdd63402105b144df07f5be367c3b402d131f16e8d698c,drat-trim,2.9,True,330.4,22:50:55,
823,0,14,1,600.0,UNSAT,4.4,94601,6759781,,a05d6eebeea7a48dbd44552b906fbdceaf023ce6ce41898691687bc83be80886,drat-trim,3.4,True,330.6,22:50:56,
843,0,14,1,600.0,UNSAT,0.9,25731,1666997,,4e1b6e1be333748e07c1c01b65d69ac72d08a696e857936612b92d2ff093d813,drat-trim,0.7,True,330.6,22:50:56,
848,0,14,1,600.0,UNSAT,0.5,11701,867918,,2c7f669695642e8142577c928b6d7d84d87ea4231deaab03b1aaad767ccb2fa7,drat-trim,0.4,True,331.3,22:50:56,
850,0,14,1,600.0,UNSAT,0.4,9751,770655,,bd11aac888e4976faecb5cacfb52499ec8ef097cee8ffe8819ff265953dfd9e0,drat-trim,0.3,True,331.3,22:50:56,
849,0,14,1,600.0,UNSAT,0.9,23252,1661657,,59444963b847530eb45a0754f7e4a8b16d45568c437165785d2e43f3ee80141a,drat-trim,0.6,True,331.9,22:50:57,
830,0,14,1,600.0,UNSAT,4.5,95350,6638469,,31278712fa2faae3e053dd9a10065feddd2b2289c639c4670ddfad1cd692a8db,drat-trim,3.1,True,332.2,22:50:57,
851,0,14,1,600.0,UNSAT,1.0,23941,1674017,,85e964f44d427fe7367446cd0ea085e2c0013704c1a5eac48def43210f7d17a2,drat-trim,0.7,True,332.3,22:50:57,
767,0,14,1,600.0,UNSAT,17.2,294775,21615517,,115a271e88648b51952c60d8b2fe7c1103a7a96b12027f7b089ba8c831a3ab82,drat-trim,15.0,True,332.4,22:50:57,
838,0,14,1,600.0,UNSAT,3.0,71182,4960433,,bc21a678ba79d8ec7523adbbde362d08328669202039b5af1e52ffceaf9c6ee8,drat-trim,2.1,True,332.5,22:50:57,
827,0,14,1,600.0,UNSAT,5.1,106687,7118166,,c5d0c642865de8bf53677c7e6a12d8ceedb16c0f7c72aeb49279ce6e77174772,drat-trim,3.7,True,333.0,22:50:58,
837,0,14,1,600.0,UNSAT,3.4,80413,5400757,,459becc7f14be0dd1d9e70dc1758ec171344a3148c1dafcb4a2a32ba48c08d8c,drat-trim,2.6,True,333.2,22:50:58,
856,0,14,1,600.0,UNSAT,0.5,12154,851902,,03e6c62818a1697522a36cb3a0fd82f0dc0c5c5b8a4df6a54a221d53db8c1423,drat-trim,0.4,True,333.2,22:50:58,
858,0,14,1,600.0,UNSAT,0.5,10924,770716,,31bf2b7f8bb21e2b69cea6e6bbaf71d14d1b18e87cee599eeb9e6360140bd8ce,drat-trim,0.3,True,333.3,22:50:58,
845,0,14,1,600.0,UNSAT,2.2,49901,3880619,,93d664fa2fb6ca626caa5d14a93f87b56e6558fb33dcc92b82843fec892dbe48,drat-trim,1.4,True,333.3,22:50:58,
857,0,14,1,600.0,UNSAT,0.9,21484,1627224,,acb08830c0bd933fd5d9b6da415659eff80af5af8d03677354042e4cf1313d77,drat-trim,0.5,True,333.8,22:50:59,
846,0,14,1,600.0,UNSAT,2.4,57195,3922300,,ac13ad765f34c412d6d648c49c978408f6fdd1063745184f7f6ccde6b557b294,drat-trim,1.8,True,334.0,22:50:59,
852,0,14,1,600.0,UNSAT,1.6,40132,2891610,,07488cb22f651289b28a950d0c946d132f3e6acc577f61e7ee35a455101dd701,drat-trim,1.0,True,334.0,22:50:59,
844,0,14,1,600.0,UNSAT,2.9,68638,4842164,,169e71bd88493d5fe38298f79663423e79c0dfeeee6786cf7d96be1825763184,drat-trim,2.2,True,334.8,22:51:00,
859,0,14,1,600.0,UNSAT,1.0,26816,1974945,,0cb86150821ca4a7e3c0dea6c5dab83b747884d08f1a7d09c2b6f0f14b1d2bd9,drat-trim,0.8,True,334.9,22:51:00,
839,0,14,1,600.0,UNSAT,3.9,91180,6160790,,bbbe1d3e2c979dd1e7e487d9136bf06e98f7d215efe67c3a2ed1419dbbfbfda4,drat-trim,3.3,True,335.2,22:51:00,
861,0,14,1,600.0,UNSAT,1.9,44625,2978078,,8bc65af03ca87a67cbe985f5ce793df9c0e15c78de4d4924d7ffb14c7673d7d3,drat-trim,1.2,True,336.3,22:51:01,
864,0,14,1,600.0,UNSAT,1.6,41730,2929399,,c9dde4e42742e63385761476bc6a3971cc13f01080ce0e726fe11b4af2d6a59a,drat-trim,1.1,True,336.5,22:51:01,
847,0,14,1,600.0,UNSAT,3.6,85865,5993169,,03749dce988f0189e588f7ae76646788f65370ee989670f824f43ca1a54bf7f6,drat-trim,2.8,True,336.8,22:51:02,
854,0,14,1,600.0,UNSAT,2.8,69095,5015700,,a6c1f885b3a96a0d1e217d4427dba5018c6e85898332d090c3bd0b2be39640d3,drat-trim,2.3,True,337.0,22:51:02,
866,0,14,1,600.0,UNSAT,2.2,57476,3897125,,378a95fc4de6c8b56d9d20092ce00b46b939c0fce8b3b829ed7103bc410529ba,drat-trim,1.6,True,337.8,22:51:03,
853,0,14,1,600.0,UNSAT,3.7,82133,5922699,,efec2cbdf9506024b0815f520082a0926f376c72b2dba15575c4b06c3a0afb1f,drat-trim,2.7,True,337.8,22:51:03,
860,0,14,1,600.0,UNSAT,2.8,66478,4464994,,b0d0862d576499a60a69377201f153de45bfca00a6b5be89a9940b1824a4d45d,drat-trim,2.1,True,338.2,22:51:03,
862,0,14,1,600.0,UNSAT,3.1,76649,5066583,,a6a0e5d256d89789dcbbbc995684a83f5b21f6cc2377e52f4e1aaec91cd5c6ad,drat-trim,2.4,True,338.8,22:51:04,
872,0,14,1,600.0,UNSAT,2.3,53485,3770522,,802efaed6adcce32659f9c0573d6bc24d520679d7a4e1bd19c5d18183e9de2ea,drat-trim,1.5,True,340.6,22:51:06,
868,0,14,1,600.0,UNSAT,4.2,94692,6807694,,c66b5dc701be12087a999ba2305f8ab289c2fa3c7e40485fcc47620d36fe271b,drat-trim,3.4,True,342.5,22:51:07,
874,0,14,1,600.0,UNSAT,2.6,63053,4563420,,17e5f9cc74b85429e3295f8555b2beb35729d83d104945bd8a8cad0461c287c5,drat-trim,2.3,True,342.7,22:51:08,
855,0,14,1,600.0,UNSAT,6.1,132457,9278718,,5d876d491d4e8fa999420ef69ead7a74beccd1ad27a478098aebdc0923eb5746,drat-trim,6.0,True,344.4,22:51:09,
870,0,14,1,600.0,UNSAT,4.1,96214,6734641,,002a8251d0311187c803b744ecd2a1b3d3a36918b847d3eb5467927cfa04632d,drat-trim,4.2,True,344.6,22:51:10,
878,0,14,1,600.0,UNSAT,2.9,60239,4144506,,93dc39200be951061459587dd01e83cea434a4384eced7e45436afc936db48f5,drat-trim,2.2,True,345.8,22:51:11,
876,0,14,1,600.0,UNSAT,4.3,93934,6273933,,d339c022babe59ec9824b56a6e31274e9fe67c5262fba65f1fc7e4f933d76889,drat-trim,3.6,True,346.1,22:51:11,
880,0,14,1,600.0,UNSAT,2.7,60302,4225926,,6cfff95adde3b18f0e2894ce5e058c69bd3c560d825e12051204a9447d0fda2f,drat-trim,2.0,True,347.5,22:51:13,
863,0,14,1,600.0,UNSAT,7.8,167710,11202795,,12c5368db6bc91164f2e6b4ff7ccd42fb3e7951cde1005adf0ab974ff60734b0,drat-trim,8.6,True,349.7,22:51:15,
882,0,14,1,600.0,UNSAT,3.9,91154,5921378,,18c7237702a53478e5f8055e55313238153bc5be7fda28f3908ce012599f5134,drat-trim,3.3,True,351.8,22:51:17,
865,0,14,1,600.0,UNSAT,8.9,174077,12461964,,da5af55da7b1059be25aec8220299650e3ea1012e3361497fcf73a38a1c7b26f,drat-trim,9.1,True,351.9,22:51:17,
873,0,14,1,600.0,UNSAT,8.1,162203,10816500,,63261e92e4e5aab982c6578559cb68bd98beb1f6afe683f63a959dab880914e8,drat-trim,7.7,True,352.9,22:51:18,
888,0,14,1,600.0,UNSAT,2.9,60855,4052335,,6726e22e665a4e009c449c2a4445a57d52e509b77baf3a85dcbc9fc2e1683a70,drat-trim,2.0,True,356.9,22:51:22,
877,0,14,1,600.0,UNSAT,9.1,177049,12123212,,f7907048cd432d5c1a3c5d249ab68e76791e15589e245aa4a87f3aaa1c6757e7,drat-trim,9.1,True,357.1,22:51:22,
875,0,14,1,600.0,UNSAT,10.0,191329,13655661,,09828482679603740a14ec07a8a53ae296429a9df5ce44a3d597cac35cdb779c,drat-trim,9.5,True,357.3,22:51:22,
867,0,14,1,600.0,UNSAT,11.5,210611,15158110,,173933921fba2068eed7a2e9de7edbc8ea6f79c1e9140270d326456aabb7ae82,drat-trim,12.5,True,358.9,22:51:24,
884,0,14,1,600.0,UNSAT,6.4,134545,9487707,,2c798969bc831bc6ad5e37f8888504ea7437447b7eb689fcd8ccdf8fb3b0de16,drat-trim,6.8,True,359.3,22:51:24,
879,0,14,1,600.0,UNSAT,9.2,174891,12884956,,a4e4b2c2b60e186cb898985c129530815514b40e083bd633fab7cd1dd65c4de2,drat-trim,9.0,True,360.7,22:51:26,
871,0,14,1,600.0,UNSAT,14.2,259320,19231919,,3c471905227d31a2b639c38810a64ab0c61164bca80bb038cbd0064aa359710d,drat-trim,13.5,True,364.2,22:51:29,
890,0,14,1,600.0,UNSAT,3.6,82506,6026269,,3b8d1cca511637cd9ebbd3b72509220a538d93f1d0376cd24693432433de46d1,drat-trim,3.6,True,364.4,22:51:29,
892,0,14,1,600.0,UNSAT,3.8,83201,5739625,,882a150cea38b1f3c3e157b7a6068d281b5c33d6071fa41e7f28b043695af2ce,drat-trim,3.6,True,364.7,22:51:30,
881,0,14,1,600.0,UNSAT,10.1,182809,13424238,,150d38f7bf25d147f648f33ec4158ab06bd9ac6771157233f35fbff0ceda632d,drat-trim,10.3,True,364.8,22:51:30,
894,0,14,1,600.0,UNSAT,2.9,68340,4839986,,874e933bd8b4c62f7d5530555397e46fc1326a91a6afc2fc644c2c6bac5b616c,drat-trim,2.8,True,365.1,22:51:30,
869,0,14,1,600.0,UNSAT,15.8,271847,20536335,,b8ff4fc55ce68e29de4649060abba93d71e54445c1de07be2f7fb21beb5a8d12,drat-trim,15.4,True,366.4,22:51:31,
885,0,14,1,600.0,UNSAT,10.2,192236,13972976,,2f316e49d2e04f359dae4c1854c5ab7421112660c29605d6e9c5741db03305ec,drat-trim,10.0,True,367.8,22:51:33,
886,0,14,1,600.0,UNSAT,9.8,183658,13237694,,c774f413c5855195a05c9b80b8c539998dce14064c6f602844912ebdeabdf696,drat-trim,9.2,True,368.7,22:51:34,
883,0,14,1,600.0,UNSAT,12.3,224998,16015883,,86decae89a8ea53f1e29240efe728fe950ed9509c354a07d59e8d207e1fdc847,drat-trim,11.9,True,370.2,22:51:35,
898,0,14,1,600.0,UNSAT,3.3,80045,5310751,,b6289931f3afcfdcca7cf3e5085c95985070685bc223125cbab5d920b1add158,drat-trim,2.7,True,370.7,22:51:36,
889,0,14,1,600.0,UNSAT,9.5,174615,12442262,,5ec6dd5a89bdac62f20dbdd045cae3ed876293c7c285b76beb18fbadae4b3d4a,drat-trim,8.7,True,371.1,22:51:36,
900,0,14,1,600.0,UNSAT,3.9,91442,6113303,,4311b4c4bcf2059c22783583a832baa0d415972996cc729bb4786c86310c7a51,drat-trim,3.5,True,372.4,22:51:37,
887,0,14,1,600.0,UNSAT,11.2,203787,14568905,,af371f2fcfd0120d16fc4280aa0f25eef0a5bd0f29e52116de281d30e3baa7b9,drat-trim,9.9,True,373.0,22:51:38,
896,0,14,1,600.0,UNSAT,5.3,116358,8222086,,3e72d7e54ade557caa77426776d107e00d3b929f9095282142d631619e2174fa,drat-trim,4.2,True,373.9,22:51:39,
901,0,14,1,600.0,UNSAT,5.7,122588,8578242,,7520c3e88b16fe76301d762b477e4cee0c9f15eaae8b83a9ac2dce89106a95ca,drat-trim,5.2,True,377.3,22:51:42,
902,0,14,1,600.0,UNSAT,4.9,110572,7677568,,7b6d1e0d88dac81440abd03ac38747edba3d5b27275d13b0d808c02f46c04f28,drat-trim,4.8,True,377.5,22:51:42,
893,0,14,1,600.0,UNSAT,9.5,185864,13429741,,05f3951e1aadd9e57838fbc4b12885814e0403a3a1ed3f301942487dc3465b28,drat-trim,9.2,True,377.7,22:51:43,
904,0,14,1,600.0,UNSAT,4.1,93211,6594832,,21806da9d94d93420df0f6aed158a63cb7ae0833bb54d1bd48d93bcc03cd8bec,drat-trim,3.4,True,377.8,22:51:43,
906,0,14,1,600.0,UNSAT,3.8,85311,5697250,,d9b8dc38159c8af0f286a6b757cc467e83dfbc7fae9688e2108d04f31b5153fc,drat-trim,3.3,True,378.2,22:51:43,
897,0,14,1,600.0,UNSAT,7.4,148160,10758321,,630fc2834e912f5f67ba9c2235421eea4cafc6a510ce5102714b79eaa05c1bd9,drat-trim,6.8,True,378.6,22:51:44,
891,0,14,1,600.0,UNSAT,11.1,214971,15323725,,a758c5cb2f6e3434cdb53d31f012769e9208cc497f594be376d781d503b8c561,drat-trim,10.8,True,379.0,22:51:44,
899,0,14,1,600.0,UNSAT,7.7,160315,11395847,,56f38925d363dd99d786fab44563d98d91521ac6eb1fb494330f5167e37de393,drat-trim,7.3,True,379.9,22:51:45,
908,0,14,1,600.0,UNSAT,4.5,94338,7073474,,c76b597eceb01d12bdfd4efa5d8f9fa0f26433660e71de5b9b14f063e1896d49,drat-trim,3.4,True,380.9,22:51:46,
895,0,14,1,600.0,UNSAT,11.0,208005,15019954,,cd8df92ff3e75449f3e92607265747fd94940f949e2cb1cbf1b634d69798d80c,drat-trim,10.6,True,382.3,22:51:47,
914,0,14,1,600.0,UNSAT,3.0,70472,5023070,,69a1a4de432bb7dd42b3f6134a1e3ed16c64ba2f5a9f7be40f9985e0fb587a0a,drat-trim,2.6,True,383.9,22:51:49,
903,0,14,1,600.0,UNSAT,8.6,167621,12054284,,09603551abe639e44fc7add7a2e848edf643e2ef671d8c486ef2af28f7c6c2e5,drat-trim,7.3,True,384.5,22:51:50,
907,0,14,1,600.0,UNSAT,6.7,152305,10542672,,2df3a76cefdf00ac8d5a78948b421de0617fcfb6f0d8b61546b7a4e2dbf16f2f,drat-trim,6.0,True,385.2,22:51:50,
909,0,14,1,600.0,UNSAT,6.4,128299,9403475,,e943dc6afd1bd0ef126a1324756031505b7ba3565d936b944c3b953c3f5345b8,drat-trim,5.5,True,385.8,22:51:51,
910,0,14,1,600.0,UNSAT,4.5,98494,7094885,,e1a8e9ecd1162edea61be0b857cce1aa697663d872459664ed6e65055d74c351,drat-trim,3.9,True,385.9,22:51:51,
912,0,14,1,600.0,UNSAT,4.5,99980,7280700,,dbddf434370dc8e95f54ffe376b5748d1c92b828f810a8c089de1956eb7e7826,drat-trim,3.9,True,386.0,22:51:51,
918,0,14,1,600.0,UNSAT,3.5,83439,5547168,,5dadd8537cb4dfc6ac373f08f35f5208b35e7325a6274b11dc564a4b50ff65c8,drat-trim,3.1,True,387.5,22:51:52,
916,0,14,1,600.0,UNSAT,4.5,100153,7027994,,e479c360188da130ef1ee70366069227a8457e59b0a5633e6818a0b7384f065b,drat-trim,4.0,True,387.6,22:51:53,
905,0,14,1,600.0,UNSAT,9.9,200810,14073154,,473d438c8ef7b134ecedfdaaf63e902adb34b99b7551ca26227b4ea4e581458b,drat-trim,9.2,True,389.8,22:51:55,
922,0,14,1,600.0,UNSAT,3.0,65546,4464206,,58e579c3fd316805f54475147027c0a4a10dd3a2c93713bfbf6ed89720341a91,drat-trim,2.1,True,390.3,22:51:55,
917,0,14,1,600.0,UNSAT,5.6,120389,8629012,,2c02ca8ae4ad2f316b3fa4174ed33641b8772ef6a0d2060b85e31bc81fbd3925,drat-trim,5.4,True,390.9,22:51:56,
930,0,14,1,600.0,UNSAT,1.1,27860,1884173,,2406df780e0f2ef70db7a51f676489ab0c6d24701678a7c532f4151e4ed7b589,drat-trim,0.8,True,392.8,22:51:58,
928,0,14,1,600.0,UNSAT,1.9,44827,3150745,,90273e07d29aa30a610bb736d1913dcf0e36a04680edde7876c53835793c4978,drat-trim,1.4,True,393.2,22:51:58,
920,0,14,1,600.0,UNSAT,5.3,104520,7367767,,b42c5c3d04c33cc37f4fae6ba2abfd8e3e4ed83489a6693f6f112cae5f3b9ce9,drat-trim,4.0,True,393.3,22:51:58,
921,0,14,1,600.0,UNSAT,5.1,108305,7796527,,145fa65cdcb338579f68bbe59c6c77e12036f82fa1e64390b243aeca6d7671b6,drat-trim,4.3,True,394.0,22:51:59,
929,0,14,1,600.0,UNSAT,2.2,55043,3846461,,c110068af1ee9be60bb26dd895ef95540e742ff6a6d1a51b7f532b8b6b98aa26,drat-trim,1.8,True,394.3,22:51:59,
911,0,14,1,600.0,UNSAT,8.4,174646,12642296,,1e6f379f3e7d62b9ef77e8946476e8601d7a6b61c378d625f0b319f02a07dffe,drat-trim,8.6,True,394.4,22:51:59,
924,0,14,1,600.0,UNSAT,4.9,98221,7184054,,1ae135efaa1f52fbd25836ec73c1f41f923537b8fb8fc7405b179728823243f0,drat-trim,3.7,True,394.5,22:51:59,
926,0,14,1,600.0,UNSAT,4.0,90884,5902300,,67f7f767e93a703418ce1193e486e32787627ae2a40b4eb29261e225e77be899,drat-trim,3.4,True,394.9,22:52:00,
915,0,14,1,600.0,UNSAT,9.2,176005,12890963,,00a7de3d00c2e3b41cbf2d6c48a829743e29f8c2638aa2fa80f0aa062181062b,drat-trim,8.4,True,396.2,22:52:01,
913,0,14,1,600.0,UNSAT,10.5,215910,14866977,,7d55e5f8b7c8da639eeae677c648d294299bee652fd8ea2ff89b2be5f258c257,drat-trim,8.9,True,397.2,22:52:02,
932,0,14,1,600.0,UNSAT,2.7,63587,4375222,,3b93d050a768b8cf1eb626ded507f412ed5df658897539d419a0a617e7dd1200,drat-trim,2.2,True,398.0,22:52:03,
936,0,14,1,600.0,UNSAT,2.1,49518,3741750,,822f49969869356c4a80b3c737313f08e36ef51eacba6aee6be0fce6a82020a8,drat-trim,1.6,True,398.2,22:52:03,
934,0,14,1,600.0,UNSAT,2.3,59154,3961915,,107c244df8c57378b27a29a172c1fd7f3107ea5267c1e98d588717c4cd6ff47b,drat-trim,1.9,True,398.2,22:52:03,
919,0,14,1,600.0,UNSAT,8.8,169857,11825317,,73c69e251b1ca3230dfd39a57655cd5a21241a70ef9cd6466ace16094e145e27,drat-trim,7.7,True,398.8,22:52:04,
923,0,14,1,600.0,UNSAT,7.3,140635,10243280,,1070b3c519182674cbdc6d0a54d45b0449e1f6e7ee627e1495d564b5a745f99e,drat-trim,5.9,True,399.1,22:52:04,
925,0,14,1,600.0,UNSAT,7.1,136028,10063068,,38592b779b34b053f50b85b26222e56096f9351490ff2814c1bec04ead4b3a1d,drat-trim,6.0,True,399.1,22:52:04,
937,0,14,1,600.0,UNSAT,2.8,65512,4410340,,2b4714eafaab136317b7952d5c4892d87b93fb714df9b494ca56bb7c70ab7e92,drat-trim,2.3,True,399.7,22:52:05,
941,0,14,1,600.0,UNSAT,1.4,36351,2581207,,d213c4b40378b9cabca3c6103618affe3a17c4ae397aa740e9c492ccdb57ca6e,drat-trim,1.0,True,400.5,22:52:05,
931,0,14,1,600.0,UNSAT,4.5,98770,6991200,,8bd23fa5419d121a46068c1ecd512ac3d5d327b3865695781f76f768507425c6,drat-trim,3.6,True,400.9,22:52:06,
938,0,14,1,600.0,UNSAT,3.7,86140,6006095,,c3a47a46a408a4955e4fc8d32a4faa4e44a4b61fce1575a91d7b2480850e5861,drat-trim,2.6,True,401.3,22:52:06,
940,0,14,1,600.0,UNSAT,2.5,62628,4195822,,f6606c715da69c6396473fe428c5e94b8c73b4cc79daf4492cdb37c181efcee0,drat-trim,1.9,True,401.7,22:52:07,
946,0,14,1,600.0,UNSAT,2.0,49014,3370447,,e46d303d662d555c176b41fe1c2c6adaf89ee61218e5c5abd801029aec0fb819,drat-trim,1.5,True,402.6,22:52:08,
944,0,14,1,600.0,UNSAT,2.8,68374,4589746,,ed301596d3b54e3ccbf5fb77239320845bac73bcd2bd23759d544042826ca46d,drat-trim,2.2,True,403.8,22:52:09,
933,0,14,1,600.0,UNSAT,5.9,124407,9083823,,e963edc8c6d6815d84e8cbe3ecc6d96691d792cc384ccbaff5cee08ff9f94518,drat-trim,5.0,True,404.2,22:52:09,
939,0,14,1,600.0,UNSAT,4.7,115104,8043380,,5b112e18750839f7f8e89062e85cebc0f07fea99a1d69b70b2eb5e61ee1df76e,drat-trim,4.2,True,405.3,22:52:10,
927,0,14,1,600.0,UNSAT,9.3,179678,13483911,,08b4609ad1fdcc773600a44d6ca3cb2cc966071df4983637b743eae3f61f4519,drat-trim,8.4,True,405.3,22:52:10,
950,0,14,1,600.0,UNSAT,2.7,61662,4348905,,e050f8028c1d7528eecab6f616b0490583019dee0c7e5d8a8830e433ffcb4c34,drat-trim,1.8,True,405.8,22:52:11,
952,0,14,1,600.0,UNSAT,1.9,48241,3209533,,08d01c4f2b0cc4e8aea1f27a08869e5a759d4e71d407422f51c1715aeaf46dec,drat-trim,1.4,True,405.9,22:52:11,
948,0,14,1,600.0,UNSAT,3.3,77475,5620814,,3f8360cb90e932ea0c256c50b4aa32c9335a65e81c336e8b0cf9e185c9d6de8a,drat-trim,2.3,True,406.1,22:52:11,
935,0,14,1,600.0,UNSAT,6.3,143515,9955932,,4de0487ef76fc920d34b2881e4f1c869b52fbbf0321bd09e48a31326e7851981,drat-trim,6.0,True,406.6,22:52:12,
953,0,14,1,600.0,UNSAT,1.8,46991,3149292,,ca3291cd2db2aae3569801d26e7f173fd4c7ce0b7e9ce987c7221d79b03395ba,drat-trim,1.3,True,407.0,22:52:12,
960,0,14,1,600.0,UNSAT,0.7,14682,1147686,,c2bab6bff33b454f9687ce5821ce709f08e68e51be4b247bab0f144ab2787874,drat-trim,0.4,True,407.7,22:52:13,
956,0,14,1,600.0,UNSAT,1.6,41413,2708774,,c33f46cec0d6a3a5a01ae3b89dfdbff4fb82e98b0642e349e4ea51ea19871cee,drat-trim,1.2,True,408.1,22:52:13,
962,0,14,1,600.0,UNSAT,0.3,7951,483481,,b47fb863c11380e1c6785e56f2c642e4f2258bd4c6571ee88e2ff178e0746f4c,drat-trim,0.2,True,408.3,22:52:13,
957,0,14,1,600.0,UNSAT,1.5,38959,2762402,,b64a98297bc3b509f9d3d94bd4d820dcaf71f257cbe1e36f84ae97e4669794e9,drat-trim,1.1,True,408.5,22:52:13,
961,0,14,1,600.0,UNSAT,1.0,25047,1713288,,88ea6ba8f4adbdc298ebe3e0eb9471bc41e54d16d72f2b25998a994863e45bf5,drat-trim,0.7,True,408.8,22:52:14,
942,0,14,1,600.0,UNSAT,6.2,128328,9281893,,d684e2e1f956ada3e2cf7e0e26381c883ebd6da4f8dd48d8a7ee62caee4d114f,drat-trim,5.2,True,409.5,22:52:14,
954,0,14,1,600.0,UNSAT,3.0,76155,5330652,,dbf9cc1997772fe6f41b9afbfb0990b242007225dedfcf402a22d5aa4e65b635,drat-trim,2.6,True,409.8,22:52:15,
963,0,14,1,600.0,UNSAT,1.2,28127,1917002,,82a2e19670508fe03cf8d570b2322b4c86b1abeb089f1310e965053a73a00d02,drat-trim,0.8,True,410.2,22:52:15,
968,0,14,1,600.0,UNSAT,0.4,8866,462499,,6f27b2c7e841c89a77de8601cd1575428cd29465a3b31c12b4ba5d54ff9b36d8,drat-trim,0.3,True,410.5,22:52:15,
970,0,14,1,600.0,UNSAT,0.4,7583,463642,,f5ccaae8127119e5fd8ec294c51fe87a670ff474e39772a796487dc2e7790d3a,drat-trim,0.3,True,411.2,22:52:16,
945,0,14,1,600.0,UNSAT,6.2,130948,9516094,,0bd98e308590fe167e011be2f2579058a4662419f7b5ba61bcb1c2b29f734b54,drat-trim,6.1,True,411.3,22:52:16,
964,0,14,1,600.0,UNSAT,1.7,41327,2788344,,9e808afa9f6de17a5fba8bdf019d00719c6972a5499423b05d759a66211a5ed9,drat-trim,1.3,True,411.3,22:52:16,
949,0,14,1,600.0,UNSAT,5.9,126519,9033787,,d44299f5ac7f8a1c4b80c87ef48540eb6cf7ccae6601c4513c0d88604f2cbd83,drat-trim,5.4,True,412.2,22:52:17,
969,0,14,1,600.0,UNSAT,1.3,28542,1915544,,4b699795ce35d06a88358c904d8bd2ecbd0e2044e655115e5ae87bc5a2ac4435,drat-trim,0.8,True,412.3,22:52:17,
971,0,14,1,600.0,UNSAT,1.2,30404,2159156,,3cc6fba1f040e9c298ab098d075f43fe8846c196ac6f118a748d6d0805efc61d,drat-trim,0.7,True,413.1,22:52:18,
966,0,14,1,600.0,UNSAT,3.0,61855,4283982,,ad622815bbf93440370f487851c43a10777ea2cf9eb9078ebcbf622c0b116afd,drat-trim,2.0,True,413.8,22:52:19,
976,0,14,1,600.0,UNSAT,0.6,11818,676054,,646809ab58a97bf7765a8df505a53e39bb70d7a740ad2d4a9f065d43b32bd0c0,drat-trim,0.4,True,414.0,22:52:19,
973,0,14,1,600.0,UNSAT,1.8,45352,3054571,,9c51ef0405106862955e36d8265dd499d37b11710b4de51ef99de3a50e765a78,drat-trim,1.2,True,414.3,22:52:19,
958,0,14,1,600.0,UNSAT,4.8,101744,6869602,,eb85d0f5dc067b36a102b8c7207787aa538268782426d328c5ced96d29cc16ef,drat-trim,3.9,True,414.6,22:52:20,
978,0,14,1,600.0,UNSAT,0.4,8649,462793,,6c99960f968165a4e9401a8fcdecc183f03a65814ab5ba1af0fa8e30862897ca,drat-trim,0.3,True,414.7,22:52:20,
977,0,14,1,600.0,UNSAT,1.1,26046,1804681,,56162161db1483ad627a96affa82ba71c87f52dd4f025fa18824d085b5d59dfa,drat-trim,0.7,True,415.6,22:52:21,
947,0,14,1,600.0,UNSAT,8.2,171691,12054413,,3f33864285a2829d6c288527bd2c20394f9a8d2c7df4da3185459f9e3a13fab9,drat-trim,7.8,True,415.7,22:52:21,
965,0,14,1,600.0,UNSAT,4.3,87366,6172424,,1611b910f59c0daab12697e5bfc3ddf236fc63b4eb5b960f911b12922305afe1,drat-trim,3.0,True,415.8,22:52:21,
967,0,14,1,600.0,UNSAT,3.6,80234,5683543,,5551c76665743c882ac71a83c607a41cd79ebf4141f427506ade057f4234b630,drat-trim,2.8,True,416.0,22:52:21,
979,0,14,1,600.0,UNSAT,1.1,27323,1775694,,f846c429459caa83653529614413e94e0079d0697381c863a505fae11503b745,drat-trim,0.7,True,416.1,22:52:21,
974,0,14,1,600.0,UNSAT,2.2,53607,3648085,,2327caa52719e1f833d37afe1ec8cc550fc414cfee2d6f2b9bfe7f3681363ed1,drat-trim,1.7,True,416.3,22:52:21,
951,0,14,1,600.0,UNSAT,7.7,166933,11866116,,4387a08f7b6928bc37960074f0f5eda233ae4feb41e04cb87a88da4688d6f6bf,drat-trim,6.8,True,416.4,22:52:21,
972,0,14,1,600.0,UNSAT,2.8,65353,4416240,,d1f21219f769611b1183b71fae7edfdc5cc32151c8d3e9a8a73162c400bdc919,drat-trim,2.3,True,416.4,22:52:21,
959,0,14,1,600.0,UNSAT,6.0,125972,9010611,,bfe2fab77d6d539e2c1f0518b2739b7ee307c8a49e9a65e02a6f25592a62728b,drat-trim,4.5,True,416.6,22:52:22,
984,0,14,1,600.0,UNSAT,0.5,10979,653035,,f9a225a4b63179ba606b7e6f7f9a2025b1dabb163148a0c6171b699aa75487d2,drat-trim,0.3,True,416.6,22:52:22,
986,0,14,1,600.0,UNSAT,0.4,8888,639941,,28a8864e42488daa4503f584a26890226fa12d77950eae4e768c50073eee7d59,drat-trim,0.2,True,416.7,22:52:22,
955,0,14,1,600.0,UNSAT,6.7,138448,9460820,,c4f09497e8c182fe3916726a966f2ea8464c88eb3659681bdf279cb0c1efb377,drat-trim,4.8,True,416.8,22:52:22,
943,0,14,1,600.0,UNSAT,9.7,206317,15311198,,6e891ba7684f16839f98b35d1c5fbb311a909643b3fd2011ae1436e91787aa20,drat-trim,9.0,True,416.9,22:52:22,
985,0,14,1,600.0,UNSAT,1.0,23612,1799027,,135d3614208d83d0a33adbe4fee97424ebd1074438c67e8defd82cc11266c981,drat-trim,0.7,True,417.7,22:52:23,
987,0,14,1,600.0,UNSAT,1.0,25586,1875277,,0762248558dbc91ef2adc5893a8fabb64bc4795464cdab075b2e2f66a9b9bffc,drat-trim,0.6,True,417.9,22:52:23,
980,0,14,1,600.0,UNSAT,2.3,53829,3701627,,d75635fa059eeaedf426c43d48d95246043fa9205b2a27145d2abd6a183526b7,drat-trim,1.6,True,418.5,22:52:23,
975,0,14,1,600.0,UNSAT,3.9,87687,6092049,,0becb520ae254fbdf7baf649c273ae91553b6b6e734f651c85a33908069405fa,drat-trim,2.9,True,419.2,22:52:24,
989,0,14,1,600.0,UNSAT,1.9,45802,3183878,,a692d903f46c65e1b5ac8d4cb4e07d69b3a50b67e13a5f9c4f67524383d19f47,drat-trim,1.3,True,419.6,22:52:25,
981,0,14,1,600.0,UNSAT,3.4,80747,5567226,,5faf9ec101577c387aa1a06ef3f3e2760e20cef04c9f60f45ee993056a4de86d,drat-trim,2.8,True,420.8,22:52:26,
982,0,14,1,600.0,UNSAT,3.0,70101,5518634,,a97b7e61b23b6de364366d4d22bcd1a0eb153d2e2d5e98f895f6ad3c8b1ffa88,drat-trim,2.3,True,420.9,22:52:26,
988,0,14,1,600.0,UNSAT,2.7,66867,4365413,,b8cddd3c9e7d72ba24fa536ebdd36b881779c92ec8c42aa685bc1b7e3fcce451,drat-trim,2.2,True,421.3,22:52:26,
996,0,14,1,600.0,UNSAT,2.0,52871,3576917,,91eb1e749d201ada35cc46ac5a258cef181bee3b9bd3da9ec3f8987d4378644f,drat-trim,1.6,True,421.5,22:52:26,
990,0,14,1,600.0,UNSAT,3.1,72318,5210700,,74138f353e8f67f7544789dc54ddd3a9a777b20d5b91de7f71aa2744d8c4290d,drat-trim,2.4,True,422.1,22:52:27,
998,0,14,1,600.0,UNSAT,2.8,66832,4925955,,bea816967e8decf1a1b05bb8161c1fb03faae767a4f5972af6cc4875fdb0598c,drat-trim,1.9,True,423.9,22:52:29,
992,0,14,1,600.0,UNSAT,4.4,103214,6910122,,3196f596155729c089c44cd1e365044cff9aa189f1f57fe76b6235e03e32740b,drat-trim,3.7,True,424.8,22:52:30,
994,0,14,1,600.0,UNSAT,4.3,98423,7232774,,84584dfe4cab66a15d8e5ac8ff6a596e2e19b3458d2af2a72a73c86f7dad2293,drat-trim,3.6,True,424.9,22:52:30,
1004,0,14,1,600.0,UNSAT,2.3,55249,3887491,,ac0e3e7111dcde69140ddd3adb84f24378e5f50487749113a09525287b35a337,drat-trim,1.7,True,426.1,22:52:31,
1002,0,14,1,600.0,UNSAT,3.1,72273,5265477,,b4f818c5a180a69b34e4f169517ece9cec59e7baeb2aa0448facb01da78c86da,drat-trim,2.5,True,426.8,22:52:32,
1000,0,14,1,600.0,UNSAT,3.7,86617,5804859,,4d8d8b0d7f7b2dda65dd0941423ace0ba01c5002c9cedff4be8de8cfe039b91c,drat-trim,3.0,True,427.5,22:52:32,
983,0,14,1,600.0,UNSAT,6.9,152721,10439599,,95c624c4399e9723cdac7d96cb5f621d4623763fc3ae60e688443e455784bb52,drat-trim,6.4,True,429.0,22:52:34,
1006,0,14,1,600.0,UNSAT,2.6,63731,4378193,,3ba5defe6e6dd3f3edb0dabd259160ce7dee3eee93553cafbf88bd3efe8a317d,drat-trim,2.0,True,429.4,22:52:34,
991,0,14,1,600.0,UNSAT,6.6,146209,10113235,,35f3367658f87b6fedea3de14ddeb77f98c80fe8539a7dd0b7ba6cf0cd184204,drat-trim,6.8,True,430.0,22:52:35,
993,0,14,1,600.0,UNSAT,8.2,167408,12132426,,b3409f097b32edd53ddfc6bbba43fd34193eb2012e2fa515b4a2c5bc822daa3d,drat-trim,8.7,True,433.7,22:52:39,
1010,0,14,1,600.0,UNSAT,3.7,73333,5431377,,fced6e7e37327614a7bde8be9f4cfa006f21dbbd673d47be6ea284bd33766083,drat-trim,2.8,True,434.0,22:52:39,
1008,0,14,1,600.0,UNSAT,4.4,91090,6317333,,52441700957315c84406bd1b5ec69f5fad4c3abe98f62bf493dad647c2d55db3,drat-trim,3.5,True,434.0,22:52:39,
997,0,14,1,600.0,UNSAT,7.8,160154,11629892,,1ffd47ec12d003dfa05cb14e80c66869a6fd1fedb52181b38eefecf4be624c2a,drat-trim,8.2,True,434.4,22:52:39,
1012,0,14,1,600.0,UNSAT,3.0,64967,4528724,,6e95591b9bf1e8011ebe5c35ab8004a372695ac7506715ab989b76b0447bc9d5,drat-trim,2.1,True,434.7,22:52:40,
1001,0,14,1,600.0,UNSAT,8.2,168930,11764967,,f96d0e47976e9d29d6aa4a2efb298b69108000b08b447f397a68b4316fcd34d7,drat-trim,8.5,True,437.6,22:52:43,
999,0,14,1,600.0,UNSAT,8.7,181945,13155953,,8169fbf01196590831c3f66e7b23614721eff879deda3ed03732b8c9134eddf0,drat-trim,9.6,True,437.9,22:52:43,
1003,0,14,1,600.0,UNSAT,8.6,174849,12472910,,0eae5183df05f1f558787e1a90a6584a7721473b620ef45531e91216efbbd33c,drat-trim,8.7,True,438.8,22:52:44,
995,0,14,1,600.0,UNSAT,10.2,210290,14856877,,7fd0a28715bb3f9392737554f22b4bf27d91afdb9945e7f8def4cb810dff3183,drat-trim,10.7,True,438.8,22:52:44,
1014,0,14,1,600.0,UNSAT,3.2,75631,5336997,,ff423af209cff6fb987ab5ec08f9b5003a1cbae695dda943ac76cc69ae2d5c1e,drat-trim,2.6,True,439.5,22:52:45,
1005,0,14,1,600.0,UNSAT,8.3,159289,11019177,,7838155728a5bdae16f2cf3bef951f31b5f75c521787f98021cfb530158414b6,drat-trim,7.5,True,439.8,22:52:45,
1016,0,14,1,600.0,UNSAT,3.3,77876,5628121,,36aacff148b7ce313ac71f08dfaf650dde0c6a868c0b58d3531c18423553d745,drat-trim,2.7,True,440.0,22:52:45,
1024,0,14,1,600.0,UNSAT,0.2,3796,269316,,a21a5d35db9c2311cc1a08028e6404a9205763fc7abcccc0638d0e7bba28b081,drat-trim,0.2,True,440.4,22:52:45,
1025,0,14,1,600.0,UNSAT,0.2,5276,383685,,2d6ed6fe66d898a6285bb77b413e64c934ec398ed8b8a3cb0cecbdfebec9a609,drat-trim,0.2,True,440.5,22:52:45,
1026,0,14,1,600.0,UNSAT,0.3,6539,331983,,f7c0e6db0900b31ff4aa40240233d448bd9512061fa3b36fd03e8a1c3a41750a,drat-trim,0.2,True,440.9,22:52:46,
1028,0,14,1,600.0,UNSAT,0.3,5249,371073,,9e21a480a9c8955c258b971546a80ec18ad1029df7b834076959aeb5e3e65bf3,drat-trim,0.2,True,441.3,22:52:46,
1018,0,14,1,600.0,UNSAT,3.6,86371,5757552,,9349881cc7ba6e9d64097a9e8bccf40f179a666a63f73fbf0870ad9db94d58bf,drat-trim,3.0,True,441.4,22:52:46,
1027,0,14,1,600.0,UNSAT,0.8,21962,1665377,,419406dd0d63fa5d293a3ed8ffc6cc6c755f562390b8bf62330ce3d7bd3f59fb,drat-trim,0.6,True,441.9,22:52:47,
1030,0,14,1,600.0,UNSAT,0.3,6812,373843,,865864bdecc4857d6050c5aff891efdbb4d65a3d679dd641d2346f84f9abd743,drat-trim,0.2,True,442.0,22:52:47,
1029,0,14,1,600.0,UNSAT,0.5,11478,668179,,0c63bf9c0e6858c30c7eaf60639fc8b57deb90221706c606fa679cf86d9a55fe,drat-trim,0.4,True,442.1,22:52:47,
1031,0,14,1,600.0,UNSAT,0.5,10539,692469,,41eda85134b8ed356fb46ddbad1ac909a82229cdf4f64e1cb2fd921fdc6f5fce,drat-trim,0.3,True,442.7,22:52:48,
1033,0,14,1,600.0,UNSAT,0.3,7491,488452,,1feed9e8dc869bc929bead933bda8da88e973b78e55782d4c554e7290b8fbaa0,drat-trim,0.3,True,442.7,22:52:48,
1032,0,14,1,600.0,UNSAT,0.5,11305,751037,,6194df8ba903a2080d938a514bf6a5959c07488beb5ded4b55d6898d98b35aa6,drat-trim,0.4,True,442.8,22:52:48,
1009,0,14,1,600.0,UNSAT,8.5,162025,11925977,,3f4d9f9ed00fbe5e9e7137cbb85da517e18b3493cffc4b6447ac6cd1474c53af,drat-trim,7.6,True,442.9,22:52:48,
1034,0,14,1,600.0,UNSAT,0.4,8888,671203,,304f3042e3af6e4b6222813dcfd975f26c8ac2a67761d778f90e8e3c1903a1b0,drat-trim,0.3,True,443.4,22:52:48,
1035,0,14,1,600.0,UNSAT,0.7,16432,1242389,,e3eee680fa392372adec41df9723822657eaccd2fa508ecaf41a173123390a35,drat-trim,0.5,True,443.9,22:52:49,
1020,0,14,1,600.0,UNSAT,3.3,81880,5630478,,9c2275e38d54df1c8ed9611d82c0717cd4d073f9fdd86e8382de83695f7b0b1b,drat-trim,2.6,True,443.9,22:52:49,
1037,0,14,1,600.0,UNSAT,0.7,16203,1184522,,d12be3e9edea7168800f9f5f7f6c38495a594dd408cb7a3f3543c8d8b5cd7690,drat-trim,0.5,True,444.1,22:52:49,
1036,0,14,1,600.0,UNSAT,0.9,24150,1647566,,c9715894e38ffdce56525b7dae924a7d256cadca694e87cf1fd1837c3b850679,drat-trim,0.6,True,444.2,22:52:49,
1040,0,14,1,600.0,UNSAT,0.2,3626,216614,,52f9789ffc2cd14eab49b6ae23c9739847dc08d71cf46a910c324d0c542dae74,drat-trim,0.1,True,444.2,22:52:49,
1041,0,14,1,600.0,UNSAT,0.2,3470,250753,,b44847db7aa7657c5869a12e783ec61b314d588f559cb72c33e7c24167add3e1,drat-trim,0.1,True,444.4,22:52:49,
1042,0,14,1,600.0,UNSAT,0.2,4913,291932,,aa1954328a82483666095b995f8da35172034bc5312b35c2e199ec5ec60c3e0c,drat-trim,0.2,True,444.6,22:52:50,
1043,0,14,1,600.0,UNSAT,0.3,6259,393312,,59c32d12ddddb419559483a2d63e96e8dd7bb38bf236e038fa0ec3543d33f2f8,drat-trim,0.2,True,444.7,22:52:50,
1039,0,14,1,600.0,UNSAT,0.5,13251,763933,,b31b43b035e820700b230983b5c26560c718821be76559f62f0519b167195867,drat-trim,0.4,True,444.8,22:52:50,
1044,0,14,1,600.0,UNSAT,0.2,4815,258479,,6fb50250e32e41631b58d05b65a95cfd5dca043464d8dfafd2fc69960158ab47,drat-trim,0.2,True,444.9,22:52:50,
1038,0,14,1,600.0,UNSAT,1.0,25005,1714867,,97af281a83e0c839cb7be82fdc3ad2eb47c3677cce902aca61bee2b171c36fff,drat-trim,0.6,True,445.0,22:52:50,
1045,0,14,1,600.0,UNSAT,0.2,5398,377938,,ba0ec2c24b7619ba7aab54bea6f975e2d3a456d77d943ada38e9ddcbd41d2563,drat-trim,0.2,True,445.1,22:52:50,
1046,0,14,1,600.0,UNSAT,0.6,12196,838754,,40cc33c6c74ab2f460612bfa4cb9cafe02aa92188148c60f8a4c935cf4525e92,drat-trim,0.4,True,445.7,22:52:51,
1049,0,14,1,600.0,UNSAT,0.4,9466,810574,,ae335576d6244ee62502b55017c3e6dca3287a049598cd290cbb17f7612f1c95,drat-trim,0.3,True,445.7,22:52:51,
1047,0,14,1,600.0,UNSAT,0.6,13152,853997,,1bca42be1313a4791412136882d179d68454758b7b099ea09bf94f5e9954139d,drat-trim,0.4,True,445.8,22:52:51,
1048,0,14,1,600.0,UNSAT,0.5,12306,862778,,608234ecf0a70025b21f89e9d3435ac03b5c1592e2896b4254ba3c5742819fe2,drat-trim,0.4,True,445.8,22:52:51,
1013,0,14,1,600.0,UNSAT,8.4,167223,11792779,,de613ce3cb9247ad40d41f1942bee87eb8990c8265bd5d780016a07e62bdb64c,drat-trim,7.6,True,446.1,22:52:51,
1050,0,14,1,600.0,UNSAT,0.6,12830,943215,,86af730a716bfcc4cd94a5d940a5fd5f63332ec0317a48683a43b8127b13ea4a,drat-trim,0.4,True,446.2,22:52:51,
1052,0,14,1,600.0,UNSAT,0.4,10037,745473,,60e73beed39fe8978b54162a3566577327a8eef85f7691e2b98716c70ef4c32f,drat-trim,0.3,True,446.5,22:52:51,
1056,0,14,1,600.0,UNSAT,0.2,3066,250960,,0b939d654c2d1e4abcc19e86b4b11bd680affa96fc1345fd13789027d7e8af23,drat-trim,0.1,True,446.5,22:52:52,
1057,0,14,1,600.0,UNSAT,0.1,1968,107997,,aa7421b565ad44fedec3cf957e7ad21483b0b1fb22208c9632b32bfb11ab342a,drat-trim,0.1,True,446.7,22:52:52,
1058,0,14,1,600.0,UNSAT,0.3,6770,383196,,23a8bb337e988c20fd3c18fbba6733193bc866cfa4e753013899f7606b09ca88,drat-trim,0.2,True,447.0,22:52:52,
1059,0,14,1,600.0,UNSAT,0.3,5624,352822,,26e528a0b967288a324a13a434d9410f15d55378933b32c3737bf38dfe861a2c,drat-trim,0.2,True,447.2,22:52:52,
1051,0,14,1,600.0,UNSAT,0.9,23201,1570986,,c5282af0223fff83b0900ddf51a238232e3f26102dae63083494202ab0950ca8,drat-trim,0.6,True,447.3,22:52:52,
1060,0,14,1,600.0,UNSAT,0.2,5416,363346,,6c116fc2ec07707c5c16ed193d97a08a9221ed720017e66dbce2bff2682253df,drat-trim,0.2,True,447.5,22:52:52,
1062,0,14,1,600.0,UNSAT,0.1,2369,156461,,d4431ee0361775979e0db3800b85d3fa6c7cc57200b3ae96f64d194182a3595b,drat-trim,0.1,True,447.5,22:52:52,
1055,0,14,1,600.0,UNSAT,0.9,21942,1501621,,2f7330bebee7ac87b2277299ee7b141e58de26dbeac3696cc6e15d5f5d9b9887,drat-trim,0.6,True,447.6,22:52:53,
1063,0,14,1,600.0,UNSAT,0.1,1620,97716,,b6607eef3da15bf93853b58d09c4e8c724e18e59beac34b498beeba0a89580c1,drat-trim,0.1,True,447.6,22:52:53,
1061,0,14,1,600.0,UNSAT,0.3,7952,453243,,158140f6a74f56453035dbab02cb3a40927878e4c4271c961d48f4407ed83373,drat-trim,0.3,True,447.8,22:52:53,
1053,0,14,1,600.0,UNSAT,1.2,28476,1960151,,de26926a6e9402b2da1cb369a2cac7ebd23566113d2f400a05de7faa01e554bc,drat-trim,0.8,True,447.8,22:52:53,
1054,0,14,1,600.0,UNSAT,1.1,31377,2302348,,0468f09f85a6c69c14176fdd2bd7d0d892a9526d77ed8876ac25439adbb2344a,drat-trim,0.8,True,447.8,22:52:53,
1066,0,14,1,600.0,UNSAT,0.3,7129,365471,,3c066b22610bd41746aa64c1a4087b001651c962d28595d5e08e8cb2dbd3d6cf,drat-trim,0.2,True,448.2,22:52:53,
1007,0,14,1,600.0,UNSAT,12.8,233474,17114074,,82dc9cc5312f5164fee1b84fa6723749b7945a304c97d230071b19701328a621,drat-trim,11.0,True,448.7,22:52:54,
1068,0,14,1,600.0,UNSAT,0.6,14884,1225029,,542fb62ccc0a685c39cef8c4de01409ea4fe4ea4defe38e91f51e9ca237f1a4d,drat-trim,0.5,True,448.9,22:52:54,
1064,0,14,1,600.0,UNSAT,1.1,30197,2101424,,093ae8f2dadf6ed8e5f070c18c91d496e699bb058044b72aee8310e3f7dd1bd4,drat-trim,0.7,True,449.3,22:52:54,
1067,0,14,1,600.0,UNSAT,1.0,23324,1599134,,03acfee76e543b8555f8fb18dc8542f2854794fa0c86b8515a0741811fd57322,drat-trim,0.6,True,449.3,22:52:54,
1072,0,14,1,600.0,UNSAT,0.3,8544,455534,,7fd69e7af6e951713b4f521c40933a913a7ae99adbe91c3ed9d010bcb03845b6,drat-trim,0.2,True,449.4,22:52:54,
1065,0,14,1,600.0,UNSAT,1.1,28630,1939636,,c2d0f117025d89eec63d10ac3b461f9d78cbe6c57be5c104e16d17aff50c0f32,drat-trim,0.7,True,449.5,22:52:54,
1070,0,14,1,600.0,UNSAT,0.9,20082,1509358,,291f04ffbd5a0de056b0fc7dc1c89aae40632dc80fb90893ba1ccf48cf34c313,drat-trim,0.6,True,449.6,22:52:55,
1074,0,14,1,600.0,UNSAT,0.3,5289,429134,,de0aa7231008f8b49874e364c213f95f32d0f0d33f2e287a227daebc7bf8f00d,drat-trim,0.2,True,449.8,22:52:55,
1073,0,14,1,600.0,UNSAT,0.5,12341,865533,,c34ac13fdc9f04b4305780234ffd2db6865a1f4a3967f69e81da63d6adae23c9,drat-trim,0.3,True,450.1,22:52:55,
1069,0,14,1,600.0,UNSAT,1.5,36888,2367486,,1edb9c6049939cca4ad4a186e930a6e76a9ec114c0f3b191b6a66c453a10c31f,drat-trim,1.0,True,450.3,22:52:55,
1076,0,14,1,600.0,UNSAT,0.6,13996,873385,,7cee7dd06e7a97a79846bb0f847722eea0b2d19e57d57fd42529de3bbef88c18,drat-trim,0.4,True,450.4,22:52:55,
1077,0,14,1,600.0,UNSAT,0.7,14371,803288,,02c7c7375d2ef19aa990c3341478357ad896d94912a6adf322734dd3872bde74,drat-trim,0.5,True,450.8,22:52:56,
1075,0,14,1,600.0,UNSAT,0.9,20927,1482687,,923446825cd8086795c35d86e6605362a3a1579a7f8ee553e188b8f475199be7,drat-trim,0.5,True,450.9,22:52:56,
1080,0,14,1,600.0,UNSAT,0.4,7476,416273,,1fceb560a6ab5dd7dd74f7572485b42e468d19136dd89af7ec3a8fbb653b82c8,drat-trim,0.2,True,451.0,22:52:56,
1081,0,14,1,600.0,UNSAT,0.3,7455,469265,,e581f5b96e9a5648a492c8eba29325c5dfb9938ee8a70297c91619d29abe0a8b,drat-trim,0.2,True,451.0,22:52:56,
1082,0,14,1,600.0,UNSAT,0.3,6958,401593,,412e4cbabf33862f5d3fcfd3ceaf6bc88c1a5e144f76c3c257f539e193ef41a8,drat-trim,0.2,True,451.3,22:52:56,
1083,0,14,1,600.0,UNSAT,0.3,7650,478152,,97982cb71bce989151a306d93ba41633a905bface24d15375006c0abc1fcab71,drat-trim,0.2,True,451.5,22:52:56,
1017,0,14,1,600.0,UNSAT,8.8,179443,13453827,,b700d4d35273b8842d3b5a06e8f6f635e2250296d6574753f796b0d79a8f9fe7,drat-trim,8.4,True,451.7,22:52:57,
1078,0,14,1,600.0,UNSAT,1.3,31913,2245554,,8f19450305474cbea43e525cfc5c419946b648185bfb6856b110209dc6b6d2df,drat-trim,0.8,True,451.8,22:52:57,
1088,0,14,1,600.0,UNSAT,0.3,5711,338307,,2988082bda548660727a65ddc2096831da25c82593ec8df9b202a713944e94bb,drat-trim,0.2,True,452.2,22:52:57,
1084,0,14,1,600.0,UNSAT,0.7,17296,1252984,,e29b01a97fd35f28690d84ad549fcf7a9cc25a00ef648b55171faa102c6b1ec5,drat-trim,0.4,True,452.2,22:52:57,
1089,0,14,1,600.0,UNSAT,0.2,3986,276183,,3f47652801319df50528b5dbe33cf8f400efe6f981c653057b8477c1ca2d566b,drat-trim,0.2,True,452.2,22:52:57,
1079,0,14,1,600.0,UNSAT,1.3,33782,2176322,,008a2afe24f931ff41c9e3c947215b2296ac569dd014955d3a8932666613365f,drat-trim,0.8,True,452.3,22:52:57,
1086,0,14,1,600.0,UNSAT,0.6,14349,811859,,9ea67dc7e7e6980f07028129bd0776df02fdc3d8ab3b86dd3f21d147588f9486,drat-trim,0.5,True,452.4,22:52:57,
1087,0,14,1,600.0,UNSAT,0.5,11978,986629,,127bcef1cd4651ca8515f09bb4af86651172821048615944380f0b5e8ee750cb,drat-trim,0.4,True,452.4,22:52:57,
1090,0,14,1,600.0,UNSAT,0.2,3306,207485,,a7403bb58d0e5370f5ff7f0b1f0f2f1bf1802b51dd5e51905c99f53215e50a06,drat-trim,0.1,True,452.5,22:52:57,
1091,0,14,1,600.0,UNSAT,0.2,3072,231406,,9e630b259ee6eca51daf6441f12ef3ae1a3b69bade1addd2ecde1ed741c0c1af,drat-trim,0.1,True,452.5,22:52:57,
1071,0,14,1,600.0,UNSAT,2.3,54426,3645295,,6a60f0e00bf9a3d6a3857e1efff98a4d93b7ee76dec577f8548fe99f8dcfc845,drat-trim,1.5,True,452.5,22:52:57,
1092,0,14,1,600.0,UNSAT,0.3,7641,405314,,d616825c2195fba0439eb9f09ed25c60775b5b971409232fbf49e190e240a9ea,drat-trim,0.2,True,452.7,22:52:58,
1097,0,14,1,600.0,UNSAT,0.2,5695,377602,,59a719a1555804a73e14e451a7aabfbfff9c36ea516c55b487199abbe14dbc9f,drat-trim,0.2,True,453.0,22:52:58,
1096,0,14,1,600.0,UNSAT,0.3,5757,353280,,a5b749233a707ff799cc8dadc8af17c5e568b41133c30855a78804e26a829eec,drat-trim,0.2,True,453.0,22:52:58,
1098,0,14,1,600.0,UNSAT,0.3,6959,411100,,e5b12aa3f28f0ba8529b89396d91e001ea0794c03fe67ca3b458e3fa5f82cbc9,drat-trim,0.2,True,453.1,22:52:58,
1093,0,14,1,600.0,UNSAT,0.5,11141,593784,,c80cde111d527b58f13cb4d0fb2776afad946e89e9e7e41b9c4a57c0abc5246f,drat-trim,0.3,True,453.1,22:52:58,
1022,0,14,1,600.0,UNSAT,7.5,162281,11212542,,70dcf2ffcc333d451f03dfcbecf7d91fff127dc80ec60b513c66dbdb4803b64e,drat-trim,6.7,True,453.1,22:52:58,
1085,0,14,1,600.0,UNSAT,1.2,30403,2241180,,0ded553abdb2044ecf628d022219945037375eb8c266975641814d4aa48797aa,drat-trim,0.9,True,453.1,22:52:58,
1094,0,14,1,600.0,UNSAT,0.6,14272,862913,,e3b4775919d86532b5bc5ea9537a1cc958d52b878ac0bbbf015c1fb7aad8378e,drat-trim,0.4,True,453.3,22:52:58,
1099,0,14,1,600.0,UNSAT,0.4,8884,748077,,df254cc2f3618e78ddbf8fce4a5b8b2faad5ad664046ecf4d4d76f8e46a86ae5,drat-trim,0.4,True,453.5,22:52:58,
1104,0,14,1,600.0,UNSAT,0.3,6511,417703,,3d88703943c42c6fe751cee46ef0974a3dc6c3fdd418efc09abe1535e0134472,drat-trim,0.2,True,453.6,22:52:59,
1106,0,14,1,600.0,UNSAT,0.1,2761,137492,,14ec9b8c62d036f404a55c8cabe9f6f94e3a0629e4e2b1d4176ae056908a7b88,drat-trim,0.2,True,453.6,22:52:59,
1103,0,14,1,600.0,UNSAT,0.4,8900,782825,,c189a7b07d4ce953b7c478d956c9b0ec908215d38ca6d65d0f4b59d4127635a4,drat-trim,0.4,True,453.9,22:52:59,
1105,0,14,1,600.0,UNSAT,0.5,10574,659826,,fe03530d3935dce663adf569fda3b76244b4e63ea82c69915cdfd3b7ec1370ae,drat-trim,0.3,True,453.9,22:52:59,
1100,0,14,1,600.0,UNSAT,0.5,11389,746725,,842849dff913a8fa689bdffc1ad25c25764134627fa1cf8213bcf7410dffb49d,drat-trim,0.4,True,453.9,22:52:59,
1095,0,14,1,600.0,UNSAT,1.0,26367,1647728,,2158fd7e40ecfc0c6ef611e5597bb342cab0f418dc64cc3116bde35569758b27,drat-trim,0.7,True,454.1,22:52:59,
1102,0,14,1,600.0,UNSAT,0.6,13285,849161,,51955dec52d4ba56c016a78b7274be2bae3e0b1ad0be8df0a1018df23abd6252,drat-trim,0.5,True,454.2,22:52:59,
1107,0,14,1,600.0,UNSAT,0.5,9744,772589,,d0ecc875c357a006ba22e17fd955c8a27e16811f4a81536d0c6fdd1f2b33ed06,drat-trim,0.3,True,454.3,22:52:59,
1112,0,14,1,600.0,UNSAT,0.3,6379,371626,,5c8bf70b87b8b63cae0d6bc9c3a742b86c6d52b89dd7fb987de558d992e3b215,drat-trim,0.2,True,454.5,22:52:59,
1108,0,14,1,600.0,UNSAT,0.5,11422,635209,,94068387fea72be920da379f675cd8d484b5ac09aae166c5b36d5a85e0c3bdb8,drat-trim,0.4,True,454.6,22:53:00,
1109,0,14,1,600.0,UNSAT,0.6,10711,601135,,1e0037a08d616f0021a2fb5e134f21c62dc23ffb5176084df4ecbc900b600438,drat-trim,0.4,True,454.6,22:53:00,
1113,0,14,1,600.0,UNSAT,0.3,6129,353088,,f2c42a31b8ae10783cc8b3384d1f7fe95e3167a1edb37d6a86f172681d680061,drat-trim,0.2,True,454.6,22:53:00,
1114,0,14,1,600.0,UNSAT,0.3,6343,366368,,6f93fa25a2ebf88767d4f3b9b33fb8b7462bcd2661ca376774d5fdff54ac0282,drat-trim,0.2,True,454.7,22:53:00,
1101,0,14,1,600.0,UNSAT,1.1,25065,1871538,,cfc2288b58b3b0e4b632cd1ccee65b737cd22e16045287567e41815b078398fb,drat-trim,0.9,True,455.0,22:53:00,
1115,0,14,1,600.0,UNSAT,0.4,8506,525711,,62f3fb6306f8c16529a0336c4cd78f8480d0edd371e883fb9994c6394401f169,drat-trim,0.4,True,455.1,22:53:00,
1110,0,14,1,600.0,UNSAT,0.7,15687,1216824,,927120b6e3b04f4a9feb708158b83c70832be0d46920072e390009b38ad86a43,drat-trim,0.5,True,455.1,22:53:00,
1120,0,14,1,600.0,UNSAT,0.3,6039,373693,,5cd68cf6895b431514a69d317480f3450aa12256fbb6d95c76075feba8019f1d,drat-trim,0.2,True,455.3,22:53:00,
1119,0,14,1,600.0,UNSAT,0.5,9110,778194,,9338c98aefbda878c94c893080450b054033426f6d27e47c96088cde9d001aaa,drat-trim,0.4,True,455.5,22:53:00,
1122,0,14,1,600.0,UNSAT,0.3,6738,354788,,c1b679ddbc783124307d25f947a301f5d7aea6770c5b10f6ab42c0e88fe85952,drat-trim,0.2,True,455.6,22:53:01,
1118,0,14,1,600.0,UNSAT,0.6,11090,625573,,4324d9508f74364907d551548b0dcc00077c321ee56e4c08eeb2d1107a70549c,drat-trim,0.4,True,455.6,22:53:01,
1116,0,14,1,600.0,UNSAT,0.7,13255,787720,,18aa5e040d84d7631a54ff41083e9cd8e9cbf46c2d613146f082862a51ada09b,drat-trim,0.4,True,455.6,22:53:01,
1121,0,14,1,600.0,UNSAT,0.5,10027,603754,,57148fade774e4fe254e8ae810d4cd7c715f4f3bede4a9df96fd9e46d9c08b9f,drat-trim,0.3,True,455.8,22:53:01,
1021,0,14,1,600.0,UNSAT,8.4,175316,12403874,,99ce7407e8e467343f57c2be9c6a8bcd8ab40db877cd5061a7a3c912b47b9e84,drat-trim,8.6,True,455.9,22:53:01,
1111,0,14,1,600.0,UNSAT,1.3,31435,2126387,,aad72dcce9dd4e2c3f0ddffeb805eafacfd5ca8cdb771c205524d7536e264d8e,drat-trim,0.7,True,455.9,22:53:01,
1123,0,14,1,600.0,UNSAT,0.5,11247,670614,,ca8b8ccb7aa71c3ef6243dc8daa31a3dc3e0bde197a813ae5fb0999c7f5f8161,drat-trim,0.3,True,455.9,22:53:01,
1128,0,14,1,600.0,UNSAT,0.3,7546,479144,,230a19a2f577f77250bf732a113a0dca11602de5375e42f1a3df8548e5c07ba5,drat-trim,0.2,True,456.2,22:53:01,
1124,0,14,1,600.0,UNSAT,0.6,14149,1054952,,9be4f2a3055c212236ba52106d197819313fb9d57e0c1c6f916568048dc91a71,drat-trim,0.4,True,456.3,22:53:01,
1117,0,14,1,600.0,UNSAT,1.0,25174,1762858,,5eebea2a403c6a5578136aec10e6d5172b0713533824eb39f09dd7c6b8a62d15,drat-trim,0.7,True,456.3,22:53:01,
1129,0,14,1,600.0,UNSAT,0.5,10720,636134,,d2712d8ec08e101db63130776106d1c2e9e17c2836aa13df4bd85572915ca39f,drat-trim,0.3,True,456.6,22:53:02,
1127,0,14,1,600.0,UNSAT,0.6,14302,952535,,584feb3a7aedde80bdf2a0bf0664ab015a9ec8a4f02fe5ac9984d3819224fc52,drat-trim,0.5,True,456.7,22:53:02,
1125,0,14,1,600.0,UNSAT,0.6,14669,1279086,,cdcc4b0c3040d6cfd6efac0c2ada41b6b2fb420702fb698884adfd3a55be66a9,drat-trim,0.5,True,456.7,22:53:02,
1132,0,14,1,600.0,UNSAT,0.7,16823,1278319,,503e8e049cd70580a1f6753587cd4c263c1f6d1bf3b386ec4e1d4fa572d1aa3c,drat-trim,0.5,True,457.1,22:53:02,
1136,0,14,1,600.0,UNSAT,0.3,6696,372059,,2998b6bd95f7b747ef9abc66c1b39922186d026043e0cd94aa75c8220b4c1608,drat-trim,0.2,True,457.2,22:53:02,
1137,0,14,1,600.0,UNSAT,0.3,8138,496637,,fe2c76658779b9dfdb6fb7260c59216b156557b7a85083164f2a9a6a812ca0f0,drat-trim,0.2,True,457.3,22:53:02,
1133,0,14,1,600.0,UNSAT,0.7,17774,1266928,,19e47ac9d83f92f69a3bfbb297ca6d144d53c101227aa0f8f92caf5858d7b15e,drat-trim,0.5,True,457.4,22:53:02,
1138,0,14,1,600.0,UNSAT,0.4,9055,863651,,ff0d66200b32c7516c9b94732014f40b72dff9501577168fccd18ff389a4d63d,drat-trim,0.3,True,457.4,22:53:02,
1126,0,14,1,600.0,UNSAT,1.2,29999,2285463,,193faef3eec7aaf7304aeefbd64db66110d4bbb8a639c2a82eb70d1795e2dd0d,drat-trim,0.8,True,457.6,22:53:03,
1130,0,14,1,600.0,UNSAT,1.1,27050,1912684,,50f54f12fa63af57ddd0d6e1497d780db238d14a81b75f94adb255ed123bc231,drat-trim,0.8,True,457.7,22:53:03,
1015,0,14,1,600.0,UNSAT,11.9,239265,17620934,,fbff7a29dfed47ce76f2f3739ceb211d3d0e4a0a63b5c35d723772811f45797e,drat-trim,11.9,True,457.8,22:53:03,
1139,0,14,1,600.0,UNSAT,0.7,17414,1296521,,7e899039d4926f6dd02e98ef8e01a08cd93b1884d8ff8bfa70f439379232dd01,drat-trim,0.5,True,458.3,22:53:03,
1131,0,14,1,600.0,UNSAT,1.5,35184,2473018,,349e1ca5e0cb708dd01ad97173acbfd702fbbf69116311b20d9209b1a6ecc80c,drat-trim,1.0,True,458.4,22:53:03,
1140,0,14,1,600.0,UNSAT,1.0,25637,1697430,,3a87d3471c7dc483aa1e72f020e44c95f0d1d2d9fb5fa7b181219dc366ae69d0,drat-trim,0.7,True,458.9,22:53:04,
1144,0,14,1,600.0,UNSAT,0.8,20824,1447671,,ac2d665d030a0ec845d6d56b28252d42c06abafb9908852122f6b6ea919a478b,drat-trim,0.5,True,459.0,22:53:04,
1135,0,14,1,600.0,UNSAT,1.7,40355,2891246,,9b86d03d676599f5c5536b858db1b4e0a602b0e52d7918d9c03262c5279339c7,drat-trim,1.1,True,459.0,22:53:04,
1134,0,14,1,600.0,UNSAT,1.7,45794,3222466,,c0b65975cda369a86d4d476d1f1793f74a609d401c56e36bc7d2523ee525430e,drat-trim,1.2,True,459.2,22:53:04,
1152,0,14,1,600.0,UNSAT,0.1,2885,252624,,06f85feb257521e0f5095518326066d2f077604f4eb5ea8d61eb8b5a9f89a3b0,drat-trim,0.1,True,459.5,22:53:04,
1019,0,14,1,600.0,UNSAT,11.1,224239,16555674,,95d20b0c21ae7ab1a619e82fe5242078ab39ae6fccd90b5d5d864d61713189d4,drat-trim,10.9,True,459.6,22:53:05,
1141,0,14,1,600.0,UNSAT,1.3,34914,2581279,,0a6d5392afc36e8734bc2a41dfaca59514fbc76069a6bd33c4666ec38c95e788,drat-trim,1.0,True,459.7,22:53:05,
1143,0,14,1,600.0,UNSAT,1.4,33012,2309619,,374c4bdf99a5fa88a580d0aac52b5db2a8c636efcdb854df4637d61c1061108c,drat-trim,1.0,True,459.8,22:53:05,
1153,0,14,1,600.0,UNSAT,0.2,3769,273426,,0e6ef441bddabcfa346bd227cf4ed78a98103bde652ca764dc1bc9485816fd59,drat-trim,0.2,True,459.9,22:53:05,
1154,0,14,1,600.0,UNSAT,0.2,3386,228155,,56ea1f3232c89b04e28324247ad282e741b422ff2f5fcd788d81ad32a8625f8b,drat-trim,0.2,True,459.9,22:53:05,
1148,0,14,1,600.0,UNSAT,0.9,25472,1702032,,19e292160226cee165ee2f809bbe99ad3966b645cf613485c2ba3915c5b4bc53,drat-trim,0.6,True,459.9,22:53:05,
1155,0,14,1,600.0,UNSAT,0.2,4574,274194,,dbb44281f20f3761271cf27d0c208098202403739642fd8de20b97f0cf21b190,drat-trim,0.2,True,460.0,22:53:05,
1145,0,14,1,600.0,UNSAT,1.4,36626,2311440,,5f2c94266477a28d3ab6c09a2ce8b5ec6daec2caffddfb75befca7213407d719,drat-trim,0.9,True,460.0,22:53:05,
1156,0,14,1,600.0,UNSAT,0.2,5472,356591,,cb9ab609f6f21e4e67cdf24c15f5db454b7e7c2cc376a270c239f67270152750,drat-trim,0.2,True,460.2,22:53:05,
1157,0,14,1,600.0,UNSAT,0.2,3588,256354,,4f0b9650d4e966057e598af48414195a30f6d1422001a29a99702a7fd67ca624,drat-trim,0.1,True,460.2,22:53:05,
1142,0,14,1,600.0,UNSAT,1.6,42387,3033167,,995326e0350ccb04c53b2fa48391e45cf877a0f2002ef500351312746e7d7759,drat-trim,1.2,True,460.2,22:53:05,
1158,0,14,1,600.0,UNSAT,0.3,6869,357873,,133efe9cfedc06ba11d6c4bbf431dcf460aa691d502ffa08579a181ae55f57c2,drat-trim,0.2,True,460.4,22:53:05,
1160,0,14,1,600.0,UNSAT,0.3,6276,358547,,2c4c7b7f566c1dc18ded29c623ae5f9f71d66402e636668021eb6a1619eeb528,drat-trim,0.2,True,460.5,22:53:05,
1159,0,14,1,600.0,UNSAT,0.3,6796,373497,,59d36fa9d05de25d08bae9ef58ccd5ab8d4100936be2aadb1b7efb0cee63d558,drat-trim,0.2,True,460.5,22:53:05,
1161,0,14,1,600.0,UNSAT,0.3,8090,436324,,d5b15ba49efe53b5715c1ac5556d6676d39e499c0381edf4c074307d09b56fb1,drat-trim,0.2,True,460.6,22:53:06,
1149,0,14,1,600.0,UNSAT,1.2,29296,2094217,,6c51e62a7953dd53fb4c82c5fb65c12e65ff28888e1dc20f0a9439abb0b6a5a3,drat-trim,0.8,True,460.8,22:53:06,
1164,0,14,1,600.0,UNSAT,0.4,8868,827241,,a802be536c4c7e35f88afbb07b4d0fd45a0e313c8d7c6f022dbd122da8615bfa,drat-trim,0.4,True,461.0,22:53:06,
1163,0,14,1,600.0,UNSAT,0.4,8044,528642,,456fd858cc892c821f299af072d5a4778c0ad630d5d0809ec1a19767e341f2c5,drat-trim,0.3,True,461.0,22:53:06,
1162,0,14,1,600.0,UNSAT,0.4,8881,798325,,5c18ddd79b2297ba5f5c1afe477a0298fe462eee3daddfaa5e868125a14c8ce9,drat-trim,0.3,True,461.0,22:53:06,
1146,0,14,1,600.0,UNSAT,1.9,47486,3289820,,ec8b9be96381e08d11aef5b04e833aff4c0249292820de227d0f5ad4fc849825,drat-trim,1.4,True,461.1,22:53:06,
1168,0,14,1,600.0,UNSAT,0.4,9195,718818,,78e1be9af2e77a29c1334e90ff76ec2fd55a8426aacd99c459f9b8fdc3779b5d,drat-trim,0.3,True,461.3,22:53:06,
1165,0,14,1,600.0,UNSAT,0.6,11560,719427,,24c75b75fcf5d654e7857331cb732d087939fbb6e8e6cca0b612f9326c7c95e0,drat-trim,0.4,True,461.4,22:53:06,
1150,0,14,1,600.0,UNSAT,1.3,33915,2620375,,793146eded74646798d297206bd9d9b1b4ee96a45e93af0744fa8adbf28d4e0a,drat-trim,1.0,True,461.4,22:53:06,
1166,0,14,1,600.0,UNSAT,0.6,11669,682535,,e636994d2306dfdd0333e7d35f1d68a472cf99f7f0f06be87e7c2f89e18dc396,drat-trim,0.4,True,461.4,22:53:06,
1169,0,14,1,600.0,UNSAT,0.3,7133,377708,,73148e7488a9a22fbead91baa9999e3d376005b404686957a706e35516be48c7,drat-trim,0.2,True,461.4,22:53:06,
1167,0,14,1,600.0,UNSAT,0.6,12821,881125,,90bd756a66ef7369146439f6febc570aa2a3f5e21bc853fc654eac98934264b8,drat-trim,0.4,True,461.5,22:53:06,
1172,0,14,1,600.0,UNSAT,0.4,10821,797548,,3248887a4a9f90e5386b5216e9c12cc0dba0c3e5b27015ce6d7267847561af21,drat-trim,0.3,True,461.7,22:53:07,
1151,0,14,1,600.0,UNSAT,1.7,42528,3057937,,2c1d32a8f00b22d1fab60bd909b1337011b8005e58b7b36edf667021b9d62544,drat-trim,1.2,True,461.9,22:53:07,
1171,0,14,1,600.0,UNSAT,0.6,14470,1202634,,296bb9f9968b1489b5205a3b53132ae80bebb9999158a88710b92ecd6fa9a75b,drat-trim,0.4,True,462.0,22:53:07,
1173,0,14,1,600.0,UNSAT,0.5,12388,947895,,d99263b450159e2492cd275456566fdcdbe9a0c36f6f4a06bcda7a28addf0d99,drat-trim,0.4,True,462.0,22:53:07,
1170,0,14,1,600.0,UNSAT,0.7,16074,1156690,,de87a3e03f597103ef308a7f1c8448e2937e18505bf3bd95aaa8e8ec7745131b,drat-trim,0.5,True,462.1,22:53:07,
1175,0,14,1,600.0,UNSAT,0.5,10800,662947,,21382b74fa51c44031e8df14b45d13ba2d561ba0de88ab5179cc8cffb320757e,drat-trim,0.4,True,462.2,22:53:07,
1177,0,14,1,600.0,UNSAT,0.5,11338,654837,,fcf2fd92829666da127775c94d9261d5952e5af0fc15b775640238d8c791be2c,drat-trim,0.3,True,462.3,22:53:07,
1174,0,14,1,600.0,UNSAT,0.6,14293,814948,,1bb02400ae33f11efedfa4a6ba6d3b6f82c7334528a85ebdb4fe9a4dc9ef70f4,drat-trim,0.5,True,462.3,22:53:07,
1180,0,14,1,600.0,UNSAT,0.3,7849,448320,,395c096156d80b6c97c6fbc72ce850d30a07bd969c5877f688ca5685acdc8bf4,drat-trim,0.3,True,462.3,22:53:07,
1176,0,14,1,600.0,UNSAT,0.6,13928,824322,,fdf04c0edc4e31d0e6732688bda9f337df8080298d9b36db21572bc179625439,drat-trim,0.4,True,462.3,22:53:07,
1184,0,14,1,600.0,UNSAT,0.1,2569,125848,,3f3f964cc43f1bafa91b9376a479d826c3f4ca9864c9b8a660cf36db35c8ee85,drat-trim,0.1,True,462.4,22:53:07,
1178,0,14,1,600.0,UNSAT,0.7,16610,1186580,,faa8f01d9b9c97e0e1deb5fd2fb424ddb7238fa5831f0a2291bac423a47b137f,drat-trim,0.4,True,462.5,22:53:07,
1186,0,14,1,600.0,UNSAT,0.2,3895,245954,,282afe5162a6e40e5dfa17263da03721d817f437e8d8b0a74b9d49295313bcf3,drat-trim,0.2,True,462.6,22:53:08,
1181,0,14,1,600.0,UNSAT,0.4,10339,830633,,68827b31f699d7a249d412f20ea39748ee28cd1bcb5b1d11428e176c420366df,drat-trim,0.3,True,462.7,22:53:08,
1189,0,14,1,600.0,UNSAT,0.2,4386,261194,,7b96a0f5e591929d69c0ed5e1e270b9211504e015cfb4216c34384d951173c15,drat-trim,0.2,True,462.8,22:53:08,
1185,0,14,1,600.0,UNSAT,0.3,8558,450559,,f8d3731c67fea957ea040b265ad362a480bbbedf45af4b315af8774d0454238b,drat-trim,0.2,True,462.8,22:53:08,
1187,0,14,1,600.0,UNSAT,0.3,5288,389145,,7eec5c021d85376d253042c89f956f2df477c840595b0afe5c5f0cb54812ee80,drat-trim,0.2,True,462.8,22:53:08,
1183,0,14,1,600.0,UNSAT,0.5,12859,766259,,28762d5bc57cf61ab1db5090968c296c72596d18aa13cd20314b86eea57fabd5,drat-trim,0.4,True,462.9,22:53:08,
1188,0,14,1,600.0,UNSAT,0.3,7866,430323,,52a9c1f1d9ef8c41b63292abd9d0cea8063ecb368cdc21abc162d7f22ed3a90b,drat-trim,0.2,True,462.9,22:53:08,
1179,0,14,1,600.0,UNSAT,1.0,23977,1626117,,a77a45187e24c904ae7c2e0d36e7119a7fc5fe9235c0f9600a61865df592d441,drat-trim,0.6,True,463.1,22:53:08,
1182,0,14,1,600.0,UNSAT,0.6,14355,1011560,,60f11c746b796699f07b317e72651d02d9f6b8bbcf2c18a2faad8aee32db552b,drat-trim,0.5,True,463.1,22:53:08,
1190,0,14,1,600.0,UNSAT,0.4,9835,720893,,35f505060c6629021eaf711b75ff2810084e94c470cfd163bc17558fe43923fa,drat-trim,0.3,True,463.1,22:53:08,
1192,0,14,1,600.0,UNSAT,0.3,6817,364625,,f223e704ef11e8345392d8023edcb0cca4450ebe54e89d57d1615061992bb589,drat-trim,0.2,True,463.2,22:53:08,
1191,0,14,1,600.0,UNSAT,0.4,8878,617877,,b17f98e56d0363f686b151f4f808c2713a16e8ac0976def3dbae8a18aa0debaf,drat-trim,0.3,True,463.2,22:53:08,
1193,0,14,1,600.0,UNSAT,0.3,5993,358563,,271734e62277d27a283f2c7cb650a795fdea728807170fc6ab0585e61ba1ce3a,drat-trim,0.2,True,463.2,22:53:08,
1196,0,14,1,600.0,UNSAT,0.3,8051,477733,,9fb7d12046968bd007f4c4dbe580c9d35d1a0d756eec82cdde1c60585c9a8c10,drat-trim,0.3,True,463.3,22:53:08,
1195,0,14,1,600.0,UNSAT,0.4,9049,990872,,9f758553e56abbcc0a582155001b2a48cd58a018ae77c9122b8d61d4f01d5eb1,drat-trim,0.3,True,463.5,22:53:08,
1194,0,14,1,600.0,UNSAT,0.4,10462,838548,,4de9c49d5f61214fbd80654990f4afb77fde4b272e71b2506a39220411cc452a,drat-trim,0.3,True,463.5,22:53:09,
1200,0,14,1,600.0,UNSAT,0.3,6615,339199,,ea864facc20b6a3040ef826d9fe7f580d114313db6eba5b950b054c2eb9c9de7,drat-trim,0.2,True,463.6,22:53:09,
1197,0,14,1,600.0,UNSAT,0.5,11119,770172,,b608d719ee15bd879907c4327f7dfb879128c9517de2300f94e6af3e680d0c3c,drat-trim,0.4,True,463.7,22:53:09,
1204,0,14,1,600.0,UNSAT,0.4,10645,833407,,2e88e638cbd324f24b7ccb74b68ec01222a24431c1b61008fe75b6b570d61855,drat-trim,0.3,True,464.0,22:53:09,
1201,0,14,1,600.0,UNSAT,0.5,12478,827752,,5b3c61dd26287131e0ee29be323aa9e7f4c710f5e6f9a001d09eaa03151fbd98,drat-trim,0.4,True,464.0,22:53:09,
1198,0,14,1,600.0,UNSAT,0.6,15238,1294537,,a8cd07c9978ce39d5bdca6785f3b534ec91d5807f99bc9c0349d8ed2011b2b74,drat-trim,0.5,True,464.0,22:53:09,
1205,0,14,1,600.0,UNSAT,0.5,12940,1012476,,a39f997d427b900a41e94b827d335fc00cd40d1ff9d65e3e9a05637d8d928b09,drat-trim,0.4,True,464.3,22:53:09,
1203,0,14,1,600.0,UNSAT,0.6,15214,1140263,,acd905ec4abbf4a5be2bff6fb2301ace7c8864c5e579e7ca9b6102cdaad955d2,drat-trim,0.5,True,464.3,22:53:09,
1206,0,14,1,600.0,UNSAT,0.6,13832,852308,,6e7e0b2a8fea8c8eba2613988a73e785a9bb185fa8f22bc57a5e304dc650935c,drat-trim,0.4,True,464.5,22:53:10,
1208,0,14,1,600.0,UNSAT,0.6,16395,1182846,,9fb74920a95f9678b3acfcfc22880e26f83a03f0258729b22b6e0429027b6c40,drat-trim,0.4,True,464.6,22:53:10,
1199,0,14,1,600.0,UNSAT,0.9,22012,1555025,,1429f7fa3764cf0e1d98d8449a70d6b3f170502f5a6b59a4b1679f423834b9fb,drat-trim,0.6,True,464.6,22:53:10,
1212,0,14,1,600.0,UNSAT,0.3,8145,487772,,4cfee1e1653dc547c61ad243208bcdbac38f93239c0fb88e85f60820401c3b64,drat-trim,0.3,True,464.6,22:53:10,
1207,0,14,1,600.0,UNSAT,0.6,15830,1271438,,0fa52d63d6cb2e5f2d982f521f87a3037c774221f88885805fd8471252293bca,drat-trim,0.4,True,464.6,22:53:10,
1147,0,14,1,600.0,UNSAT,3.6,88243,6068299,,6097bdd97df4c212a4aeae46d4b12c1236564f01b98208d77e3e92734ecea5ae,drat-trim,2.7,True,464.7,22:53:10,
1202,0,14,1,600.0,UNSAT,1.1,26046,1690736,,0615fdebeccebf530dbd86f1d27f4a41b33ca32f02043464b01a21f2b3dfb545,drat-trim,0.6,True,464.9,22:53:10,
1209,0,14,1,600.0,UNSAT,0.7,17399,1270929,,e0a9105ad7b7f28e01700fa75e2ff38698577cdf126f2ddafbcfcf26ead94795,drat-trim,0.5,True,464.9,22:53:10,
1213,0,14,1,600.0,UNSAT,0.5,11196,723570,,b147d47c8bdb0811b56ab61473e4f0c66cdcd612ee6763968998c6383aae4d78,drat-trim,0.4,True,465.2,22:53:10,
1214,0,14,1,600.0,UNSAT,0.6,13897,1009030,,c1f199cd5eee94bbb05cb0badab2c898df7ef8ebdde87a2d206525a417fdf3e7,drat-trim,0.4,True,465.3,22:53:10,
1210,0,14,1,600.0,UNSAT,0.8,22481,1461381,,3debb7279cfa23081f1045574230c2172fedf3204da9a934be5336018e8b6331,drat-trim,0.6,True,465.4,22:53:10,
1216,0,14,1,600.0,UNSAT,0.5,9823,811858,,39ec1422c27291efe045b5dab06ebb039d838cdc8915edb2e1bf0030345fc3cd,drat-trim,0.3,True,465.4,22:53:10,
1215,0,14,1,600.0,UNSAT,0.6,13445,887971,,495a80a3002e0ab0178f49e9c4c3ae822ee08d3143e09d900002e3481b2ebc85,drat-trim,0.4,True,465.5,22:53:11,
1220,0,14,1,600.0,UNSAT,0.5,11487,916538,,fe0ea6b5dd28ea2c5b47030c602bea0c2509f5d59697e772501e91ac6c06965b,drat-trim,0.4,True,465.6,22:53:11,
1221,0,14,1,600.0,UNSAT,0.4,9877,773677,,4e2a4a794f2377483e2704539753be07fad7c4be48f38b13a819aa307e05404e,drat-trim,0.3,True,465.6,22:53:11,
1217,0,14,1,600.0,UNSAT,0.6,13287,960264,,886dcd33255b113a935b40651836b9118d1c7926d887dd87fc50324d49a9c0bf,drat-trim,0.4,True,465.7,22:53:11,
1211,0,14,1,600.0,UNSAT,1.0,26025,1671786,,4337d48576e770dd60c863355cbafbacc87d67b26bbc523e0accc13685ca1847,drat-trim,0.7,True,465.7,22:53:11,
1226,0,14,1,600.0,UNSAT,0.4,8871,803446,,c8924d79f0ae9ad1fbe25df7dfa84c50ca063b511f07068793a0e26e0ac968c2,drat-trim,0.3,True,466.1,22:53:11,
1225,0,14,1,600.0,UNSAT,0.5,10165,616026,,84f67f99afb228e0ad34ea7c11d6539e0d0e640ffa6ffe0e19d01337f524e1e0,drat-trim,0.4,True,466.3,22:53:11,
1224,0,14,1,600.0,UNSAT,1.0,23098,1614460,,62248510b36a49fc785f863f7882e3a5f910bb9291c4eeb6b893239a61a4f1be,drat-trim,0.5,True,466.7,22:53:12,
1227,0,14,1,600.0,UNSAT,0.9,24744,1703446,,1d9a3f72130f6601fd2c05fe28dbb3c62474242faa4a3f3194540c80d07ae92b,drat-trim,0.5,True,467.0,22:53:12,
1218,0,14,1,600.0,UNSAT,1.5,35132,2697072,,fb432e5e18ef69075d517b915014ffb61fc1252d7da57144485d246e81111c53,drat-trim,1.0,True,467.1,22:53:12,
1232,0,14,1,600.0,UNSAT,0.5,14601,1167360,,dd7c418457d4b880979653393fc2928639beeda06dc7e919148244acc8a9b4ec,drat-trim,0.4,True,467.2,22:53:12,
1233,0,14,1,600.0,UNSAT,0.6,15602,1247370,,3ad6baf04628c7e3738bec412d0f0fc34b4852b25bab786af6d172df718f155d,drat-trim,0.4,True,467.2,22:53:12,
1023,0,14,1,600.0,UNSAT,15.9,291540,21978033,,662b163dd348ec3c813f494e917fb0a3840aaaa233344ee65cbb03821c360030,drat-trim,12.2,True,467.7,22:53:13,
1219,0,14,1,600.0,UNSAT,1.7,43359,2886493,,bf39d3d53e65900c7790b0b1f58a1c26551d6764c5b4fdccf9ee20a0e91cf3af,drat-trim,1.3,True,467.7,22:53:13,
1222,0,14,1,600.0,UNSAT,1.6,41258,2758403,,7f20be4c3682dd38f4a4d99baae908693c37f3045e3ce8a7445c854234e5386d,drat-trim,1.3,True,467.8,22:53:13,
1234,0,14,1,600.0,UNSAT,0.8,19527,1526502,,a217b2f9e3da7cfeae463b8ffdf9b2038924deff0f1d5d66743d2ee7f7dd9578,drat-trim,0.5,True,468.0,22:53:13,
1235,0,14,1,600.0,UNSAT,0.7,16852,1302661,,f3330c119365b77d81775c23f95bf8bbbb7c0fc9b5c76cb38af65557ad691201,drat-trim,0.4,True,468.1,22:53:13,
1240,0,14,1,600.0,UNSAT,0.4,9102,736095,,acdd79eb905a91f716f239eb5f9ef62c42720cb5ca6ab7e05fe0646a96321890,drat-trim,0.3,True,468.4,22:53:13,
1241,0,14,1,600.0,UNSAT,0.5,12745,836642,,2501c1d9d4b33acee6056b1d66ebb5be36d686324f10c77607af0bebe86ea5fa,drat-trim,0.2,True,468.6,22:53:14,
1223,0,14,1,600.0,UNSAT,2.0,48209,3771717,,d464bbbd991ad3739a2d3b93ee2194838e52e8519da9853b84522b40cd32ba97,drat-trim,1.5,True,468.7,22:53:14,
1237,0,14,1,600.0,UNSAT,1.3,34029,2438524,,4db2f2753870a3b6ec8862a2d9be2748c8e7294091500e82184a4fc2b62156a0,drat-trim,0.7,True,469.2,22:53:14,
1228,0,14,1,600.0,UNSAT,2.2,62169,4218107,,77f4440bc057c4ab1ff3a633b84377a7efb1fe4642b0cd1903b3d5288056398a,drat-trim,1.6,True,469.4,22:53:14,
1236,0,14,1,600.0,UNSAT,1.5,39205,2542730,,b514cafe92cc2ed2a098456c9454893df4fe5b986a18d480de24394cea56823c,drat-trim,0.9,True,469.5,22:53:15,
1242,0,14,1,600.0,UNSAT,1.0,23945,1702257,,c662dc559c4ed4986cc5df9868c43baf6ee03c365df96b21aeacdbb292542b49,drat-trim,0.6,True,469.6,22:53:15,
1231,0,14,1,600.0,UNSAT,2.5,67873,4590303,,8f91c8dc88e3c3a31781232ee6c8208912f3e54461a0f7f7f6cfff2b002def84,drat-trim,1.9,True,470.1,22:53:15,
1243,0,14,1,600.0,UNSAT,1.2,32936,2277304,,5736a6b21f73c2e112805085ab1b4dc13343ae391f66cf1a40dd74513264109a,drat-trim,0.8,True,470.1,22:53:15,
1246,0,14,1,600.0,UNSAT,1.0,25685,1769931,,ef396f8a6a0dbdbcf7c5e32b2288f123c4cd99233ff5476cabc9ea66114d273e,drat-trim,0.7,True,470.4,22:53:15,
1229,0,14,1,600.0,UNSAT,2.9,75316,5003068,,285d7ea7c2f1bcef1feae91b5a55418fd5d1faeb8ed3c925e187e7f6b017c168,drat-trim,2.2,True,470.7,22:53:16,
1230,0,14,1,600.0,UNSAT,2.9,77161,5350967,,0d494b1ccace59bff9b23b5c9b097c75513b584f36bf8e88af9dd632821c3a20,drat-trim,2.2,True,470.8,22:53:16,
1238,0,14,1,600.0,UNSAT,2.3,62906,4343783,,c30817280c947f2e884f592dde6822a867b6e9a1dcdcb812cd8347a003c3f9ef,drat-trim,1.7,True,471.2,22:53:16,
1248,0,14,1,600.0,UNSAT,1.5,41383,2641295,,33f4f80ec3ddeadfb333524904e5b02191800c808cb8f8106a3d665079419726,drat-trim,0.9,True,471.8,22:53:17,
1244,0,14,1,600.0,UNSAT,2.1,57322,3672563,,16b03442279e8587d8f2327c3cbcc6f5c30cf299e49a0453841ae4af004ee4d6,drat-trim,1.4,True,471.9,22:53:17,
1250,0,14,1,600.0,UNSAT,1.8,47632,3228506,,4f8583c596bc94c64d60a0c943465b0baaa1ddfda709d0f650976395a98a7411,drat-trim,1.2,True,472.6,22:53:18,
1256,0,14,1,600.0,UNSAT,1.0,25381,1690196,,0baf1d633d5d7ebd181ff36fb89c665f8ea5816a11df2eddee9cada2e84deda2,drat-trim,0.5,True,472.6,22:53:18,
1011,0,14,1,600.0,UNSAT,24.4,419676,31672981,,6df8c534276c5dce17ba87bb64c805d20a5eb031b7d0d1146087a35d0365accc,drat-trim,19.2,True,472.7,22:53:18,
1252,0,14,1,600.0,UNSAT,1.7,44723,2753315,,7f75aa71a5b5b07a52cdd14f7b425cff408da01e382e49d868512695471e6993,drat-trim,1.2,True,473.1,22:53:18,
1257,0,14,1,600.0,UNSAT,0.8,19354,1433496,,b076b9ffacfe30790282f319b90afc5321a85738ff8836f07195ee8620e8a6f4,drat-trim,0.5,True,473.3,22:53:18,
1245,0,14,1,600.0,UNSAT,2.9,75170,4713791,,a56a9d4d234fd681dc21adc73c55634f33903986f063b279d03cbb6dd74d0f26,drat-trim,2.0,True,473.4,22:53:18,
1254,0,14,1,600.0,UNSAT,1.8,43744,2848587,,938fb3d091e74825626c6fea138fb05b76b65ac89bab8cf67fb3219e5c52e761,drat-trim,1.1,True,473.6,22:53:19,
1260,0,14,1,600.0,UNSAT,0.8,20348,1551949,,a389fc75bd247a72177ec8628f94d3ffda2da0a7b6d346e31667da85a770bf4e,drat-trim,0.6,True,474.0,22:53:19,
1239,0,14,1,600.0,UNSAT,3.6,91986,6215311,,ff004a1a2c7261c7dc6c8c8374900fa61d649acc42f2ac18a8d52291f6a645e0,drat-trim,2.9,True,474.2,22:53:19,
1261,0,14,1,600.0,UNSAT,1.0,25844,1655413,,ba4fd0e4b29022084f5e9e6e2de06b2b2e0c1798d2445644b82ee3931ea329ea,drat-trim,0.6,True,474.3,22:53:19,
1264,0,14,1,600.0,UNSAT,0.7,17138,1300427,,0b5d5c5aac08450a89182a6627d30a1db762ae32a9f2b9345a012038cbd5cbc3,drat-trim,0.4,True,474.5,22:53:19,
1247,0,14,1,600.0,UNSAT,3.4,85265,5636078,,72c387b995c8f56db86fa5c61790f7e3feaffee81442edaacc1482832e324c27,drat-trim,2.4,True,475.0,22:53:20,
1265,0,14,1,600.0,UNSAT,1.0,27854,1837590,,3d90a38a416f01808d916f7c90716fa52f827cae65fcf345df7ecee0a04d58fd,drat-trim,0.6,True,475.1,22:53:20,
1268,0,14,1,600.0,UNSAT,1.1,31152,2201391,,63fdd8d5007462c16dc44c5bd73584416abc8ed9e1416fbd770537ed0a9bee66,drat-trim,0.9,True,476.4,22:53:21,
1269,0,14,1,600.0,UNSAT,1.8,43333,2636703,,c12e9cd7915e3a147a92de631f63acdf7d73f4a652fa0b67a740aae7ae62101f,drat-trim,1.1,True,477.4,22:53:22,
1253,0,14,1,600.0,UNSAT,3.8,90296,6373120,,05b1ff57e07a2d4e625725cd9b20bc5080d7e5386b9aca01dc5932cd4ef1104e,drat-trim,3.2,True,477.6,22:53:23,
1272,0,14,1,600.0,UNSAT,0.9,20370,1569145,,b17f76b30249d73e27fa3779cab1f6f39c4f0f7e09933466c2110313e6d81179,drat-trim,0.5,True,477.8,22:53:23,
1259,0,14,1,600.0,UNSAT,3.0,69715,4912681,,8d6e84eca5695a006d99c8b11382298ec48835d9ee455cded040a981794a7ed1,drat-trim,2.4,True,477.9,22:53:23,
1267,0,14,1,600.0,UNSAT,2.5,61123,4185696,,1718ca434f0ed0b9823254dfd4f0f9eb499d337dc071c2bbb334026504125aa4,drat-trim,1.6,True,478.3,22:53:23,
1266,0,14,1,600.0,UNSAT,2.6,64154,4187772,,f8ee70627ad4001cc4cba05993d7370efbe29cef4bac5f751206cbe2197883f6,drat-trim,1.8,True,478.4,22:53:23,
1258,0,14,1,600.0,UNSAT,3.5,85446,5637679,,2ca673f1628ee69d60ca6d843de39709ac9ba7eebbf6c582c1a5dd13fa099950,drat-trim,2.9,True,478.4,22:53:23,
1249,0,14,1,600.0,UNSAT,4.9,117943,8436881,,5edaeda81442107358fd9d68f304a512b9c08a4d5efa27118aa94720928dd1c3,drat-trim,4.3,True,478.8,22:53:24,
1263,0,14,1,600.0,UNSAT,3.3,76045,5210681,,bd5116513f404cfb24fcb8e8a201d42cbdc1c03968bbf5b2b76391df519535fe,drat-trim,2.3,True,478.9,22:53:24,
1276,0,14,1,600.0,UNSAT,1.1,29098,1985172,,22ac317fdb3e0f7a6f4f9c9625d67f4ef3d826a754d5781c1a768ea884ce3afa,drat-trim,0.7,True,479.8,22:53:25,
1273,0,14,1,600.0,UNSAT,1.4,40118,2781957,,46a3d2d490172cb9a081c527e70eea49b3f9d9489b70c9c92497b40c24d68749,drat-trim,0.9,True,479.9,22:53:25,
1255,0,14,1,600.0,UNSAT,5.1,122241,8289855,,f26dd0ab05a29d6ad298d7c6138fd866513891a8419614307bc32bc549ce8dc4,drat-trim,4.2,True,480.1,22:53:25,
1280,0,14,1,600.0,UNSAT,0.9,24720,1660506,,61f809107981bbfdb8f33208bb8f8f362574a3f57341deb1fb3160f0d4cee60e,drat-trim,0.6,True,480.3,22:53:25,
1277,0,14,1,600.0,UNSAT,1.3,33682,2338620,,80a1fec283c876fe0831c4981686c6a6ed67347ae7d6bf4266cf2bcf5c80e125,drat-trim,0.8,True,480.4,22:53:25,
1262,0,14,1,600.0,UNSAT,4.5,100228,6834450,,beaee3eeb57b0b4551c6bdac797ae6abfd28fba2e7e19fd7844c6ebcbb22f76d,drat-trim,3.2,True,480.8,22:53:26,
1251,0,14,1,600.0,UNSAT,6.0,135243,9759241,,e796ef4b47e417d2cd5ce6afb8c5c06f155e55626546e1a5799beec6533988d7,drat-trim,4.9,True,481.0,22:53:26,
1271,0,14,1,600.0,UNSAT,3.5,78847,5486357,,91762e6f2873ac53188b1de2d887643d76f71e92bb196b35496e8c53f1d6aab1,drat-trim,2.4,True,481.1,22:53:26,
1270,0,14,1,600.0,UNSAT,3.7,89483,5713743,,8803a063ac6b9cfdc7a1251ae70fa4a0ca5157bbe7bf36cd84de4c9bdbd17766,drat-trim,2.7,True,481.4,22:53:26,
1274,0,14,1,600.0,UNSAT,2.5,63883,4234670,,6261a9ff6725c1a8a5830a9ad239b564e2f11866af48dd5f8036e84286f8d641,drat-trim,1.7,True,481.8,22:53:27,
1288,0,14,1,600.0,UNSAT,0.6,15365,1131370,,972fabb4ba16887469ba2b0258eb3dd83b6db48db2b401f0a3713c5ef42f7327,drat-trim,0.4,True,482.0,22:53:27,
1275,0,14,1,600.0,UNSAT,2.5,63621,4523163,,a1c33f8e1a043017fe3ba1f4431d0b8ca166c711bb638a466bb8e8ece8695326,drat-trim,1.7,True,482.0,22:53:27,
1281,0,14,1,600.0,UNSAT,1.8,47520,3169740,,7a94a4f1ef04c73f0c09f6bb5ec536b6153eabd7b9f07f0723335c90e03903fc,drat-trim,1.3,True,482.0,22:53:27,
1278,0,14,1,600.0,UNSAT,2.7,68135,4507600,,6bd603d14cbe5f73de9014aed47398a8f9b7bc95da666a31d95773e0d978c435,drat-trim,2.1,True,483.2,22:53:28,
1285,0,14,1,600.0,UNSAT,1.8,45209,2924468,,aaf78ece97243e3844aeeeb437675da272971555355f499408675e103c7c305c,drat-trim,1.2,True,483.3,22:53:28,
1284,0,14,1,600.0,UNSAT,1.9,44333,3087813,,8749247ac2eee578babf9e1669083462f4c07f1c7ea05fc6e9192831676ece35,drat-trim,1.4,True,483.5,22:53:28,
1289,0,14,1,600.0,UNSAT,1.6,40417,2649014,,571e9dc0da7a2e71d6408ec13daaf481529f62311e702044474dfeabd52d88e9,drat-trim,1.0,True,483.7,22:53:29,
1282,0,14,1,600.0,UNSAT,2.4,63579,4157040,,c78fe29f9dc0ea7fc50ce93dcdffc07d9e3cbc26c0d466320d1045fad7166825,drat-trim,1.5,True,483.8,22:53:29,
1292,0,14,1,600.0,UNSAT,1.2,27823,2036842,,b3b617a2d4bcb161f817369119348262fa1cf6f1aba402622a712543a7550b81,drat-trim,0.8,True,484.0,22:53:29,
1296,0,14,1,600.0,UNSAT,0.5,11997,776315,,bc05b6e0fce43008df012ce8bf0ed1171c1f0f525f8329dbcb3353058d6c48de,drat-trim,0.3,True,484.2,22:53:29,
1279,0,14,1,600.0,UNSAT,3.5,85352,5653119,,6edd717c65d9b1f0d8de6bcbdcf12853895980fc30ba8f6554adb0ec89f3d96e,drat-trim,2.5,True,484.5,22:53:29,
1291,0,14,1,600.0,UNSAT,1.7,46631,3211364,,b427f4b6408e43a6dd9874641b0ca5d3ea4ee023c1bc39d12398f0e331be2e33,drat-trim,1.2,True,484.7,22:53:30,
1283,0,14,1,600.0,UNSAT,3.1,78726,5045702,,603d41ac6223130a51f48a5abd1bff04375e1e4bbced692f6d70bf9188853b2c,drat-trim,2.3,True,485.3,22:53:30,
1290,0,14,1,600.0,UNSAT,2.4,59444,3826075,,424ee3e2774b11dc1316a79ecb8ccc60f67a2f69b2a0f1e40ec7d8fda682f01e,drat-trim,1.6,True,485.3,22:53:30,
1299,0,14,1,600.0,UNSAT,1.1,29817,2056057,,9aaa4d40ddc8173f42cb98ec6933d6ebdf74fa634b7d98526c6e1dc2e51b67e2,drat-trim,0.8,True,485.7,22:53:31,
1298,0,14,1,600.0,UNSAT,1.2,31268,2128630,,3d94718cc8fd2dd4f1578e0e76ab18a89817b6f9321e9cada21170ca6ceb9b90,drat-trim,0.8,True,485.7,22:53:31,
1300,0,14,1,600.0,UNSAT,1.0,26730,1874582,,85a23b090aed72dfc0cdd782eec02fae7cf6a92322063e53776358d421192e50,drat-trim,0.8,True,485.8,22:53:31,
1297,0,14,1,600.0,UNSAT,1.6,43474,2762303,,eff342c01249a1fa9c430e4a5ca93f0488e70c71ab2f994dc5d54b2a24e1c8b0,drat-trim,1.1,True,486.1,22:53:31,
1293,0,14,1,600.0,UNSAT,2.3,57448,3734387,,21b1d066bbff73b3c742d221bf30ea41051b550008317a7680925277456f76f2,drat-trim,1.8,True,486.1,22:53:31,
1304,0,14,1,600.0,UNSAT,0.7,16668,1234320,,433f88ec6cb378776289fdd4d034fa43c206eebadcd691f92e0e85f833640e8b,drat-trim,0.4,True,486.4,22:53:31,
1286,0,14,1,600.0,UNSAT,3.5,81914,5806743,,15cf8f49f71e9e88933529fc58b8065773d37860fedeff10a6134b8abab7893c,drat-trim,2.5,True,486.4,22:53:31,
1301,0,14,1,600.0,UNSAT,1.7,43509,2860964,,cd6d2ac9e9548da65b2102925aff8cf1a2459c05e3a4449e475c4bf347e851c4,drat-trim,1.1,True,487.0,22:53:32,
1294,0,14,1,600.0,UNSAT,3.0,72960,5240858,,1c5a6a2e6dc74f0867ed05a068ff2f934599fd8076383d0f6b3b4464e65088f0,drat-trim,2.4,True,487.5,22:53:32,
1305,0,14,1,600.0,UNSAT,1.6,44327,2901159,,138c013a3a536b15f796f4ce040c5c42b26a0d614782b4657bbfaa92ad7c761f,drat-trim,1.2,True,488.2,22:53:33,
1307,0,14,1,600.0,UNSAT,1.8,45947,3059889,,a6cd1995781a8df3d7e2193413409b13ba3f84d40ea18142a6f0acbea143042c,drat-trim,1.3,True,488.8,22:53:34,
1308,0,14,1,600.0,UNSAT,1.7,41897,2926585,,ba2403936ced2661c30a536fdda8bd638f5ce6a7d435362ad4da1733a5e0ddfc,drat-trim,1.3,True,488.9,22:53:34,
1309,0,14,1,600.0,UNSAT,1.6,37327,2448243,,8b7777db7e7cec0c15f2abb2794aebb5c8321e33327e25f13690dbc6544239b6,drat-trim,1.2,True,488.9,22:53:34,
1306,0,14,1,600.0,UNSAT,2.0,52917,3430771,,97a8dba67e5bb2b5f519c2ed7acef30a60af138ab4342eb56fb98760aa3d0d91,drat-trim,1.5,True,489.2,22:53:34,
1303,0,14,1,600.0,UNSAT,3.7,86687,6025678,,b0b439f155ff2d4a306e654befdc2d76ed17901377da74b12d4d80f811f792bc,drat-trim,2.9,True,491.4,22:53:36,
1287,0,14,1,600.0,UNSAT,5.8,126906,9170191,,6b1d5fa25cee5b375f925de5b8aae823d609d6073b72cf1cd8234e54fc848fd8,drat-trim,4.8,True,491.4,22:53:36,
1312,0,14,1,600.0,UNSAT,3.3,75763,5258532,,ff17158218b814cc9693681772860737796e26e19a888ba1bcd28f24d8d25a24,drat-trim,2.4,True,492.1,22:53:37,
1295,0,14,1,600.0,UNSAT,4.7,106122,7665538,,20c8a00498e7e8a9237d5f4da50f9b42c1276fd2100fdcb33e964a3794f30996,drat-trim,4.1,True,492.1,22:53:37,
1320,0,14,1,600.0,UNSAT,0.9,22524,1587375,,7d94beb752fd0e968d69fc31d20fdbd07afb33c2bbfc1ba8a7e1c24d7ffb90aa,drat-trim,0.6,True,492.9,22:53:38,
1310,0,14,1,600.0,UNSAT,3.9,85917,5784351,,b26ffec8047d02a3234b278c157d7bc47c09895b1a975b5fc8110e986fd101fc,drat-trim,3.1,True,493.1,22:53:38,
1318,0,14,1,600.0,UNSAT,2.9,68825,4728176,,4a0727131fbdc3464a70115c0d148f4dbd653c9d79af6b0c3959bac19ab65683,drat-trim,1.8,True,493.7,22:53:39,
1302,0,14,1,600.0,UNSAT,5.4,121267,8285423,,954c1eb17897fe460a9d97558077ab67f1e1f04545ea29c551bc873425f6c395,drat-trim,4.2,True,494.0,22:53:39,
1321,0,14,1,600.0,UNSAT,1.7,42678,2965516,,f38794e292da15eea8e032e3bd84f4e568d732d362861a41be5e0e3e27d70d0b,drat-trim,1.1,True,494.2,22:53:39,
1316,0,14,1,600.0,UNSAT,3.3,70840,5322233,,d17c28fb14ccb5f55858b88dcd3b60ab583d132f3ee429a263973e4371d41cb1,drat-trim,2.1,True,494.3,22:53:39,
1314,0,14,1,600.0,UNSAT,4.4,97236,7026680,,47d13a24656f025c614955498167c1f4fa9fe51057b187c13f897a76232e0975,drat-trim,3.2,True,495.1,22:53:40,
1324,0,14,1,600.0,UNSAT,1.5,38900,2704562,,3971ec9a9cf39c76df2849a2bc31043353419c15c02d9845f8279dc9a301dfa2,drat-trim,0.9,True,495.3,22:53:40,
1311,0,14,1,600.0,UNSAT,5.1,112054,7765324,,09fd558247519effebf89b2c9380caa1fbfc99e05203e697eb10bc3b48227952,drat-trim,4.1,True,495.6,22:53:41,
1325,0,14,1,600.0,UNSAT,1.6,40126,2806593,,f1fb060e620543b4f245d8ec64232c553610c8917a9512af8c898c2d7919b34b,drat-trim,1.0,True,495.8,22:53:41,
1313,0,14,1,600.0,UNSAT,5.5,117625,8442758,,70b865dc17e942d6fc2283c5e2ed5373d01bc477d617a7558e59cbe9b50a9819,drat-trim,4.7,True,497.2,22:53:42,
1328,0,14,1,600.0,UNSAT,1.9,46280,3272021,,734bde05e497e854becb7597579be7601ad17fe2154b985bdedf54679966b7a3,drat-trim,1.4,True,497.6,22:53:43,
1330,0,14,1,600.0,UNSAT,2.2,52525,3795276,,21772d979d4c71baccbea7116e0cee9e65a8f896812b826fa7ac9c6332a08587,drat-trim,1.6,True,498.8,22:53:44,
1323,0,14,1,600.0,UNSAT,4.5,100456,6895065,,9d320fe00bfba4a6ebb7a596e43fab63bda8792e765a4d0b0a7814199b23f381,drat-trim,3.7,True,500.3,22:53:45,
1332,0,14,1,600.0,UNSAT,2.8,68847,4729084,,ee204de2173518db3d44f1c914f83735932893f7d47ab93223a3bee680f2f662,drat-trim,2.3,True,500.7,22:53:46,
1336,0,14,1,600.0,UNSAT,1.5,35932,2652215,,e975eaafc37a783d17c27504c6be1837fa055a10c0631c593d91266dd71503f9,drat-trim,1.3,True,501.7,22:53:47,
1329,0,14,1,600.0,UNSAT,4.4,96282,7005426,,c095a853d33f4171dcefb8627963bf6cd7080f1ba8b3a94555ec8e6b4c35bc4f,drat-trim,4.1,True,502.8,22:53:48,
1315,0,14,1,600.0,UNSAT,7.7,166898,11943249,,1b0c390a763508fcad070f3fb1b730645d61bee7ae481e5ad53d14448e99113a,drat-trim,7.4,True,503.3,22:53:48,
1327,0,14,1,600.0,UNSAT,4.5,106301,7084254,,ce961b10cd93a46ae8ccd4963f45e91e5d60ab6edeb856315b60735676559699,drat-trim,4.6,True,503.4,22:53:48,
1322,0,14,1,600.0,UNSAT,5.9,131294,9529771,,370ac6d363b493664e5417f2f218fd48c090347583f5242b8a97ca919f73b4e4,drat-trim,5.6,True,503.6,22:53:49,
1337,0,14,1,600.0,UNSAT,2.0,44378,3002396,,54e0272c396ce0fc7799ece6a8f858e06b5aca7503c6f28ccdc24117074d23db,drat-trim,1.2,True,503.7,22:53:49,
1334,0,14,1,600.0,UNSAT,3.5,81505,5534527,,6e6701ba6c60dcea4e60cdb9d94603d96c14071f257656a6023b8004845a0199,drat-trim,3.1,True,503.8,22:53:49,
1340,0,14,1,600.0,UNSAT,1.1,26146,1777841,,ca001694328b8040b9efaa6d69d5de3ef525cc9e007999a91e96a28ac830d161,drat-trim,0.7,True,504.7,22:53:50,
1344,0,14,1,600.0,UNSAT,0.6,16361,1169779,,622a3c9d570d8fed2d6280bd938500cbc690b0fa145175230f365127ed2ac8c2,drat-trim,0.4,True,504.7,22:53:50,
1331,0,14,1,600.0,UNSAT,5.2,118960,8815723,,cb3e600ac11a8ff5fd4e6567ea3a170d23b77fefd49ebb5431e67bbd00a18697,drat-trim,4.6,True,505.1,22:53:50,
1333,0,14,1,600.0,UNSAT,4.8,110241,7797730,,6eabb2c81aaa493a277172de96b3e16f1cb2a24443fa3cd10fc4d3101e276796,drat-trim,4.6,True,505.2,22:53:50,
1326,0,14,1,600.0,UNSAT,6.1,131396,9469111,,bddd72a7f27a7f1bc70c2c9bb0e7ba47850e5e16ed72486662001272aa008eb2,drat-trim,5.6,True,505.4,22:53:50,
1345,0,14,1,600.0,UNSAT,1.0,28461,1829828,,f336d15aa993d38a18a3168520d8a7ab068ce87c65bcd6498abaa26d2b41c1e6,drat-trim,0.7,True,505.6,22:53:51,
1346,0,14,1,600.0,UNSAT,0.5,12018,813133,,f331f9263236057d02162ebac54ca518820ff491d0e883a4ba01255fd35d6e82,drat-trim,0.4,True,505.7,22:53:51,
1347,0,14,1,600.0,UNSAT,1.0,24747,1642728,,00720cdbd3b08c5f12cbb5f92d34e351785dadcf379689b839602fb36452b067,drat-trim,0.6,True,506.3,22:53:51,
1338,0,14,1,600.0,UNSAT,3.4,70884,5371514,,d3c021a97c201db38e487076fe23252579e8b28922d07b4b85b2dd6c7a98c5e2,drat-trim,2.3,True,506.4,22:53:51,
1348,0,14,1,600.0,UNSAT,1.1,25791,1784704,,2b4d344dc0ec10f4912bdc0bbe345a360aa52d9423679db561212a2a06fd8f1a,drat-trim,0.7,True,506.9,22:53:52,
1342,0,14,1,600.0,UNSAT,2.2,57284,3773943,,e8321b4d0f01a4432692c3a281771d063f037a805d6714aca65e059375222f81,drat-trim,1.5,True,507.1,22:53:52,
1349,0,14,1,600.0,UNSAT,1.1,30225,2051952,,02af7b8676d94cfbd9c3506590220e4ddf520acb4c6689aea3e4e167940aa562,drat-trim,0.8,True,507.2,22:53:52,
1341,0,14,1,600.0,UNSAT,2.3,57339,3927545,,0a7a119d2dd30002956de3e9af4c53acb0f02949934080bbab526c9bfc6f54b1,drat-trim,1.6,True,507.3,22:53:52,
1352,0,14,1,600.0,UNSAT,1.0,24020,1659441,,9b1f6a4125c0db7d74d5e846eca98e579e17e721d104afa190463f2fe0237715,drat-trim,0.7,True,507.4,22:53:52,
1319,0,14,1,600.0,UNSAT,9.7,201625,14921737,,7dd43e552e36948e5e86102b5542538277dc34e5e4c307a6397842c3bc052354,drat-trim,8.7,True,507.5,22:53:53,
1354,0,14,1,600.0,UNSAT,0.7,17636,1279811,,789a73b3ee456f559a25c5f768313a5fc9718cf404080b316f182e9e01e4f289,drat-trim,0.5,True,507.6,22:53:53,
1317,0,14,1,600.0,UNSAT,9.4,199724,14419319,,52bb8510a0ab82a30b01e80cc8a90460dd2577dd0a5a01d6bdc87326d7082b12,drat-trim,9.2,True,507.6,22:53:53,
1339,0,14,1,600.0,UNSAT,3.4,81333,5749628,,509c9543b3cbd485f079285b35a1d24fb0e122e5ee3fff689a8ebadebb21e855,drat-trim,2.5,True,507.6,22:53:53,
1353,0,14,1,600.0,UNSAT,0.9,19209,1402345,,112a54fff2b69159934d8228f4d1280180603950da90eed5b9f62df2b472482d,drat-trim,0.5,True,507.7,22:53:53,
1350,0,14,1,600.0,UNSAT,1.4,37437,2578861,,2dd0aad18687e6641d1cc62da93a13b7b0fe653d176377b99c8c4d031d2ee61b,drat-trim,1.0,True,507.8,22:53:53,
1355,0,14,1,600.0,UNSAT,0.5,13392,840899,,9b8629278df97c2388414fa56b60d2d7de29c9b0d5a66d19df72534ab3cd31ef,drat-trim,0.4,True,507.9,22:53:53,
1361,0,14,1,600.0,UNSAT,0.3,5348,339119,,83db615ab93af7ac395bcee2835437882d2799db7430305d890dc229b1a512f0,drat-trim,0.2,True,508.0,22:53:53,
1360,0,14,1,600.0,UNSAT,0.5,12199,889958,,577fae6099f9c1108635c93330b71da5e0183db9eb1122c954b6db545db27447,drat-trim,0.3,True,508.4,22:53:53,
1351,0,14,1,600.0,UNSAT,1.6,41461,2770371,,4bc9bd2d9631f81dd4fb9e5ed97b93fc89f79dec554c14b0c4a181d9b5bc7e38,drat-trim,1.1,True,508.4,22:53:53,
1357,0,14,1,600.0,UNSAT,0.8,18350,1430126,,4922c580cf382e1c451cf99f9494aa7c707d6ad2a1e5d5975ef4d1f134d6ebd8,drat-trim,0.5,True,508.6,22:53:54,
1356,0,14,1,600.0,UNSAT,1.0,24998,1725777,,a6494fb8cdd226bd01233a6b984595e8e2001e712c0539a0344123974c683d12,drat-trim,0.7,True,508.7,22:53:54,
1362,0,14,1,600.0,UNSAT,0.7,17428,1285016,,92191ec4618393b454f08fff32a3ae0f73df7da3f1785041da0575282016b7fa,drat-trim,0.5,True,508.8,22:53:54,
1369,0,14,1,600.0,UNSAT,0.3,6947,367533,,bc4ecc45ef934a99f0dfd85db0de1bafcba19dd3a5ccf2dc5d76e6874235be92,drat-trim,0.2,True,508.9,22:53:54,
1364,0,14,1,600.0,UNSAT,0.7,18163,1449022,,f2fa460795b15ba7d6f619ebfec002766815d9010831682cc8b76d958445ce2d,drat-trim,0.6,True,509.0,22:53:54,
1363,0,14,1,600.0,UNSAT,0.9,25926,1610683,,115b541f1fe65ac961a1510b350c9dc3fad1daac120e397e20984a8dd1f74fe7,drat-trim,0.6,True,509.2,22:53:54,
1365,0,14,1,600.0,UNSAT,1.0,23371,1645170,,0f21aff86e3c6995b023daaff8938edf5538a426e05cc4318a4d2cd5b04a1e74,drat-trim,0.6,True,509.4,22:53:54,
1368,0,14,1,600.0,UNSAT,0.6,15520,1135808,,08251d3e5694e4ce98ac9d5c774aa448166a13ca4b5b1fb12f04dd5d7f7f695c,drat-trim,0.4,True,509.4,22:53:54,
1366,0,14,1,600.0,UNSAT,1.0,25834,1804805,,53d129e2a3a54898b78f10ecb25b3079a378ffa5a1a608a484022bdcdde1164a,drat-trim,0.7,True,509.5,22:53:54,
1358,0,14,1,600.0,UNSAT,1.4,35425,2666712,,480203bdf78f156d7264184ed589324ea7b92a84d35b74286298a106bdfd799c,drat-trim,1.0,True,509.7,22:53:55,
1359,0,14,1,600.0,UNSAT,1.4,37288,2579880,,074907f03051d0e769501bae325508111c5d28b2a1acb8a7b2e3bbb33ab35879,drat-trim,1.0,True,509.8,22:53:55,
1376,0,14,1,600.0,UNSAT,0.3,8152,426490,,3afdc33f270ba8909e10cc6216df4622c5c1387d7c1fa362306dec3bfaf62eb4,drat-trim,0.2,True,509.9,22:53:55,
1367,0,14,1,600.0,UNSAT,1.2,30342,2269925,,167efebaf9ff5b476117d0012fc044df6dc7242ab18348d95ff5a16bd32ba9e1,drat-trim,0.9,True,510.1,22:53:55,
1371,0,14,1,600.0,UNSAT,0.9,23054,1474601,,7bf97495c04edd1966e5e5fccec503577ac81d0a9b45f86fe8925aae93a389fc,drat-trim,0.5,True,510.2,22:53:55,
1377,0,14,1,600.0,UNSAT,0.5,12746,849130,,f2da2be0f64c196274139e2f723d3f9a800a45325babab1660d8c6fc0ea62e73,drat-trim,0.4,True,510.3,22:53:55,
1372,0,14,1,600.0,UNSAT,1.1,26162,1888110,,16e66ca7f42cb3c6ecbaf72af00bbc356ab9fc121491d6a99f88c5d51ee01daf,drat-trim,0.7,True,510.5,22:53:56,
1373,0,14,1,600.0,UNSAT,1.0,27366,1951221,,8c6836c06350a42d3e599c6ee8a68367a25f0a0253a4fc25e4c022247ac07931,drat-trim,0.7,True,510.6,22:53:56,
1378,0,14,1,600.0,UNSAT,0.7,18189,1489228,,eb6ec252d49e7454cd4916a502f40e6c049168f2ceb607cfc3175b2132818bb0,drat-trim,0.5,True,510.7,22:53:56,
1374,0,14,1,600.0,UNSAT,1.0,26148,1955905,,e42395a17488a31b2398a4d126ea91ec2304b87a4889bc927d9e620805f9d22f,drat-trim,0.6,True,510.7,22:53:56,
1375,0,14,1,600.0,UNSAT,1.0,26781,1815623,,1c6c6396bec3face43220877cdcf27ce9a5033e7488e13c8de6695bd49561297,drat-trim,0.7,True,510.9,22:53:56,
1370,0,14,1,600.0,UNSAT,1.3,35723,2289148,,b01f0557867130ab7f139f4cb8205d1dcc1945b5abd1059f66080c2a664b53ca,drat-trim,0.9,True,510.9,22:53:56,
1384,0,14,1,600.0,UNSAT,0.6,13691,755802,,3ed1d8332e50edebf9d60b012c8a3468e5d26865c72bc51182672d63487ff822,drat-trim,0.4,True,511.2,22:53:56,
1380,0,14,1,600.0,UNSAT,0.8,23093,1557822,,1971ab7923fa301523f2633f9b2f444d70c373fb0586a13619a55aea1d07e5f1,drat-trim,0.6,True,511.2,22:53:56,
1379,0,14,1,600.0,UNSAT,0.9,25427,1602253,,0d094d13d6db9a9b08b110b3090621817affbb06da889b1b4a462b000b2dcf93,drat-trim,0.6,True,511.3,22:53:56,
1385,0,14,1,600.0,UNSAT,0.6,14785,1184965,,286d00433473d0e848b68098136cf77697ee6075d8ebcc7ab41f7e3b0ca11cc4,drat-trim,0.4,True,511.5,22:53:56,
1343,0,14,1,600.0,UNSAT,4.6,106179,7437994,,5c3f17b541d096e568d694d5443190012d07fc5a00f729e0b0d0251c5ab10db0,drat-trim,3.4,True,511.6,22:53:57,
1393,0,14,1,600.0,UNSAT,0.3,8857,463021,,386c0642ffe5f27d91e493e351f41d6fa7873c7cf8c5fd1e369431e166aa4af3,drat-trim,0.3,True,511.9,22:53:57,
1392,0,14,1,600.0,UNSAT,0.4,9998,771212,,f28df5d33b25e54985047b2953efab0864c5b0edb680a555a924cf437111ba3d,drat-trim,0.3,True,512.0,22:53:57,
1381,0,14,1,600.0,UNSAT,1.4,34233,2369872,,9962ab7b0c52b8a9906eac04786f9b4909b101d165766ba5f2a48786d412bef4,drat-trim,0.8,True,512.1,22:53:57,
1335,0,14,1,600.0,UNSAT,8.6,178954,12892701,,0095e7c4d3e87e20e3740b8ec5ef18559ded473a14033962aa5bf284660a34f9,drat-trim,6.3,True,512.4,22:53:57,
1387,0,14,1,600.0,UNSAT,1.1,28379,1892693,,523fc333d66e655f841caa084bee2c9820d12a398e643d369ab2fe51b34e42c0,drat-trim,0.7,True,512.5,22:53:57,
1386,0,14,1,600.0,UNSAT,1.3,34299,2303978,,4ec753b8d78b21b7b8d49679c35f8ee7432cb1aa054c62d7f92344225eb698e2,drat-trim,0.8,True,512.7,22:53:58,
1388,0,14,1,600.0,UNSAT,1.2,30850,2166521,,34faf90bc6fd4826f1c324bf4416732b3440a952bffb450ab4eba4176e2599c4,drat-trim,0.8,True,512.8,22:53:58,
1389,0,14,1,600.0,UNSAT,1.3,35107,2320960,,9e196d86a66d4d8c9fb00cb6f00b43111d112129d3ed33867a7ae7be2ca7111d,drat-trim,0.8,True,513.0,22:53:58,
1401,0,14,1,600.0,UNSAT,0.3,6993,377482,,a89697de7a7c11c4178fc4b0084abff90e6ea0e849a0851ad5c5c986c8927a65,drat-trim,0.2,True,513.2,22:53:58,
1400,0,14,1,600.0,UNSAT,0.4,10538,680610,,89359f2009ea34e837ab0fd4cf7cae3fdd3dba68d225c63257eeea56afecc8af,drat-trim,0.3,True,513.2,22:53:58,
1395,0,14,1,600.0,UNSAT,1.3,32286,2415964,,42f0c25bd69c833b51e083f6b47aaf282eba7b21e307f32b5b6ed291a320cc93,drat-trim,0.7,True,513.6,22:53:59,
1394,0,14,1,600.0,UNSAT,1.5,43412,2810349,,062d84f43284739a81b7e19d669fe12ad1fc0ad7dfe27d67b797ee19a365b5bd,drat-trim,1.0,True,514.0,22:53:59,
1396,0,14,1,600.0,UNSAT,1.3,32600,2459182,,47bb2658ddbdeaec13f8e888c9ce78236afda4b852d9f6f98ef49b2fe275bb40,drat-trim,1.0,True,514.2,22:53:59,
1403,0,14,1,600.0,UNSAT,0.9,20698,1511400,,c2bec55f70b372d6e8ac7f80fb691c9bb5c4ba4f23c96f75fc0754abb04ded9d,drat-trim,0.6,True,514.5,22:53:59,
1402,0,14,1,600.0,UNSAT,1.0,26363,1677794,,9bbd1b9c566e62b18e0d07ab41a31a8b9db6fa6cbedb9d3d1b0e05da8cf6254d,drat-trim,0.7,True,514.5,22:54:00,
1408,0,14,1,600.0,UNSAT,0.3,8023,477188,,0bed3fe8ad99a06bcc80562b54b7b077930be0669d6cd67f3988beff69289b29,drat-trim,0.2,True,514.7,22:54:00,
1397,0,14,1,600.0,UNSAT,1.6,45697,2991456,,3c1d130c5b9d44dc8cba3443218dee2a15b6bcc3f859e49d2cbb821492e7432c,drat-trim,1.2,True,514.8,22:54:00,
1404,0,14,1,600.0,UNSAT,1.0,24098,1702036,,b8ce126647f4edceccec8b08a9c65659efeef5148eea69c76b3aafb4ac545d85,drat-trim,0.7,True,514.8,22:54:00,
1405,0,14,1,600.0,UNSAT,1.3,32752,2345102,,137daf847b4f7f96cb590877922c62181aac57904e2bb91e216f1a9859766edb,drat-trim,0.9,True,515.3,22:54:00,
1409,0,14,1,600.0,UNSAT,0.5,12436,939697,,9d644f87e8adbf058782dca225ab307e65f4557ef44e8171077117ca81ffb21f,drat-trim,0.4,True,515.4,22:54:00,
1410,0,14,1,600.0,UNSAT,0.7,14964,1163905,,64078c96a6ba99e3ca6a7b7b61f2ec3936ad5aada89ecfcd11653ca5c6c9bb3c,drat-trim,0.4,True,515.6,22:54:01,
1412,0,14,1,600.0,UNSAT,0.5,12748,895104,,592037b8f2e8646a3b1b8bbfd2a2cd3bf52369d38cbc527298874f78b48fdd26,drat-trim,0.4,True,515.7,22:54:01,
1413,0,14,1,600.0,UNSAT,0.5,12699,1010514,,2998c83eefaabfa2e12b001fcd874d44391aca083170d3e1dc9c2854d88b0d32,drat-trim,0.4,True,515.8,22:54:01,
1411,0,14,1,600.0,UNSAT,0.7,17551,1266343,,9068227823be0b84f57757a8ee625415e5a5a615430a72aa73e9d47d818efd3f,drat-trim,0.5,True,515.9,22:54:01,
1382,0,14,1,600.0,UNSAT,3.5,88047,5876610,,359ad594618ccfba5cb1dc87b765d0bcd2a096721d1ec7f4417ff8aa02ae6a95,drat-trim,2.6,True,516.2,22:54:01,
1416,0,14,1,600.0,UNSAT,0.3,8766,443440,,1ff5023cb69bf9fb28ce87abea4cc940b85e02354d75f2de636386b0ebfc7934,drat-trim,0.2,True,516.2,22:54:01,
1415,0,14,1,600.0,UNSAT,0.5,12150,926326,,3bc85258a9ba46db9b4c5ce551c1d738cdd15fedce0d1e6248d6185b0278452c,drat-trim,0.4,True,516.3,22:54:01,
1398,0,14,1,600.0,UNSAT,2.5,62555,4486660,,cace37b9e1c1fb45b25beedc5786c81a8d93cfb4c6eda548ca51045d322a72a2,drat-trim,1.9,True,516.5,22:54:02,
1417,0,14,1,600.0,UNSAT,0.6,13544,767924,,b3165145b96a4b1aa7cde76d1f2e3260a9da8cafc59c3f3f7c5648debb9ab9ce,drat-trim,0.4,True,516.7,22:54:02,
1420,0,14,1,600.0,UNSAT,0.5,10876,906024,,f4535c02d596fe31187350c36a3542f42caef5d6fda0217ad2cd6961b3606ba9,drat-trim,0.4,True,517.0,22:54:02,
1418,0,14,1,600.0,UNSAT,0.8,18218,1499060,,399eaa3ca76322147e1c6dd4a5811e97d046c4f33aaa4560ebf94a3956e95777,drat-trim,0.5,True,517.1,22:54:02,
1419,0,14,1,600.0,UNSAT,0.6,14395,727245,,160a8b4a94bd5482e92ac627457801991716607efbbdfcdf91825615508865c5,drat-trim,0.4,True,517.1,22:54:02,
1421,0,14,1,600.0,UNSAT,0.6,14437,1217542,,de272898da47ea609b965ea0b83dbadb374274e61b903cc0c648dae5ffce7fd5,drat-trim,0.5,True,517.4,22:54:02,
1422,0,14,1,600.0,UNSAT,0.7,15796,1215401,,7c88c5b33636d2bbdb2e6bb4c3df5c7c54ab0eeaf6c791d7a1a22209ee2cd845,drat-trim,0.5,True,517.5,22:54:02,
1423,0,14,1,600.0,UNSAT,0.6,14107,827030,,9d12088c4269edb642fedabb2703a04b01d4f2591d62982102feec7a4651c98f,drat-trim,0.5,True,517.6,22:54:03,
1414,0,14,1,600.0,UNSAT,1.4,37900,2742922,,09be64c9616cafe76fdfff3826384757e1624eae7313c10be59843336043d8db,drat-trim,0.9,True,517.7,22:54:03,
1424,0,14,1,600.0,UNSAT,0.6,14232,730891,,b79b15c52620f0f753464b6bbd1143bdd815d5cadd39a60e2e57592ea7724cf7,drat-trim,0.4,True,517.7,22:54:03,
1383,0,14,1,600.0,UNSAT,4.2,99773,6513534,,79702029bca5cdcb406d86c14f374ef56a415943dc9264079a2f630278a520c3,drat-trim,3.3,True,517.7,22:54:03,
1426,0,14,1,600.0,UNSAT,0.4,9243,517717,,4cb15e5822572746b94e13a2a45adc332c4a7e5bb267d34763501c275eee72ef,drat-trim,0.3,True,517.7,22:54:03,
1399,0,14,1,600.0,UNSAT,3.3,79107,5424687,,9194235a2d06220c1a7f9b62c0f8423f721a0f3c11e80e3f253238997a14119f,drat-trim,2.3,True,518.1,22:54:03,
1427,0,14,1,600.0,UNSAT,0.6,14936,1145238,,b9e8a8bbb88e662465777b0537c20a2164b0f2642b47f2ecec84e5bf5e015c4f,drat-trim,0.4,True,518.2,22:54:03,
1428,0,14,1,600.0,UNSAT,0.5,12643,872523,,f839bfc15cbfa9b57b5f1563ddbcd00db0d9a3b7a62db6fc1fc107dd421796ba,drat-trim,0.4,True,518.3,22:54:03,
1390,0,14,1,600.0,UNSAT,4.3,98439,6748581,,bafeb47d91e5d46e0c4abf5686ca6c110c72750cb627f7980e3ed62ef02338d4,drat-trim,3.2,True,518.3,22:54:03,
1406,0,14,1,600.0,UNSAT,2.7,66302,4736176,,dc457fb7060a66908b83fb553d9a1dbfc25323ff0ee03299b6fc56886d6ce4e0,drat-trim,2.1,True,518.4,22:54:03,
1429,0,14,1,600.0,UNSAT,0.5,12344,931518,,52bfc711374c16997bf208ed4dfd75881cb2ea52128742164bb200a240584c40,drat-trim,0.4,True,518.4,22:54:03,
1434,0,14,1,600.0,UNSAT,0.4,10720,714197,,9b5737ec7990580072711c72e143fdda212d37edcc9ede9639268a6ff56ec730,drat-trim,0.3,True,518.5,22:54:03,
1433,0,14,1,600.0,UNSAT,0.6,14298,990864,,41f0462bc603dc2f004d9e136e00e9dea381f4b67e3cc1f1826e5dc3d951f698,drat-trim,0.4,True,518.7,22:54:04,
1391,0,14,1,600.0,UNSAT,4.3,94687,6747812,,d3f75440629ec90caec8d0e5a919ea08738e83bff3d1bb3ea544656f2fa83206,drat-trim,3.3,True,518.8,22:54:04,
1435,0,14,1,600.0,UNSAT,0.4,9939,809974,,0e653c967a6f1a5a540a679981e39125d8661cf02b05caab6ebca7ead2919b03,drat-trim,0.3,True,518.8,22:54:04,
1432,0,14,1,600.0,UNSAT,0.7,17729,1291313,,572b6378834794e999e3555fbfdfee91e54996b2c88199b8bcf35064380ccda2,drat-trim,0.5,True,518.9,22:54:04,
1425,0,14,1,600.0,UNSAT,1.1,27174,1767154,,66ad8ef617d48a7db3f06725f5d4dc14d6818c200df38eeb818b7676c3a6ef7d,drat-trim,0.8,True,518.9,22:54:04,
1407,0,14,1,600.0,UNSAT,2.7,68370,4650335,,faf910503de59bd2d284ed83ac3cd953fc5575914e72a45a04ea4d08153b7789,drat-trim,2.2,True,519.0,22:54:04,
1430,0,14,1,600.0,UNSAT,0.9,18794,1512623,,a6d6fc25b06fe59f9476acd31cf1df316b8ff51b6b91e209a464747d85591e43,drat-trim,0.6,True,519.1,22:54:04,
1436,0,14,1,600.0,UNSAT,0.5,12066,887234,,f977379df0b32a2691b60ac425299c8782feedbe3caaaca2d6568b5f6bc4568d,drat-trim,0.4,True,519.1,22:54:04,
1437,0,14,1,600.0,UNSAT,0.5,11185,783282,,c88a2b694f735f5762266743adb04b2669766881b0916d3c3b6ec97d75ea6206,drat-trim,0.4,True,519.2,22:54:04,
1440,0,14,1,600.0,UNSAT,0.5,10518,635230,,749474d54519a190230dd6a8020922cdbcc71a351553e455d57378be3135cfce,drat-trim,0.3,True,519.3,22:54:04,
1431,0,14,1,600.0,UNSAT,1.0,26872,2015357,,c18e2b9f7d65b25e6088e033afc100ee130866a0f0faf008f84909770b2d8d33,drat-trim,0.8,True,519.4,22:54:04,
1441,0,14,1,600.0,UNSAT,0.7,17109,1253330,,2b42ef8d2bd8eb59f77ea02670750ab39993d53422056261c0538a13761a6b36,drat-trim,0.6,True,519.8,22:54:05,
1444,0,14,1,600.0,UNSAT,0.5,11102,850372,,b3a6763c8636e9778a3be963bbf0c672775af32a927798fd87df7a8a253eff8e,drat-trim,0.5,True,519.8,22:54:05,
1448,0,14,1,600.0,UNSAT,0.4,10835,636037,,7dd1971ac29978f11a22992a27063126ee323480ef6aebf779398b5bd97673b5,drat-trim,0.3,True,519.9,22:54:05,
1438,0,14,1,600.0,UNSAT,0.9,20802,1588729,,09c24af98fbca8b08d82c23359adcd1c6369cea89ce654aa6857bcf72eadefac,drat-trim,0.6,True,519.9,22:54:05,
1446,0,14,1,600.0,UNSAT,0.8,15782,1218016,,845a77d14f21a9113e75e500fa7113381f9654ab75008514e442e7d67a9af851,drat-trim,0.5,True,520.2,22:54:05,
1445,0,14,1,600.0,UNSAT,0.8,15769,1250786,,a9daea6bf9a02baf024887a5cbde4cf7f42235f3ffeb934cb4b51813a0d0eb90,drat-trim,0.5,True,520.2,22:54:05,
1447,0,14,1,600.0,UNSAT,0.7,15184,1229233,,5e053812ebb1b82253fcee23f91a6f47af008d2ce322bdd3abfd47aff565ea38,drat-trim,0.5,True,520.2,22:54:05,
1443,0,14,1,600.0,UNSAT,1.0,22004,1580060,,93a433635ce45cb26b0b1ce3129a9d785c129b185cb61ea1cfe726454b5a2aec,drat-trim,0.6,True,520.4,22:54:05,
1452,0,14,1,600.0,UNSAT,0.6,12506,1002265,,626684e7658e9c3b8a5558979e1d49ed92ece9cfbcbf00384bc0c2e76cfb8130,drat-trim,0.4,True,520.5,22:54:05,
1449,0,14,1,600.0,UNSAT,1.1,24580,1635671,,001f346b5f89d28b23bdf98c545ba779ef5f7fe58c22736abb66591afb16b8cb,drat-trim,0.6,True,520.8,22:54:06,
1458,0,14,1,600.0,UNSAT,0.4,9217,672501,,e99dd3fb5e7e4e8c5bfb90dfeeea968e7a06ff291c9d2dbaabc2bbcebb97d5d6,drat-trim,0.3,True,520.9,22:54:06,
1454,0,14,1,600.0,UNSAT,0.6,13619,802541,,20d3204bfcefe08e8b127d893c9654f90d1cafb2c508cb661ce5cd69b8c82ab5,drat-trim,0.4,True,520.9,22:54:06,
1439,0,14,1,600.0,UNSAT,1.6,38502,2568103,,9c36fd9d3d2a4e137e3cc90952274d9fa1ee109926080b31962a6690e7683006,drat-trim,1.0,True,520.9,22:54:06,
1453,0,14,1,600.0,UNSAT,0.7,16850,1258407,,c396cff4dee4767a4eba1bfa6524da621749cf5ab1da540fc76f5f0b7f8801a7,drat-trim,0.5,True,521.0,22:54:06,
1456,0,14,1,600.0,UNSAT,0.7,18112,1294112,,b39e51e9295938ff205fe2cc4265723d572c1a98911273f7c24fbea9ab3fcbcf,drat-trim,0.5,True,521.1,22:54:06,
1455,0,14,1,600.0,UNSAT,0.7,17505,1406968,,c645f389c3b2b67152deed08c41f49f04ec8aa4ef33ced8cda8179f0b5133bc9,drat-trim,0.6,True,521.2,22:54:06,
1450,0,14,1,600.0,UNSAT,1.3,31201,2131928,,1e1a305098fbd642ab5bc15f3d4223b91bdba166e2c449a18eecef0d1964fbe5,drat-trim,0.7,True,521.2,22:54:06,
1460,0,14,1,600.0,UNSAT,0.5,12437,899659,,abd348af12be3f7b738eb00b35b01fe86b4064effc7bbbafc68df53be85204ed,drat-trim,0.4,True,521.3,22:54:06,
1461,0,14,1,600.0,UNSAT,0.6,15344,1224868,,ebea76562a5c123208f81ca4d5a510dc61722c9c46207d3223157ca20b117638,drat-trim,0.4,True,521.5,22:54:06,
1442,0,14,1,600.0,UNSAT,1.7,44722,2747765,,b4b6b934c40025aace36c039e4792e6400624f9ff2083473aaa6797f51eb0b64,drat-trim,1.1,True,521.5,22:54:07,
1459,0,14,1,600.0,UNSAT,0.9,23406,1559889,,79ac01395c29967118e7d131303c88969c357b11162cfbc5b7d384a39c8a031c,drat-trim,0.5,True,521.8,22:54:07,
1466,0,14,1,600.0,UNSAT,0.5,12541,853594,,c9a4b938a6cf013dd99846b2e32a453fe12e002650441edc131df4b4cb0c2e47,drat-trim,0.4,True,521.8,22:54:07,
1457,0,14,1,600.0,UNSAT,1.1,29761,2101164,,e785067d100629399527eef53e8f4dc5b7d0368f859f36a4721eec6424e3b8d9,drat-trim,0.7,True,522.0,22:54:07,
1451,0,14,1,600.0,UNSAT,1.8,46025,2887060,,7f99ff8a2b362d52fcd1e9bdf0c6257fac18938e00db1bc3bba49edf2850a417,drat-trim,1.1,True,522.1,22:54:07,
1468,0,14,1,600.0,UNSAT,0.5,12704,855056,,e5b0bcdd4f7371145638ba7dc9dc9b3c9617e834bfca657e55d78ca10a074532,drat-trim,0.4,True,522.2,22:54:07,
1469,0,14,1,600.0,UNSAT,0.5,13917,931027,,4601c62ea2515af446d0529f51b22e2efe805febc4f779a8bc7378bc2eddc586,drat-trim,0.4,True,522.2,22:54:07,
1465,0,14,1,600.0,UNSAT,0.9,19896,1414486,,36915abad607036a06df47fe467ec2264fbe55fbc28fb78acfab944bc302ebea,drat-trim,0.5,True,522.3,22:54:07,
1467,0,14,1,600.0,UNSAT,0.7,17377,1374297,,91afc322427426f0e470b78543a4bac32010662af8939a03ed3d0de25e17f03c,drat-trim,0.5,True,522.4,22:54:07,
1463,0,14,1,600.0,UNSAT,1.0,24824,1728856,,c1a20d1e41c69ff5b69f79831eb8a3a521173a48015459467bf58e0c72ff7b5d,drat-trim,0.7,True,522.6,22:54:08,
1462,0,14,1,600.0,UNSAT,1.1,28888,2075568,,282b901198a2f037f3cada85993c74dc2e52ad6498a6d332aee82c7d83e82e76,drat-trim,0.8,True,522.8,22:54:08,
1464,0,14,1,600.0,UNSAT,1.1,31164,2052593,,ee293c5b3c98313790dc59a04934ca3d84f731c490437abd9a6f7834cef31206,drat-trim,0.7,True,522.8,22:54:08,
1476,0,14,1,600.0,UNSAT,0.7,16680,1276005,,5d441434ffb7b852dc7fc036114d874d340a622d2d0296847653f010a7ec1ac7,drat-trim,0.5,True,523.3,22:54:08,
1471,0,14,1,600.0,UNSAT,1.1,26675,1825260,,238bb4f6abddc5e6d3288004dbf95864cc5cfaaf64435fade66c73fcbf265b78,drat-trim,0.7,True,523.3,22:54:08,
1470,0,14,1,600.0,UNSAT,1.4,37332,2339369,,35c8075bf61d70e17f0b7ff57828a100aa46720306289d421b155fe139521096,drat-trim,0.8,True,523.6,22:54:09,
1473,0,14,1,600.0,UNSAT,1.2,30666,2311706,,9d520d9b018b370c23bac4f54526c7aef7f4a55f96930f0dd02a01e7e5ef3c70,drat-trim,0.8,True,523.8,22:54:09,
1474,0,14,1,600.0,UNSAT,1.2,29814,2122009,,743bc9428d817f275b55301b2d43dd23292281d8d5ba0bc86b0f71b1c1972561,drat-trim,0.8,True,523.9,22:54:09,
1472,0,14,1,600.0,UNSAT,1.4,33683,2473023,,5c6ba130e11849d71531d12e58f8e5c0fafb8256132b6efc97cceec245022d59,drat-trim,0.9,True,523.9,22:54:09,
1481,0,14,1,600.0,UNSAT,1.0,25939,1664298,,25a39f186bb66d794554e9fbb312039d743ec14f0108aa1b79d5a496ecdcbdd3,drat-trim,0.6,True,524.2,22:54:09,
1477,0,14,1,600.0,UNSAT,1.4,35031,2631598,,f34cab6aaedf270b2bd2734e499bd4e35d4d3b6e17265a3bb7da017d702255cf,drat-trim,0.9,True,524.5,22:54:09,
1480,0,14,1,600.0,UNSAT,1.4,37703,2608768,,84de1be2c32ba840a554752852120b5d4ba8a85d61a2829821a5c8c254fa1242,drat-trim,0.9,True,524.7,22:54:10,
1475,0,14,1,600.0,UNSAT,1.9,47228,3425158,,52d56c31a876bb295e1a1de010e09f4ee3e4a37d12d823a03efeb506dda0e910,drat-trim,1.3,True,525.3,22:54:10,
1484,0,14,1,600.0,UNSAT,1.5,39874,2708156,,cedc4f032325f0312cdf8907d464d8badd0dabcc046070ae51b86b8192d265c4,drat-trim,0.8,True,525.6,22:54:11,
1485,0,14,1,600.0,UNSAT,1.8,48257,3493352,,c5cf7c470174322d871845635626ed36904b9c368fe0fad44019e746b2948c71,drat-trim,1.1,True,526.2,22:54:11,
1492,0,14,1,600.0,UNSAT,1.7,44475,3019384,,40dd0da26b6ef80a94c3f8a783428882e7bf194d32dd5407545ead491a506d29,drat-trim,1.2,True,527.5,22:54:13,
1488,0,14,1,600.0,UNSAT,2.2,53493,3638323,,9e3efa6ea7ee2cd861f54142ac41fdecf39b12572e88959a65965da4f360dbab,drat-trim,1.7,True,527.7,22:54:13,
1479,0,14,1,600.0,UNSAT,3.3,82138,6083426,,21cd46312922af0168f4794ce7b6cc23a9da15c0f49863c367cbd09a688f733f,drat-trim,2.5,True,528.1,22:54:13,
1483,0,14,1,600.0,UNSAT,3.1,79849,5203907,,6376666b6b4c7c74eddbf29e286315368c61084fcfcd2ceef8d8ac4ef12f681c,drat-trim,2.4,True,528.3,22:54:13,
1482,0,14,1,600.0,UNSAT,3.2,84811,5565257,,293d5614ec32a455f53b52c8d463cf36efef19d48883d40daaff0c0170e2583c,drat-trim,2.5,True,528.5,22:54:13,
1478,0,14,1,600.0,UNSAT,3.6,88768,6185392,,0de49497994f8cd61c46f48bd35c20a3416c88a01e36a0555d6a5b0e9c6d4494,drat-trim,2.7,True,528.5,22:54:13,
1490,0,14,1,600.0,UNSAT,2.5,63651,4306177,,bbff678d72404f04a79e304929df1bc7edb6f7ad424eb0db658cd9b9d52e1687,drat-trim,2.0,True,528.6,22:54:14,
1496,0,14,1,600.0,UNSAT,1.7,45821,3199905,,310efc59247955cb412440b944ffc7aa7760dd0e6c40e9a75890c85ea1cf3112,drat-trim,1.2,True,530.5,22:54:16,
1494,0,14,1,600.0,UNSAT,3.4,82894,5868379,,73e67690c13fa09cffa35276710b5002d248a085ced5f2ea3d5e38a21f72d649,drat-trim,2.7,True,531.7,22:54:17,
1489,0,14,1,600.0,UNSAT,4.7,112965,8071397,,a2d18187e3dcb6b2ec7e1dc7dea0e3b3cacf5a309838778a1f65777449493261,drat-trim,3.8,True,532.4,22:54:17,
1493,0,14,1,600.0,UNSAT,3.9,92115,6639741,,a50b07700fd9ddd49dabc6a99e7f40b093cb0df291363f388a29095d5fe0c821,drat-trim,3.4,True,532.5,22:54:17,
1500,0,14,1,600.0,UNSAT,2.4,62586,4088728,,a0b7bd2f2fa17964b42527d142883c79eacc6ea0545d6066ec40018a0a926f1f,drat-trim,1.7,True,532.6,22:54:18,
1487,0,14,1,600.0,UNSAT,4.9,115973,8080749,,c91189030502c29d16ba895c14ca7cb73a840cfb19c0504fbdca0affd7b430d0,drat-trim,3.9,True,532.6,22:54:18,
1486,0,14,1,600.0,UNSAT,5.3,124112,8484804,,9f5836daf639ae80b750a657e28317e4f2f527d34de2b88d105586d136387065,drat-trim,4.2,True,533.1,22:54:18,
1508,0,14,1,600.0,UNSAT,0.4,9885,793574,,4ce035a3be87ef173fb1e1a592c38240e8d80c45fe4deea39050bafa54c64afa,drat-trim,0.3,True,533.4,22:54:18,
1491,0,14,1,600.0,UNSAT,5.2,118558,8376252,,38098021d994c62a0ce8c5eb12990343d23723655bc7e1728c697a661cd6453f,drat-trim,4.5,True,534.1,22:54:19,
1502,0,14,1,600.0,UNSAT,3.2,81169,5310382,,bf03e22fd73cca84bafb4d5e0bab2898e090445c8f0e31e319c00d17b2fb8320,drat-trim,2.3,True,534.2,22:54:19,
1504,0,14,1,600.0,UNSAT,1.7,43003,2790586,,fb028f9c049fa3a32bf561a7144ace607a3180fa1306fc0243deb7d065d78efc,drat-trim,1.2,True,534.5,22:54:19,
1498,0,14,1,600.0,UNSAT,3.6,88975,5748786,,7d0ddd5b158d570152277a6296d42a97cd4dcee3b8e52c606dd446bc55c7f618,drat-trim,2.8,True,534.5,22:54:20,
1506,0,14,1,600.0,UNSAT,1.7,43711,3023675,,8b38c80fa440f7cc8836dc0549dc390a80cf85ca481e0f47139b3cbb275b8f65,drat-trim,1.3,True,535.5,22:54:21,
1512,0,14,1,600.0,UNSAT,1.0,25308,1790218,,e7297f02afcbc42d2bcf16be6b52d5d7607c2c1038178c57e5de1a2c10425de5,drat-trim,0.6,True,535.7,22:54:21,
1509,0,14,1,600.0,UNSAT,1.8,48309,3352246,,0cf02328875b8079a5ee5af939a4224741f0680dd0c0c8ee73764a1a08c50b99,drat-trim,1.1,True,536.2,22:54:21,
1495,0,14,1,600.0,UNSAT,5.5,119087,9010710,,a91045d2fcf01759644455f21a7c22708e2dedff4c2cdcc35975428afc1a692b,drat-trim,4.6,True,536.3,22:54:21,
1499,0,14,1,600.0,UNSAT,4.4,105868,7375955,,6168b633e40e36935ba8114df4ee8f1ad9fad5a3fd016cc90db521088406e2d7,drat-trim,3.9,True,536.5,22:54:21,
1497,0,14,1,600.0,UNSAT,4.9,110718,8155329,,e9fd2c38fac7feaf7bb2edb2721df5dcf0aed1ebb461aa8a0d0fee8b054084ed,drat-trim,4.0,True,536.6,22:54:22,
1516,0,14,1,600.0,UNSAT,0.5,12207,803069,,003a8e3028fac92615f51948e081e92623e5ffd20dca8074af13b62e433f1f6e,drat-trim,0.4,True,536.7,22:54:22,
1513,0,14,1,600.0,UNSAT,1.4,38604,2560907,,bf402c7cc91658f82fb0300b593a64992d6955b69daabafc8806d28a0ad4bb9b,drat-trim,1.0,True,536.9,22:54:22,
1505,0,14,1,600.0,UNSAT,2.7,67789,4479123,,f13a21ccbc3033a3fd0ec01470e5c54e7477d50a8a2979c1902ac14a48018334,drat-trim,1.9,True,537.1,22:54:22,
1501,0,14,1,600.0,UNSAT,5.1,121382,8330193,,8128f963f6b2278d74542d2d1425abd0e2859b885b319c35cae795d5e99aaf11,drat-trim,3.9,True,537.5,22:54:22,
1522,0,14,1,600.0,UNSAT,0.9,23251,1589442,,07edb6ab2f8a56ebb3b7b24a21612e2a6bd7a2b9eb26b8b81137231b1f01cf4e,drat-trim,0.7,True,538.5,22:54:23,
1514,0,14,1,600.0,UNSAT,2.5,61794,4323386,,ba6d546cd1d55d6f268e165c80a107139510790276a1d71ec2ffb7bb46988c8b,drat-trim,1.6,True,538.6,22:54:24,
1524,0,14,1,600.0,UNSAT,1.2,31189,2246354,,8fb1c5b532f7611a45ed3bbac7758bbbff52c418a5c42f7a021f32b6a112eaae,drat-trim,0.8,True,539.5,22:54:24,
1507,0,14,1,600.0,UNSAT,3.8,91577,6345058,,3df61cd78f635902a0f9b2b288221b82d9909abbf2a3895a4a082b54dcd7f5c0,drat-trim,3.1,True,539.5,22:54:24,
1517,0,14,1,600.0,UNSAT,2.4,61093,3795487,,b2f25d9d8b14c7cb24d6958c5d41f7c723bb3af67ce0593d59ab58eb1c3b50f1,drat-trim,1.6,True,540.2,22:54:25,
1511,0,14,1,600.0,UNSAT,3.3,82649,5826058,,e4bb7ddbc6d6f2f5f582b76934543fedd1b45decfadbb059bc87c44634b486ab,drat-trim,2.7,True,540.2,22:54:25,
1503,0,14,1,600.0,UNSAT,5.7,126928,9227104,,b14778a7b258f1b09e730376c52b873c088c232aa20f34c45b8a338dc53b101d,drat-trim,4.3,True,540.6,22:54:26,
1515,0,14,1,600.0,UNSAT,3.2,75982,5082520,,2d0e761155e40e4525fc4441bf99694938d1534cc404f32da2eea6f33a935f62,drat-trim,2.5,True,541.2,22:54:26,
1526,0,14,1,600.0,UNSAT,1.6,40887,2697289,,ec02aa9206befd70920be3d33217c07ec3849cdbc6e7b498924dfc16dbdbc360,drat-trim,1.1,True,541.3,22:54:26,
1510,0,14,1,600.0,UNSAT,4.5,106703,7095562,,2b1b35668fdd29512bd3e7d7be4074e56fcbd293c1e04244ef54398dd8d9d3fe,drat-trim,3.5,True,541.4,22:54:26,
1530,0,14,1,600.0,UNSAT,0.9,24303,1825655,,4535f2537ae280d5158f4876f9c466ecdba0ebe79514970ce380fe05240f2f8d,drat-trim,0.7,True,541.9,22:54:27,
1519,0,14,1,600.0,UNSAT,3.7,89966,6091366,,19a84cef96077260cef10a58edf2a8873a7a0e9047b865236d45d63e5b791568,drat-trim,2.9,True,543.2,22:54:28,
1520,0,14,1,600.0,UNSAT,3.7,92002,6301394,,950363a9be2238428d0a977576ac6031e831d26d4e33dd9ebd6de895a9d39aec,drat-trim,3.1,True,543.4,22:54:28,
1536,0,14,1,600.0,UNSAT,0.3,6180,382020,,b7ef28ed618aaa11039ff17f275602f75e81ef507138d3c707ac779c39660871,drat-trim,0.2,True,543.7,22:54:29,
1518,0,14,1,600.0,UNSAT,4.3,101350,6865955,,4e5e7ffb05990532f7aca039baab67f66cefe566a8c5ceea85a3b3629c5de81d,drat-trim,3.3,True,543.8,22:54:29,
1532,0,14,1,600.0,UNSAT,1.6,41438,2741004,,f16383f53b9c5ce4c62b0e149c80c84b12966c5adebf3f61ac34343c581d9590,drat-trim,0.9,True,543.8,22:54:29,
1537,0,14,1,600.0,UNSAT,0.3,6596,337785,,fbfeec58d2eca1392f601f0644335eb133779a68d701f5e5cfcee5383dedd8ca,drat-trim,0.2,True,543.9,22:54:29,
1538,0,14,1,600.0,UNSAT,0.3,7222,457302,,6400cb8a2c14fc75926370365b9e862435daca1b200079d514a2fe92d8316b5f,drat-trim,0.3,True,544.5,22:54:29,
1528,0,14,1,600.0,UNSAT,2.8,70356,4742779,,68b19e636a36090ff2c864c62152e4762e511fb7c5bb740c0d61590ece21f803,drat-trim,2.3,True,544.6,22:54:30,
1540,0,14,1,600.0,UNSAT,0.6,11268,706427,,f4357e76c9a1eaa9a060c5fd8c4ff73a2aefadc5650a7ae0b3faaef8e8a59b57,drat-trim,0.4,True,544.9,22:54:30,
1539,0,14,1,600.0,UNSAT,0.7,13366,807662,,ebbfbd0d7e305408411ef234500d3edcdfc7c1342a726c228ffb7814ea6a7ac8,drat-trim,0.5,True,545.0,22:54:30,
1541,0,14,1,600.0,UNSAT,0.7,14110,1023717,,6402d459a53917a006a80b31a86e88239b3afc9640f299c71c66613cd3ded0b1,drat-trim,0.5,True,545.1,22:54:30,
1544,0,14,1,600.0,UNSAT,0.3,6034,356914,,f9887e3ef24b698e3288190081b94abbd6a2d56f191a396e8aecfed211da5a77,drat-trim,0.2,True,545.4,22:54:30,
1545,0,14,1,600.0,UNSAT,0.4,8911,892773,,116468c7429344d2e1aa044e22a533090b09e404fa7aef00a1d762da04f60b1b,drat-trim,0.3,True,545.7,22:54:31,
1525,0,14,1,600.0,UNSAT,3.9,89119,6082341,,c37ef36fbabd83102554adf4aba9916a461fc3425e672a9826016b2f3ea22993,drat-trim,3.3,True,545.8,22:54:31,
1543,0,14,1,600.0,UNSAT,0.7,15221,1263257,,285720d7698c29c5b939ca71dbae50080f363cdfce4fad0337379801b5ddc15b,drat-trim,0.5,True,545.8,22:54:31,
1521,0,14,1,600.0,UNSAT,5.0,115827,8388803,,6e9ad5a988b1079e16c896d73f84592a1c78727ee114b5b86f49fe8271a0a2b7,drat-trim,4.3,True,546.0,22:54:31,
1542,0,14,1,600.0,UNSAT,1.0,21736,1699853,,6b5f56579f07eb69393d80a229e12b9b85229131705540a8466a1f192c41d81c,drat-trim,0.7,True,546.1,22:54:31,
1534,0,14,1,600.0,UNSAT,3.2,73433,5226577,,a5bfbf6915a5d8b48be8dd6f43c979a2e8b06927cdf84a0deb4c828c0c63e19b,drat-trim,2.0,True,546.6,22:54:32,
1546,0,14,1,600.0,UNSAT,1.1,26948,2087696,,3fa26c3ce6aabcb96e03a9c7b588cbaafc6b5e590c53ce3034eabded7818241c,drat-trim,0.7,True,546.9,22:54:32,
1549,0,14,1,600.0,UNSAT,0.7,18092,1360258,,dde12d22fab0d432daa3c3d95139b5a7a057a69166a20362861382741b65768d,drat-trim,0.5,True,547.0,22:54:32,
1550,0,14,1,600.0,UNSAT,0.7,15704,1282974,,9a0c1f0aec0fdd0b08582751cad1eac2b0e7ea0ff241aac41e5c7ef64c42c5f2,drat-trim,0.5,True,547.0,22:54:32,
1548,0,14,1,600.0,UNSAT,0.8,19228,1407687,,78605044ae4f984cd7437b0cf7cf72c397cc6ee4e99f05da69d07ffd0abb37d0,drat-trim,0.5,True,547.0,22:54:32,
1552,0,14,1,600.0,UNSAT,0.6,12667,855350,,1d5e5d102fd9b4a83d50049a938e09272ba3a267a00a9b96d655792658f545a6,drat-trim,0.4,True,547.1,22:54:32,
1553,0,14,1,600.0,UNSAT,0.4,9636,806863,,05b18c3705e97690b7ebf55b2cfbb58d3ce8c1d344b9a2883f2488da7085117d,drat-trim,0.3,True,547.3,22:54:32,
1556,0,14,1,600.0,UNSAT,0.3,6724,380150,,f2a563741122cb2f30bf3923b68f33430b1f5fbc587d4af2efb7fbae92df84bc,drat-trim,0.2,True,547.5,22:54:33,
1547,0,14,1,600.0,UNSAT,1.3,31528,2279400,,2d7e8c4dcd38ec81cf15e74b5c3c5eb1dc263c2fb4ad1350299296454aa885f2,drat-trim,0.9,True,547.5,22:54:33,
1561,0,14,1,600.0,UNSAT,0.5,11643,772998,,4c851f33026d7c4cf6fb0e12e218cfd097659fee7f189443867c5802b72dbc05,drat-trim,0.3,True,548.4,22:54:33,
1560,0,14,1,600.0,UNSAT,0.5,12331,768800,,f5eaadd133704b84f9403b2272d1ea2387f1fda326bfee222ca0f2877796b65e,drat-trim,0.4,True,548.4,22:54:33,
1557,0,14,1,600.0,UNSAT,1.0,24024,1765486,,ecff6a4874131ba9174d9772749f0df1ae0d72b73a4781f31fc3ddfbb46d37e5,drat-trim,0.7,True,548.7,22:54:34,
1554,0,14,1,600.0,UNSAT,1.1,30427,2243680,,9360ef3f9108dd274e8af01e581262e2bc78cf0b746865a4ba14067faf5aa84e,drat-trim,0.8,True,548.8,22:54:34,
1558,0,14,1,600.0,UNSAT,1.1,28173,1935167,,00105365f8138112740cc54854b3dd9b0bbce42c2c64c9e4a355cbf2f2d79aaf,drat-trim,0.8,True,548.9,22:54:34,
1551,0,14,1,600.0,UNSAT,1.9,48112,3774192,,2c1d86e83a5989918b6b82fa32e3d306ea3e11c788963f2f4122cadde9996d68,drat-trim,1.5,True,549.4,22:54:34,
1555,0,14,1,600.0,UNSAT,1.4,36942,2508821,,00241105a41c11af8e70e8a858b08fe93e1cdb101332294f7ad1087badbc5f05,drat-trim,1.0,True,549.4,22:54:34,
1565,0,14,1,600.0,UNSAT,0.5,12178,743497,,2400c8b2de20117867f8fe74238e863d7675ceaa58944d3de96a29c13dfa4ad4,drat-trim,0.4,True,549.6,22:54:35,
1564,0,14,1,600.0,UNSAT,0.7,15231,1131401,,582682d40cadfc203545c250503276dda32559071971a3d9408a3f8b6e31ef8a,drat-trim,0.5,True,549.9,22:54:35,
1562,0,14,1,600.0,UNSAT,1.1,28707,1852426,,f35f3c23a00071584bc9f7224859cce2bbf1bdbb5a1024f8468af3dc8d6e0283,drat-trim,0.8,True,550.2,22:54:35,
1523,0,14,1,600.0,UNSAT,7.0,155749,10631278,,d44a3f879df59315c113fbd07181448ff058d342f839a02756b8c4b4f965fae1,drat-trim,6.2,True,550.2,22:54:35,
1563,0,14,1,600.0,UNSAT,1.3,31243,2444676,,aa4a9729da710677ca6873838c3f6f0d416b9aeb9ea775e552a8575a7a225393,drat-trim,0.8,True,550.6,22:54:36,
1566,0,14,1,600.0,UNSAT,1.1,28718,1977300,,22689920228933f6456f2595b66634a81688de07a3c88fbd19c98ad47b5a10c0,drat-trim,0.8,True,550.9,22:54:36,
1533,0,14,1,600.0,UNSAT,5.5,121918,8511828,,b0ddcf6b386669b4ba85f48b8339c28142998c8a01027b32a1a3340b0e46af24,drat-trim,4.5,True,551.3,22:54:36,
1567,0,14,1,600.0,UNSAT,1.1,29870,2122328,,aa94d5e86dc65ffd72a4eaaced019b6f13623514b6403b48b25ad5a280aebb75,drat-trim,0.8,True,551.4,22:54:36,
1531,0,14,1,600.0,UNSAT,6.3,131236,9322213,,8c8ec80e40da95081b66fe8c23afc245ad6f68338d5fa05a3920f0a442de57aa,drat-trim,5.0,True,551.9,22:54:37,
1535,0,14,1,600.0,UNSAT,5.7,122236,9010659,,195535a9ecdeb81fb7d8c904bf975102079ac9c91688604b57ab29c2b966bbbc,drat-trim,4.4,True,552.0,22:54:37,
1529,0,14,1,600.0,UNSAT,6.6,137217,9770592,,c0eb3c4a8c964932bf96f7c917ed06c5e16c0e5437efd1567544861e487b8ddd,drat-trim,5.3,True,552.0,22:54:37,
1568,0,14,1,600.0,UNSAT,1.7,43895,2830818,,0fecd761be00ab05fe3cc424ad0ba538f1678459f31f30754505d391846ebbb0,drat-trim,1.2,True,552.3,22:54:37,
1572,0,14,1,600.0,UNSAT,1.5,39358,2489912,,097d213be4a0bb50b6901f5c9e25b4e51327260a89f506faa779778714567bc5,drat-trim,1.1,True,552.8,22:54:38,
1570,0,14,1,600.0,UNSAT,1.9,46999,3168421,,2902f29344d395d97e1e3de41bd8576d4956bb951b1cda889f9083f2f0b90fcb,drat-trim,1.2,True,553.0,22:54:38,
1559,0,14,1,600.0,UNSAT,3.3,80717,5463264,,d056e17b9c9e35392b2e7d3dd31bd23eda388a4430bf60b7de317cf49b85e2ef,drat-trim,2.4,True,553.1,22:54:38,
1527,0,14,1,600.0,UNSAT,7.6,163605,11375517,,a3c639864032fffa26e02388a0dff37841b0e98ac0a6e29fd99e9d6028bad7c8,drat-trim,6.2,True,553.3,22:54:38,
1574,0,14,1,600.0,UNSAT,1.6,41764,2911447,,45e15fe0ea8b9e033d81d54d08bdb477c3212b285bdff6035b8ec5ae5ca5c6c7,drat-trim,1.2,True,553.7,22:54:39,
1584,0,14,1,600.0,UNSAT,0.7,15110,1172812,,4427908d8b9bf70380a4c53911412a80d88d872ce2bc68a4bd3bf3f47cd69a0c,drat-trim,0.4,True,554.4,22:54:39,
1580,0,14,1,600.0,UNSAT,1.7,40544,2676550,,009c10c6d08df2e6aee994dff3152f9547ba8a1351bc5445b9a80d925a298a17,drat-trim,1.2,True,555.2,22:54:40,
1585,0,14,1,600.0,UNSAT,1.2,27998,1986397,,e636529505ba01693334b16f2181099a4e1eaa58528cc3ba7b5b7da69b45fc93,drat-trim,0.8,True,555.7,22:54:41,
1582,0,14,1,600.0,UNSAT,2.2,52129,3812449,,2788cad3c483ad70fbf7bde48d17a875bae50d0f779b8bce3184c1235a9f1e7c,drat-trim,1.5,True,556.7,22:54:42,
1573,0,14,1,600.0,UNSAT,3.6,86493,5744436,,c5169d5062f726e804ecaf7ad43e6da9058a4b79e76040ba30113db5b2c3455b,drat-trim,2.9,True,557.0,22:54:42,
1588,0,14,1,600.0,UNSAT,0.8,20580,1571354,,95d5954bd278924b027e5798c3a7c6f9964f8cfefa3f74b5bb4b58d44da9d72a,drat-trim,0.6,True,557.1,22:54:42,
1576,0,14,1,600.0,UNSAT,3.3,81716,5784418,,2396bf1fab56a9a7f3d350a357307a6b82f5349f0075f50963c7a330d55fedcd,drat-trim,2.7,True,557.4,22:54:42,
1578,0,14,1,600.0,UNSAT,3.5,84443,5769872,,8d193d29f8abf60a52963ee0f2989469e4d84014d5a206837b7ca1daec4228f8,drat-trim,2.9,True,558.4,22:54:43,
1586,0,14,1,600.0,UNSAT,2.3,56576,4146154,,aa4f9c37c416d3f6ed311e4e2d43dd3d165abaad5f39f1d565b2733aea259970,drat-trim,1.8,True,558.7,22:54:44,
1590,0,14,1,600.0,UNSAT,1.1,28573,1961288,,7834be742c7d86cf660b5c4ee15843b73fdb896d85bf653d5f3d31817908e821,drat-trim,0.8,True,558.9,22:54:44,
1571,0,14,1,600.0,UNSAT,4.8,104692,7477198,,e886a1aba4453d9534c0cd9b62a709a961875530353f6a5a0d7a9c46b0eddf19,drat-trim,4.0,True,559.0,22:54:44,
1592,0,14,1,600.0,UNSAT,1.5,34119,2682762,,745cb462fe28a1178134d6e5b2bb529096853b64d7dea40ae7fb01e5e1f33b1a,drat-trim,1.0,True,559.9,22:54:45,
1577,0,14,1,600.0,UNSAT,4.5,98174,7271548,,7d3ca0f72a7140f600e3f4f8df5fd556383b5fef9ce00a6c05f5374513de5d52,drat-trim,3.9,True,560.3,22:54:45,
1579,0,14,1,600.0,UNSAT,4.6,99888,7232757,,d54a19a182622e18b85468dec0916dae28156e999679b7949904f01d9519e9cd,drat-trim,4.0,True,560.6,22:54:46,
1596,0,14,1,600.0,UNSAT,1.2,27983,1916378,,97ebe24488765039c1cae32639b1a1dea71a97d4c827c0b4b2bfe7eb1b27027c,drat-trim,0.7,True,560.9,22:54:46,
1594,0,14,1,600.0,UNSAT,1.4,34462,2411040,,964a31aacf82785ab3af2328f63423052f808bad9f4673cb5a8ebc17853730e6,drat-trim,1.0,True,561.2,22:54:46,
1587,0,14,1,600.0,UNSAT,3.6,81208,5738714,,7c7453cdadd66b33194843a40ba760827808da9d4cde3f10f41e2c3bc2ed4478,drat-trim,2.6,True,561.4,22:54:46,
1600,0,14,1,600.0,UNSAT,0.3,8264,429162,,8adebfbd664d0ac0aa893efa0b88d48d98c8e72a4e8f136b6e7e1f3053598fe7,drat-trim,0.2,True,561.5,22:54:46,
1581,0,14,1,600.0,UNSAT,4.8,108439,7730041,,1fcea5256a2d9c1505f52d3fa3e40b5664148a84db111d29ed792f9d85ad32f5,drat-trim,4.0,True,561.6,22:54:47,
1601,0,14,1,600.0,UNSAT,0.2,5762,340975,,44c1adc270bc82ce454f9659e897782546472ac8119c267041a60f8f61657e41,drat-trim,0.2,True,561.6,22:54:47,
1589,0,14,1,600.0,UNSAT,2.8,68335,4808588,,ce77d23a9c4503b74b21c76bd4f034cf09aa085ed0391adbbe95ccbeaf85d237,drat-trim,2.2,True,561.8,22:54:47,
1569,0,14,1,600.0,UNSAT,6.5,144401,9950736,,3eba9f646cbc82a60c2a6333a1350351b77701e77547b3a33c2235b691e2bde5,drat-trim,5.7,True,561.8,22:54:47,
1598,0,14,1,600.0,UNSAT,1.1,28808,1933533,,171eed7cd73aab55396cad0db71bf3e3b922b813a375d8ff56eaf7cab1151c05,drat-trim,0.7,True,562.2,22:54:47,
1605,0,14,1,600.0,UNSAT,0.5,10640,638810,,87e01ea38032531b7eed0230eaf37beea2208e56573266a76071e153c869c12f,drat-trim,0.3,True,562.4,22:54:47,
1604,0,14,1,600.0,UNSAT,0.5,12701,885187,,afdc74f8014951f085b0b7614b31d8c4d0bc47607a940bc829c4bb2268b5e8c5,drat-trim,0.4,True,562.5,22:54:47,
1602,0,14,1,600.0,UNSAT,0.7,15214,1173242,,1dd618dae43b82bb08a268633c7eb4c69e03a8d94263cf3d1e28087efedbaf47,drat-trim,0.5,True,562.5,22:54:48,
1603,0,14,1,600.0,UNSAT,0.9,23310,1437161,,e459149042a3aaac9af6211d6e845ea5c6389c6e910db242395d4b79c5635a44,drat-trim,0.6,True,563.0,22:54:48,
1609,0,14,1,600.0,UNSAT,0.5,11856,879478,,98f8dc74d0ac03ca0d0e07fb47d9a7a641ceb9dd9d74d3e862c2b246a91350c3,drat-trim,0.3,True,563.2,22:54:48,
1607,0,14,1,600.0,UNSAT,0.9,19223,1604569,,0269003e834e9f6e470dedcaa8d5287e1bde30aa20cde647df84185c0c79970a,drat-trim,0.6,True,563.3,22:54:48,
1608,0,14,1,600.0,UNSAT,0.8,20816,1448487,,96c27f9ce436eec6d8be0e2ea16037e9c211731ee182574b5c9e3dc1d1909651,drat-trim,0.5,True,563.6,22:54:49,
1591,0,14,1,600.0,UNSAT,3.7,81446,5757489,,5b8a233749aec09b2ea58458c95fcecd9d84c2ff35fb7e0d502b7359676ede97,drat-trim,2.8,True,563.6,22:54:49,
1583,0,14,1,600.0,UNSAT,6.0,126711,9370934,,b5fa12801815832c9b370104d7d9d808f59a6157f721185ccca70c0dd6785e23,drat-trim,4.7,True,563.8,22:54:49,
1612,0,14,1,600.0,UNSAT,0.5,11562,797882,,432d10d645a7e3f3b9501c7362655a2c2af36c51b3d478a820786b8c3be62b25,drat-trim,0.4,True,563.8,22:54:49,
1616,0,14,1,600.0,UNSAT,0.1,2846,140521,,1bc2ee107688d1326036fdbeccc077dce5b43b390766a4d6768970f13d93c878,drat-trim,0.1,True,563.8,22:54:49,
1606,0,14,1,600.0,UNSAT,1.3,31321,2585891,,a7de46555c0b195c206fba9dbdc3bb6629c02f7fe36d2755e09851ec47e80724,drat-trim,0.9,True,563.9,22:54:49,
1617,0,14,1,600.0,UNSAT,0.1,2071,171756,,5f0cc461e8faae58be8767ea10de86d8d550a709810bb46613b53c4013018f89,drat-trim,0.1,True,564.0,22:54:49,
1618,0,14,1,600.0,UNSAT,0.1,2829,144282,,48270ad9aa176fe1c24f3f4d0208b0ddf8777e03ae26c3e85e372fbdcc020598,drat-trim,0.1,True,564.0,22:54:49,
1613,0,14,1,600.0,UNSAT,0.5,11476,908122,,1e2e3e790aabc7114a400d5c6ff6304eff8c86f9837f8844f505fd34121e37b6,drat-trim,0.4,True,564.1,22:54:49,
1610,0,14,1,600.0,UNSAT,1.0,28036,1802664,,ec8d382f473f800232d05256337dd02ac3fa727adac8c2e2a73e42f18caf6d35,drat-trim,0.7,True,564.2,22:54:49,
1611,0,14,1,600.0,UNSAT,1.0,28348,1785899,,2e4a00abe854b2abd8c04beed0ea239a4343855d58af7e2f63763736a6d0a3a2,drat-trim,0.7,True,564.2,22:54:49,
1619,0,14,1,600.0,UNSAT,0.3,8071,450061,,ccaaa20edfa1ef53c2de3f3868033f66791b1e5e0b5a4abc364f6f26d3fe1737,drat-trim,0.2,True,564.4,22:54:49,
1593,0,14,1,600.0,UNSAT,3.4,82179,5713047,,55641e114d55f22c4351cb706a517dd7551e66c97231a8194605e3d2fd4ab639,drat-trim,2.6,True,564.4,22:54:49,
1625,0,14,1,600.0,UNSAT,0.4,8537,443412,,3a89ed33ea0bd940f52924bf9b8ca1c3f9d864acf6f40dd040ff3421845775e3,drat-trim,0.2,True,564.8,22:54:50,
1627,0,14,1,600.0,UNSAT,0.3,7593,398750,,08530d1638e5a709e9b94edde81492ce5b11d69a1b06e56e4c9ea6bd6e4aac50,drat-trim,0.2,True,564.9,22:54:50,
1626,0,14,1,600.0,UNSAT,0.4,8681,475168,,acf0cd3502b9e8118943087b7d84f899ea7f55d45b0ef06afb2bdcbbad707789,drat-trim,0.2,True,565.0,22:54:50,
1624,0,14,1,600.0,UNSAT,0.5,10922,745572,,61908bf67487b8c6250ad854f8a82551b80405b978251d2454029e0b89b22d55,drat-trim,0.3,True,565.0,22:54:50,
1615,0,14,1,600.0,UNSAT,0.9,21241,1542295,,04ef1e1b70c1165847dfbaae9f9a8c0eca9cf6c7c827a20d0a5618624dc34c2f,drat-trim,0.6,True,565.0,22:54:50,
1621,0,14,1,600.0,UNSAT,0.7,17821,1387093,,d61a042cb4c77551baee169045f80f8dcecef2b6ad3cda302adc50f2e9441011,drat-trim,0.5,True,565.2,22:54:50,
1620,0,14,1,600.0,UNSAT,1.0,22440,1533610,,1adf6ccdaaeec8219367e5cf50e1f59026431f149653e972ef97a059862c9774,drat-trim,0.6,True,565.5,22:54:50,
1614,0,14,1,600.0,UNSAT,1.4,35814,2502663,,6580da97d0b4edc47b98ae05afec1fc073755eaaed7d938e942f7f657fff69c9,drat-trim,1.0,True,565.6,22:54:51,
1628,0,14,1,600.0,UNSAT,0.7,16365,1260365,,5aaf3310104443291867fae299f3b5b3367ac2677e11a3d34b2662a3bd899a77,drat-trim,0.5,True,566.0,22:54:51,
1629,0,14,1,600.0,UNSAT,0.7,16363,1256655,,6d19c71919305881e873f5f11d846a521dd725074888d972d15c1f9cb788c221,drat-trim,0.4,True,566.1,22:54:51,
1631,0,14,1,600.0,UNSAT,0.7,18100,1387811,,95cb4aa9c81df0bf53ec6892a7b63dddda0970e0714bf4c52a69c1919ee6869d,drat-trim,0.5,True,566.2,22:54:51,
1633,0,14,1,600.0,UNSAT,0.6,14629,1284458,,4ce33eb6d676ea64711ae4cd67e8f6ee0691132c1e2badbe63b7a646fb1b7673,drat-trim,0.5,True,566.3,22:54:51,
1599,0,14,1,600.0,UNSAT,3.3,76644,5105569,,de28f335af328999f70311f785363d39e1f21ccaeecf1e947ac8ff4b8665086c,drat-trim,2.5,True,566.4,22:54:51,
1623,0,14,1,600.0,UNSAT,1.6,39339,2631086,,6dc089887812a149ffe0cb5b1873258198ac15f2db639b58a5a53901ec3d41fc,drat-trim,0.9,True,566.5,22:54:52,
1575,0,14,1,600.0,UNSAT,8.5,178336,12763499,,9b12b9ac9cf94705dc1782d47a522adbe711aff3bf4958b6db6364c9d509cd5f,drat-trim,6.8,True,566.5,22:54:52,
1622,0,14,1,600.0,UNSAT,1.6,40871,2618764,,266e2e0e0eafea2aef5b9339ac1b7d9fe3f79230d35ac54b5ef97cbb40456f2b,drat-trim,1.0,True,566.6,22:54:52,
1630,0,14,1,600.0,UNSAT,1.1,26473,1903379,,aa659469f2c48f9fb7f826ed3e8de29b9620836da65e45581ef25071ebd3863c,drat-trim,0.7,True,566.7,22:54:52,
1632,0,14,1,600.0,UNSAT,1.1,26196,1799560,,11704a73a5fd5d96cc1db300e6eac7272026f0a44815dfe2678ae23c92c7e6c2,drat-trim,0.6,True,566.9,22:54:52,
1595,0,14,1,600.0,UNSAT,4.7,106489,7430040,,adb2066343ece0aca1b6ce81869b1a98c99b93c9a10dd8f1ac3bfa0e17be8036,drat-trim,4.0,True,567.7,22:54:53,
1636,0,14,1,600.0,UNSAT,1.0,27161,1877381,,f05bcf259ace569084a3bcf92d70be752aefc38a288cf43c5a84d2d5c71a7d52,drat-trim,0.8,True,567.8,22:54:53,
1640,0,14,1,600.0,UNSAT,0.9,18458,1466920,,bdec5508246ac707861a3dc9386f8856c4c3773eee9845687709e5fc4d404162,drat-trim,0.7,True,567.9,22:54:53,
1644,0,14,1,600.0,UNSAT,0.8,19126,1415077,,9bffa7af19675439957fa3373521068ad12163181ba58ffd3c2895508947d98d,drat-trim,0.6,True,568.2,22:54:53,
1648,0,14,1,600.0,UNSAT,1.0,21034,1690175,,3fd762db33ea1c896430d466436996cffce0d5612944241e57daef5665944828,drat-trim,0.8,True,569.7,22:54:55,
1641,0,14,1,600.0,UNSAT,2.0,46246,3319277,,a24277cf1c27d9cfb5fc4779ee58de2e882868684b534d7e990d05292b051d65,drat-trim,1.2,True,569.8,22:54:55,
1649,0,14,1,600.0,UNSAT,1.0,19616,1433379,,7dea810f9129611035b84ffdccff6062e50693ba3c5ef7dfce301727e710cb7a,drat-trim,0.6,True,569.8,22:54:55,
1637,0,14,1,600.0,UNSAT,2.3,53846,3734551,,084502ef908be340e3942887a7d1fb17c353a637158ce1a9474a4d3bc1f60651,drat-trim,1.8,True,570.2,22:54:55,
1635,0,14,1,600.0,UNSAT,3.1,66438,4555313,,074f371d7238f18ac6ba3c86fc8d90aae0c863fc79620d13a1119739337fe33b,drat-trim,2.1,True,570.8,22:54:56,
1645,0,14,1,600.0,UNSAT,2.6,60172,3864675,,049ae1bc237d33b439602d9661e759f99671311888a6e871ffd3b9645410cdb5,drat-trim,1.6,True,571.1,22:54:56,
1638,0,14,1,600.0,UNSAT,3.5,74547,5063613,,9d692a323d48676567e0ac315888d63ca734217cbee149ea04a6c58ab5daeff8,drat-trim,2.4,True,572.2,22:54:57,
1652,0,14,1,600.0,UNSAT,1.8,43826,3168791,,c91029e326e1321a7e3f4f018bf77e994930f9576ee62149cac11a9d8a077415,drat-trim,1.4,True,573.1,22:54:58,
1653,0,14,1,600.0,UNSAT,1.8,46438,3066299,,d7ff5fd17c15536bfd1097190dbfd3236f7c8f255d7f25d65fe477fc33e8bfa1,drat-trim,1.3,True,573.4,22:54:58,
1642,0,14,1,600.0,UNSAT,3.9,87218,6177078,,2d0caf304b16efac66cb22c3b0f108b1d10859b5a83971726ec673c16dd1a212,drat-trim,3.0,True,573.4,22:54:58,
1646,0,14,1,600.0,UNSAT,3.4,71088,4882124,,0d0f76be1c912859fe71f2204ee4955f4e72a1dcfad9e71894fc3c7466c32de8,drat-trim,2.6,True,573.7,22:54:59,
1634,0,14,1,600.0,UNSAT,5.1,106066,7482447,,feb08c6141af64862ab67d51804b3d8b8134db1ff78b82d707d3a43fff06dcb3,drat-trim,3.7,True,574.3,22:54:59,
1654,0,14,1,600.0,UNSAT,2.2,55628,3878532,,d18ee60c171570688ae07e7177aa4fb81fef0fe1be7d7f21bb9c93f7949ee3aa,drat-trim,1.7,True,574.9,22:55:00,
1597,0,14,1,600.0,UNSAT,8.1,183060,12040619,,b00da683a19f682d3b63063ce57c60eafaf2cec686f868eea685f9807868b9da,drat-trim,7.2,True,575.3,22:55:00,
1660,0,14,1,600.0,UNSAT,1.1,28426,2083774,,979f087843020261bd574f0b4fa033284c3ab5496316f3d77933a9abf9d6a0ec,drat-trim,0.8,True,575.7,22:55:01,
1661,0,14,1,600.0,UNSAT,0.9,23385,1604732,,8f01d09fc988a4b9eeaa6bb71d37add6f41870079aa8ca726e18113cf2d80469,drat-trim,0.6,True,575.9,22:55:01,
1650,0,14,1,600.0,UNSAT,3.4,78824,5794186,,66ae8df5d86948c8c61422400beebec6ff94dd319fbbb75327e213fb314f031c,drat-trim,2.9,True,576.0,22:55:01,
1651,0,14,1,600.0,UNSAT,3.7,88423,6015581,,63c70bed415c8b8f80e0b9dfdcf37111d327972526212d48c44716331423aa8a,drat-trim,2.7,True,576.2,22:55:01,
1656,0,14,1,600.0,UNSAT,2.2,55838,3952365,,7d02dc3199fb88a4674edb9d8acf3fb2ba04f039ffb2a58b81133ad446603f9e,drat-trim,1.8,True,576.2,22:55:01,
1657,0,14,1,600.0,UNSAT,1.9,47114,3157179,,9aaf8f87a7304614c5756fef1391f3876d12ff3a7218c25cd6660d613ca15f5e,drat-trim,1.4,True,576.4,22:55:01,
1664,0,14,1,600.0,UNSAT,0.4,9683,779179,,cfbd0ecd68f1b2eeff7a2771d41f240083d6733ac81aa1fcbfc88361780ab2a9,drat-trim,0.3,True,576.5,22:55:01,
1666,0,14,1,600.0,UNSAT,0.5,10232,812088,,58286a62875aed1d791f3c59cb8d2cd9e7797fa6663232b5dcd8f9c8c82c7afa,drat-trim,0.4,True,577.0,22:55:02,
1658,0,14,1,600.0,UNSAT,2.2,55183,3930597,,575e36a79a32f7623575f66844ad6d72c191c189a8a215d5d06fa27ccbb08226,drat-trim,1.7,True,577.2,22:55:02,
1672,0,14,1,600.0,UNSAT,0.2,5248,329719,,6b7371528d3bd9f0285d216eb0741905fd7e9a2fd0fef518617f00a1c8630883,drat-trim,0.2,True,577.7,22:55:03,
1667,0,14,1,600.0,UNSAT,0.9,25173,1715104,,7771cc057cbab1d9698c61d009b3885a7cff7cf464c8973f1bd6a7d548cc38a2,drat-trim,0.6,True,577.7,22:55:03,
1665,0,14,1,600.0,UNSAT,1.3,35525,2378699,,117f9e95cdc46d12dec901d3054577bae182cea8d3683b7ba3f3c925cab1c32a,drat-trim,0.9,True,578.1,22:55:03,
1668,0,14,1,600.0,UNSAT,1.3,34358,2449240,,3ca7ae58d0e81ce3f918d27feac4b2fb9e248e666886bf3930ec6e1c2254559a,drat-trim,0.9,True,578.4,22:55:03,
1669,0,14,1,600.0,UNSAT,1.3,35726,2327346,,959644bf3bda7b01a451a1947dd0a9a5a276eb2bea12d701383b614e3d2dfef5,drat-trim,0.9,True,578.5,22:55:04,
1639,0,14,1,600.0,UNSAT,6.7,136592,9900457,,66ceb4b46b73c1d8238670e78d73b8fbc1b9b162d4aae838ba3946f175514346,drat-trim,5.6,True,578.6,22:55:04,
1674,0,14,1,600.0,UNSAT,0.5,11871,844358,,ec3f8da31dc7843430cd99e812a11786acc303dd29907f6a5644e8e9c06dd42e,drat-trim,0.4,True,578.6,22:55:04,
1673,0,14,1,600.0,UNSAT,0.6,13250,858759,,a2b5fa53c0962fa2ed7d9f700ab6750b626bcda14928bf6e850a9e87faad4dcc,drat-trim,0.4,True,578.6,22:55:04,
1647,0,14,1,600.0,UNSAT,6.0,130848,9356400,,2bad962d8dbd51c28bf66f69303470eb72e2d596a2b72cc53116236794db5d85,drat-trim,5.0,True,578.8,22:55:04,
1680,0,14,1,600.0,UNSAT,0.3,7899,498157,,9fca6d28a0367662292a056be9fe4f72f7859ca7ab717977abdf0c683a0656df,drat-trim,0.3,True,579.2,22:55:04,
1670,0,14,1,600.0,UNSAT,1.7,43415,2920259,,855d38d6099868379714220dd0c387aba93f4fbfffc6b19b984f085651ee5214,drat-trim,1.2,True,579.4,22:55:04,
1655,0,14,1,600.0,UNSAT,4.7,101015,7325217,,b5fad24e287540914a2a9e6ae68b72fa64f72fed4984343d210fbd2420a84a68,drat-trim,3.9,True,579.6,22:55:05,
1675,0,14,1,600.0,UNSAT,0.9,20384,1618553,,383012136c38541df26a15802e345f1f7e6898d224ab8489581fcf029a8cfc63,drat-trim,0.6,True,579.6,22:55:05,
1682,0,14,1,600.0,UNSAT,0.3,7715,487317,,450e9b66cf463089903a966a175a0129e68417f08c2a9d76064d490b7bd60e8f,drat-trim,0.3,True,579.8,22:55:05,
1671,0,14,1,600.0,UNSAT,1.8,45102,3015239,,485019062d67964e6c8fb2159452b66516d11723827f7eb465a4e52878de6580,drat-trim,1.1,True,579.9,22:55:05,
1681,0,14,1,600.0,UNSAT,1.0,26598,1795310,,39c1e1c38ed32bbd80dc9382f22ef91db5d71924493fee0bca2699536bfc7404,drat-trim,0.7,True,580.5,22:55:05,
1688,0,14,1,600.0,UNSAT,0.2,6522,359058,,aa73a679b96fb4f357f24fc3c432b2be67158e104a46ff6e7c3232dd788ae6f8,drat-trim,0.2,True,580.9,22:55:06,
1676,0,14,1,600.0,UNSAT,1.7,44251,3060333,,5b9e4bcfa623308b66e2d78857c6474b3a99ac48a21034f8e7d76b203a803d16,drat-trim,1.1,True,581.2,22:55:06,
1683,0,14,1,600.0,UNSAT,1.1,29224,2125243,,5f2992b9610c84c85b7b1955d86389ed3df8fbc32f11e8a1ebb6911943486a2d,drat-trim,0.8,True,581.4,22:55:06,
1684,0,14,1,600.0,UNSAT,1.1,31282,2160708,,3f48b9c046460b63055795ec1eb772596c1861e56ab19ff2d22713eff76eb867,drat-trim,0.8,True,581.6,22:55:07,
1643,0,14,1,600.0,UNSAT,8.3,165687,12140415,,dc9fe0b8cbed0af1dc116d31c38477f9fa426d69761562661b807509c45437d5,drat-trim,6.7,True,581.6,22:55:07,
1689,0,14,1,600.0,UNSAT,0.4,8886,796873,,8df68097f25a4cafc1856ab7fa61ad715e3df7a22f0f2f37d6f2a7fca06a2ac3,drat-trim,0.3,True,581.7,22:55:07,
1685,0,14,1,600.0,UNSAT,1.5,38932,2649508,,372e3ee112d454609151a4c3b07d2ea983f31dfbcc75e70f8b8a03710c1963cf,drat-trim,0.9,True,582.0,22:55:07,
1690,0,14,1,600.0,UNSAT,0.5,10700,743949,,e43b24c0f639826d34dc8b8520a3b664b537aa47f81186d0ff4fe9f87e31c423,drat-trim,0.3,True,582.1,22:55:07,
1679,0,14,1,600.0,UNSAT,2.2,49785,3718809,,7c3c38192de057ccf2889863ead692c1a030914db7f59245ced99ba8f32319d9,drat-trim,1.5,True,582.3,22:55:07,
1691,0,14,1,600.0,UNSAT,0.6,16376,1228055,,9c639ed6fc979cac74208b80187fcecd3edce7509de41624978ddf9168edd2e7,drat-trim,0.5,True,582.6,22:55:08,
1687,0,14,1,600.0,UNSAT,1.6,42193,3081519,,df3288e9b574bb38dc856db8e02b0c75c688d7c0e7fadba824ffff38d928e41a,drat-trim,1.2,True,582.7,22:55:08,
1677,0,14,1,600.0,UNSAT,2.4,61006,4195714,,4c308e8cfa6ffcdb6a969bca88585f8b2d2be5668d2adbc6637e93490313c978,drat-trim,1.8,True,582.8,22:55:08,
1662,0,14,1,600.0,UNSAT,4.3,95378,7174247,,024f84854dc4df036ab0d0af0765d7dfecdd3d723a06136c7e14fc697480863a,drat-trim,3.5,True,582.8,22:55:08,
1663,0,14,1,600.0,UNSAT,4.5,103969,7252425,,d9d956aca49f19c6c7b8ec6d67c066323815beceffbb1c822e5e2e76e5bdbb13,drat-trim,3.3,True,583.1,22:55:08,
1686,0,14,1,600.0,UNSAT,2.2,54588,3692400,,3e858affc4c66ea7d21d478a397e85532fb6d7177d3008cf59a56030f3d36057,drat-trim,1.5,True,583.5,22:55:08,
1678,0,14,1,600.0,UNSAT,3.1,77360,5539027,,32da335607c1b0822f7ecb65fed9697d176b4ca0881499b71fb7c1f1b6d034e3,drat-trim,2.4,True,584.1,22:55:09,
1693,0,14,1,600.0,UNSAT,1.5,38899,2713645,,776906f6f6158e44ab38630b1ede2a99e7f4a89c1d08bfff4d97dfa135305122,drat-trim,1.1,True,584.2,22:55:09,
1692,0,14,1,600.0,UNSAT,1.6,40130,2761186,,4bb9fa98e7094fa169b1298d8d9dd9338d20e76f6c7516e720792acea5565a2e,drat-trim,1.2,True,584.4,22:55:09,
1694,0,14,1,600.0,UNSAT,2.1,52198,3444290,,1e327b8a70b4fca9176cfe87dde4eeeec14ba4025922a458f0621565dd29421a,drat-trim,1.6,True,585.3,22:55:10,
1695,0,14,1,600.0,UNSAT,2.1,48784,3724853,,ddd8bcba045207fb5678d119228a871906774011fb89a91f6bc78141458c1aa7,drat-trim,1.5,True,585.7,22:55:11,
1700,0,14,1,600.0,UNSAT,2.0,47808,3286979,,58047f1293823f1e0aedc2ee75e4485e933de3dc15cb955dbe1d22d3546cb836,drat-trim,1.5,True,586.2,22:55:11,
1659,0,14,1,600.0,UNSAT,7.7,166792,11882767,,2719b801f9a539acd60af027a3c212339c139d691c49b0a32efcb6c87432c3c5,drat-trim,7.4,True,588.6,22:55:14,
1708,0,14,1,600.0,UNSAT,6.2,100838,7160988,,349372961cad0130f54bbcd7e74415f88a207542cdb956d579346b983c7aa5ff,drat-trim,5.6,True,597.5,22:55:22,
1704,0,14,1,600.0,UNSAT,7.7,128176,9299861,,33c5d3527d99827fcd02e462cb4d67e2a43621151dfceb6fcb4b70e3d5ccbac5,drat-trim,7.2,True,599.0,22:55:24,
1706,0,14,1,600.0,UNSAT,10.4,156593,12398286,,38598bd2efb9e97cdfbb19144cccefc80c84b3815590428a44f6c1a8ecef4afb,drat-trim,9.3,True,604.1,22:55:29,
1705,0,14,1,600.0,UNSAT,11.4,169187,12844610,,8e6adc7c808d20fe81cae53ef261fd62858de11e6422386c1f0f55cbc9d18a47,drat-trim,11.2,True,606.9,22:55:32,
1707,0,14,1,600.0,UNSAT,11.2,174166,13037721,,2b85bef7cac43661d5b333247c1d601ef513677f19292397edb45775525cb426,drat-trim,10.9,True,607.4,22:55:32,
1710,0,14,1,600.0,UNSAT,10.2,158747,11457130,,f24569a92795dd3f321d4e64a59eeb2b61c6d077266c25857c5b2f841270447f,drat-trim,8.7,True,607.7,22:55:33,
1697,0,14,1,600.0,UNSAT,13.3,209728,16058800,,691d7c6d53346545e9e43f4951063e9d3ee9650855a299b6062e2e1736a5606c,drat-trim,13.9,True,609.5,22:55:34,
1698,0,14,1,600.0,UNSAT,13.9,220373,16990530,,3e0b57ed3102b09a48714f47a9e598c3ba11c8a78d105b2755e6999f4b15599b,drat-trim,13.1,True,609.6,22:55:35,
1702,0,14,1,600.0,UNSAT,15.5,227095,17843007,,8941cd541bcca6aca92b9c98b7edbbd869b2942de9b0fc1cf20187c2e51d8c6e,drat-trim,13.8,True,612.5,22:55:37,
1696,0,14,1,600.0,UNSAT,15.2,229002,16977784,,c20b6e8c803004ae30734243c5ac7270d73cc0ad5accd83e38e889a074fd7d21,drat-trim,16.4,True,613.7,22:55:39,
1703,0,14,1,600.0,UNSAT,15.5,231520,17484908,,94f37d3616a20e7c4b081ebb458aa5e25c9720d38f7fc2ae4771ac85ac3de092,drat-trim,14.9,True,613.9,22:55:39,
1699,0,14,1,600.0,UNSAT,16.2,236356,18574964,,845a934c8e2247c7efa8edd9ad77ed9d358d481d5dba4910f8eb40400b5c2ea7,drat-trim,15.3,True,614.2,22:55:39,
1709,0,14,1,600.0,UNSAT,16.1,237136,18012480,,e3d920c4e3a750255bc5f0a2c0f73cea63493652a132c8c269e8ec6e1f75418c,drat-trim,12.9,True,615.3,22:55:40,
1716,0,14,1,600.0,UNSAT,4.2,85327,6084858,,dbfd6ceb51871dc4248ca5969e81ad648213e2f02093a16576d3abb0e5d26285,drat-trim,3.4,True,615.5,22:55:40,
1711,0,14,1,600.0,UNSAT,11.5,172625,12767386,,501f5109ebc9d3fb72260aedc1547c2b0b53eb958bf9ed37da66b2ad3cc6428e,drat-trim,9.7,True,618.9,22:55:44,
1701,0,14,1,600.0,UNSAT,21.1,293739,22324717,,5b929a5d37a7a5e4521b911fccd6651f30c2276fb172788ea08aa4f50a2d7bfa,drat-trim,16.5,True,620.4,22:55:45,
1718,0,14,1,600.0,UNSAT,5.9,122371,8474986,,f354a8af69d78afc455160b63bb0981482961ddc3b9d2b2a16f3fd6193b356a3,drat-trim,5.9,True,621.3,22:55:46,
1712,0,14,1,600.0,UNSAT,13.0,195423,15168010,,83f3c61ccd4023b6589b739979e327b467a2db3cfbecacc624ddae4c1156105a,drat-trim,10.8,True,622.9,22:55:48,
1724,0,14,1,600.0,UNSAT,4.6,92617,6528470,,6f77e0fbc4f372a2109e84566b1bda3b6c94ef92b5d542af5109dfacacec6b5d,drat-trim,4.2,True,624.3,22:55:49,
1728,0,14,1,600.0,UNSAT,1.0,18348,1378258,,63f05d40d4ce65a503b9468b7b7c721fd51b96f93731e2eb903409e97e7d161d,drat-trim,0.6,True,624.5,22:55:49,
1729,0,14,1,600.0,UNSAT,1.1,22652,1502371,,39f083e07df64706416baaa441c1fc17c7d0f29e4fbc934ebcd001ce3755ea93,drat-trim,0.7,True,626.1,22:55:51,
1730,0,14,1,600.0,UNSAT,1.1,25747,1712493,,17d561407184c8493f460c55a34233dda59ee0406cb6456329bffbf62199b2f3,drat-trim,0.8,True,626.4,22:55:51,
1726,0,14,1,600.0,UNSAT,3.8,69494,5349237,,3c668da1c49ad19e3cac22adc4218ca8c6b10fad9dbc64a2a1dbb21c5e0dde6a,drat-trim,3.1,True,627.2,22:55:52,
1720,0,14,1,600.0,UNSAT,6.7,126429,9488518,,f654672b1aba5d0fb765f6d918f1d91914602a88d143ae41309179b2e34f37ab,drat-trim,7.0,True,627.4,22:55:52,
1732,0,14,1,600.0,UNSAT,0.7,13711,929505,,c0c5e228db30817cf30790418a8276aa296ce9c670054478df6599693a5814e4,drat-trim,0.5,True,627.6,22:55:53,
1731,0,14,1,600.0,UNSAT,1.3,26919,1915445,,92bc1296d637b1c3b73b1360d1fe6975421d102975e9c2f681c7c537b34e5fbb,drat-trim,0.9,True,628.3,22:55:53,
1733,0,14,1,600.0,UNSAT,0.8,16428,1249463,,fa7e593d1c2923667e0fffc7e581f9afba22e4c410fb98dfdf093826edd051ce,drat-trim,0.6,True,628.8,22:55:54,
1722,0,14,1,600.0,UNSAT,7.2,135004,10031657,,d9cff88703725b4d691f5ed30f9554c2ed81d61644d4f7b025e555803f14c2bc,drat-trim,8.0,True,629.5,22:55:54,
1736,0,14,1,600.0,UNSAT,0.7,13594,827580,,41b8e0ad35678e365591f9915193196d1e623958ab09ae5cc3eb95af92f09f57,drat-trim,0.6,True,629.5,22:55:54,
1735,0,14,1,600.0,UNSAT,1.2,26963,1897318,,163cec63ebb9dbde662366ed500a0ae31100177cbbd2380745e9e5718322507c,drat-trim,1.1,True,629.9,22:55:55,
1717,0,14,1,600.0,UNSAT,10.0,168858,12390772,,c62eb386a9054abd19fb95dfc08e5eb39860367ac8f7d447b7fbb51120bb1e79,drat-trim,10.6,True,630.2,22:55:55,
1734,0,14,1,600.0,UNSAT,2.2,44721,3158319,,41c76d1f4fff533a055f217916bf7c4fe72666ad7799069e817127c88c670b96,drat-trim,1.5,True,631.2,22:55:56,
1740,0,14,1,600.0,UNSAT,0.7,16947,1249271,,bfd56ddff686af1cb9feefa8f70863a5271dbbf3bb8cff8f7be73d6529bd9fd9,drat-trim,0.7,True,631.4,22:55:56,
1741,0,14,1,600.0,UNSAT,0.8,15806,1212556,,a83c4c8b3fa67943900913af073894624a8807a3ce22522c864c1b51af76ed32,drat-trim,0.6,True,631.6,22:55:57,
1737,0,14,1,600.0,UNSAT,1.7,37490,2365473,,2a30963edd0332a22753e21571e9a70b392ac9d6335e2121598d73e7f982110d,drat-trim,1.1,True,631.6,22:55:57,
1744,0,14,1,600.0,UNSAT,0.1,2883,227625,,62826b3095cebeb824888ddcf68102889e59b83750f04735492951a49b8ba372,drat-trim,0.2,True,632.0,22:55:57,
1746,0,14,1,600.0,UNSAT,0.3,4497,266121,,608d688affd0dfa16d934d3a3c2da7052b5efbc503a08883bc666820eebd5b87,drat-trim,0.2,True,632.5,22:55:57,
1745,0,14,1,600.0,UNSAT,0.5,9199,599278,,662d63905cb06e1f70b06e6e6ce1ec66256da7d5d49e6ff5bb012226a710f1ab,drat-trim,0.4,True,632.7,22:55:58,
1721,0,14,1,600.0,UNSAT,9.1,159855,12043678,,01a78e6c170aed4e86d3076169f4eceacf522fd6bedac2d58a3e00f54472a32c,drat-trim,9.5,True,632.7,22:55:58,
1739,0,14,1,600.0,UNSAT,1.7,38193,2488735,,51bb3220f540e7e6b7f5e3dcf05e38ac1a77866676a6ca8a9ef21722cffa7b11,drat-trim,1.3,True,632.7,22:55:58,
1738,0,14,1,600.0,UNSAT,1.8,39995,2471484,,bce6aa76e4029f32cb4cf37cd025347f1387e5758cb497ffdc1f0e940896d161,drat-trim,1.4,True,632.7,22:55:58,
1714,0,14,1,600.0,UNSAT,12.2,207238,15666330,,39bd47e1ccebb328fbab3f4dcc46d6329b1b1010c5c7a754b776da900cc5809c,drat-trim,13.8,True,632.9,22:55:58,
1747,0,14,1,600.0,UNSAT,0.3,6307,339379,,e1a2f4e64f63092669805b47316ad172ebc659887252ee5747a94e76c3656a26,drat-trim,0.3,True,633.2,22:55:58,
1713,0,14,1,600.0,UNSAT,13.8,228846,17449282,,99b59d12ca80c10c04e1f91d87973e8f87f83a6c29b74aad18e86c2569f04a23,drat-trim,15.3,True,633.5,22:55:58,
1743,0,14,1,600.0,UNSAT,1.4,28376,2046475,,846f7bd17a7b94d92e738bd185254765571f9fba20d2f7c39059368830dfb877,drat-trim,1.0,True,633.8,22:55:59,
1742,0,14,1,600.0,UNSAT,1.8,36848,2591056,,a0434e64b3af4084a412bbc61c91b548ced0c04853912c42058f7ebd051b24ad,drat-trim,1.4,True,634.4,22:55:59,
1752,0,14,1,600.0,UNSAT,1.2,26429,1735211,,78b7f1c947c0f03ea888e5b797b7fbfa0aec08417371728c8c6bfed32c27131e,drat-trim,0.8,True,634.9,22:56:00,
1749,0,14,1,600.0,UNSAT,1.3,29977,2035190,,4424925ad51304da36d2a11d115867a32923877e55c4eb8a258a9bff040384a0,drat-trim,1.1,True,635.1,22:56:00,
1725,0,14,1,600.0,UNSAT,8.3,136453,10054963,,c65be9735462efa28ca380a6fcd4972051dcc0b089d4bef5130b98f59a2aca41,drat-trim,8.5,True,635.7,22:56:01,
1748,0,14,1,600.0,UNSAT,1.9,39845,2622271,,ee6a36cdeccdf5c2e1cf0eb9ee90224c500f37057a7fccdf2e7e0ebcdd49c0ec,drat-trim,1.4,True,635.9,22:56:01,
1715,0,14,1,600.0,UNSAT,13.0,220525,16537925,,0a6a8cdf6940a38890d00dbf5ee7d46d3ac9a573b762a749f3b39efa590e9fdf,drat-trim,15.6,True,636.0,22:56:01,
1751,0,14,1,600.0,UNSAT,2.1,43073,2762650,,2a2c15f48f45caa5486ff3c0dce2d6b737430856c5da57b1a07a9c5f0f033498,drat-trim,1.6,True,636.4,22:56:01,
1754,0,14,1,600.0,UNSAT,2.3,47344,3046287,,eef2251e6d7456f4f1a4ff0cfb8ae00105aeee98a1a6d4a7283651fb8cef91b3,drat-trim,1.4,True,637.2,22:56:02,
1757,0,14,1,600.0,UNSAT,1.4,30448,2079962,,61c7421d11aed5bacdec6664837526413c50ef8b15ffe71549f912274fa6ac5f,drat-trim,0.9,True,637.3,22:56:02,
1756,0,14,1,600.0,UNSAT,1.8,38844,2567275,,e60933cefaa90bae315d8de287ce6033b641f8d3aaedbc5672f09cb7129f4bf7,drat-trim,1.2,True,637.4,22:56:02,
1750,0,14,1,600.0,UNSAT,3.2,57568,4055376,,22b2d88589543317532c4a3c8bdfa876a6cf3e92ea7e61395fda97e7a9279370,drat-trim,2.1,True,638.0,22:56:03,
1758,0,14,1,600.0,UNSAT,2.2,45584,3146250,,b9851ce90afffb551a9e44e43cfc9cebc034353d4fda15bdce4ec21d1527c700,drat-trim,1.9,True,639.2,22:56:04,
1755,0,14,1,600.0,UNSAT,3.3,65640,4381824,,275f88ef0b3688277a7b484b288cc7a6db60fe270a619791692903842aa7753b,drat-trim,2.9,True,640.0,22:56:05,
1753,0,14,1,600.0,UNSAT,3.8,67514,4831014,,db4fd8c583d24d902a04b9f06ada047a6a311f4dbace8066d9560a33327d3b0d,drat-trim,3.4,True,640.4,22:56:05,
1764,0,14,1,600.0,UNSAT,2.6,49503,3599960,,f78f51c76a83d5b61e079e6619aa94cf7e89367e2baeb910ff457d1483c5b948,drat-trim,1.8,True,641.7,22:56:07,
1759,0,14,1,600.0,UNSAT,3.3,64462,4480720,,a11f15a3eca6b90997215f83f0a631871001dc467229bacc1bf0fb46da7e8be3,drat-trim,2.8,True,641.8,22:56:07,
1760,0,14,1,600.0,UNSAT,3.5,68209,4721101,,939862428a9c33ea776486f4fb26f189a3d6b99f923893705c63616465c8e6e0,drat-trim,2.7,True,642.1,22:56:07,
1765,0,14,1,600.0,UNSAT,3.0,58528,4123245,,5661a4dc1f7966d331a3f1100e66ff1702b5a3be55961f47f4fe703bc6d29015,drat-trim,2.2,True,642.6,22:56:08,
1727,0,14,1,600.0,UNSAT,11.0,170463,12673000,,7f19090e858e8ea9084439ed6b101d38e8fae2ce4ed51dbfed5d5efcfd75f290,drat-trim,10.5,True,643.1,22:56:08,
1768,0,14,1,600.0,UNSAT,2.8,60826,4079936,,ea7f92cda2c69d9a45c259cc472eab5be56ec5782b99e7e57f6d57986f0d250a,drat-trim,2.3,True,645.1,22:56:10,
1723,0,14,1,600.0,UNSAT,14.7,225938,16564680,,483e566590700baa607e625adbfc48eaf887fedd1da8fb092275c2037c08d96c,drat-trim,15.2,True,645.4,22:56:10,
1761,0,14,1,600.0,UNSAT,5.7,98274,7220312,,b8828559176c56f05c23fea05136f12bd296db7d5e6c8e1a525807c3340eff5f,drat-trim,4.4,True,646.1,22:56:11,
1772,0,14,1,600.0,UNSAT,3.2,66396,4454018,,03f2e58c9e9422726ff3f63486a6ba3f19543136e202b0980ab5bec5d5e1d6c6,drat-trim,2.6,True,647.9,22:56:13,
1770,0,14,1,600.0,UNSAT,3.8,79191,5651256,,662bf0eb7b1c876bba0874180504aecbe28defc6dd7b25e92225c01085db6d77,drat-trim,3.3,True,648.8,22:56:14,
1766,0,14,1,600.0,UNSAT,5.8,103658,7633696,,85cb4ccb7795f915a41ecc1aed1e3980c37a7c093b631fdb95c4aa44b90fad37,drat-trim,5.0,True,649.0,22:56:14,
1762,0,14,1,600.0,UNSAT,6.9,116732,8667959,,d3f13e966c18817b88ad04735c1f91ed521c3b74c2ab28d9a6a262cbbb8a9305,drat-trim,5.8,True,649.1,22:56:14,
1769,0,14,1,600.0,UNSAT,5.6,111776,7505494,,e008e4ca23238254940c32ffa9d7e267586b00f485d7c02e1f34601aa4f81a24,drat-trim,5.2,True,651.2,22:56:16,
1773,0,14,1,600.0,UNSAT,4.4,94040,6453998,,281cd20a1b34a0f92d18b1bfc0c2356830bd1dede9677b824bf1e51c99be7b32,drat-trim,4.3,True,651.4,22:56:16,
1780,0,14,1,600.0,UNSAT,1.4,27151,1955399,,96b85fb54c96bd15f4d060cbecdaefec7791bfbc3226766b46d6ab2e1ea3bdef,drat-trim,0.9,True,651.4,22:56:16,
1774,0,14,1,600.0,UNSAT,5.3,97045,7205080,,31854b1bf09354832f2c4852e314cdb0de95677f438f2c82015195c968884638,drat-trim,4.3,True,652.8,22:56:18,
1784,0,14,1,600.0,UNSAT,1.0,20282,1589146,,b705d3b9811163cc38ad89d2ae4befb819cc72f7cbcbaa99b99cadd88f52e482,drat-trim,0.7,True,653.1,22:56:18,
1781,0,14,1,600.0,UNSAT,2.3,48813,3634728,,5588a108c9cc4256184e3db963bec3abd47ef607f9ffd0e46f595d8d9d7c2c50,drat-trim,1.7,True,653.2,22:56:18,
1785,0,14,1,600.0,UNSAT,1.6,37319,2540579,,765197c5f140b5fea842077366bce02feaf01b91f36c184668fe0b3e21a3e17e,drat-trim,1.1,True,655.5,22:56:20,
1783,0,14,1,600.0,UNSAT,4.6,91068,6189621,,b46482e50248206cfc82c05d371da30a59e38c6d95c4545669a2fb0b04061c28,drat-trim,4.1,True,660.2,22:56:25,
1787,0,14,1,600.0,UNSAT,3.6,73469,5365758,,b9ce40a09e4a12616b020a03463e9b831833d48d8a330017d547037f05f0ef1c,drat-trim,3.4,True,660.3,22:56:25,
1767,0,14,1,600.0,UNSAT,11.9,189755,14111057,,d8e00dcc2a7bd2ff868870cd08b741495ef990c1e3da7462e4a5fd0f005e10ef,drat-trim,9.9,True,661.0,22:56:26,
1771,0,14,1,600.0,UNSAT,10.6,166860,12692578,,d0a00cad57ec79155180dc042d12cfc49c1b44d07d6488c3f9231a0eee59d98d,drat-trim,8.6,True,661.0,22:56:26,
1792,0,14,1,600.0,UNSAT,0.7,14598,1144711,,ad784f3b6e00d371f5e792f84bfa2ab4c7a0f8d53df8c4f2bb9413264be76014,drat-trim,0.5,True,662.3,22:56:27,
1763,0,14,1,600.0,UNSAT,15.2,231164,17374601,,9e78fa061341f8d86a51dc98ef5d0267f8455f294b05cddb9ce55fb8c5a99ee8,drat-trim,11.7,True,664.1,22:56:29,
1782,0,14,1,600.0,UNSAT,6.6,127351,9376869,,99079aec17a47b44371462de2e0c9fd02dadf8eaf321515fe1174b07edadfdeb,drat-trim,6.1,True,664.2,22:56:29,
1719,0,14,1,600.0,UNSAT,28.0,375608,27935217,,6b0ad005d797c4ba70ff21324df29d3c6951f86c2406d262c12b417eec35cdc5,drat-trim,25.3,True,665.9,22:56:31,
1793,0,14,1,600.0,UNSAT,2.2,49954,3640153,,ed6be3fa8f7351ac96920c3a8e1a1ae14e3640f474ecd3f2b64bf7d4f903c6f7,drat-trim,1.8,True,666.3,22:56:31,
1776,0,14,1,600.0,UNSAT,10.9,181087,13478817,,59cff85fb29a8cb2903981bd77bd6a25cbc73aee179763f1ca11630e3da57ff6,drat-trim,10.3,True,666.6,22:56:32,
1778,0,14,1,600.0,UNSAT,10.1,176555,11971457,,2488f94cbe7cf923056180764350aa16ce1e1f5516b819e0f95fda615321ba8e,drat-trim,9.2,True,667.1,22:56:32,
1795,0,14,1,600.0,UNSAT,2.6,56570,3735904,,93f8645e35f3b0f0677124bf4c476567b116a8bdb78ff556b43be69c087181cb,drat-trim,2.1,True,668.8,22:56:34,
1800,0,14,1,600.0,UNSAT,0.6,12493,899165,,549ff6a8066e9746f7b1762f279bac4308e1208b41ab9e339aea910ce7422899,drat-trim,0.4,True,669.8,22:56:35,
1801,0,14,1,600.0,UNSAT,1.0,21450,1570511,,36baa79490c786d525cf41c4709d7672c26277b0f9871e4ca2116d3a1fd0e01e,drat-trim,0.6,True,671.4,22:56:36,
1794,0,14,1,600.0,UNSAT,4.2,91263,6033202,,8bd67622d17f4be4f18d1fe849b61cb95f0741ba178a1b7e522cf882f9280b52,drat-trim,3.1,True,671.5,22:56:36,
1775,0,14,1,600.0,UNSAT,14.1,233291,17259165,,8ba8d055adc8aea5da1df0cf98e2e1af28f325065bf5f49f28d06cd8220cc688,drat-trim,12.0,True,671.5,22:56:36,
1796,0,14,1,600.0,UNSAT,3.2,68742,4819759,,d64b4a7cdcdd700665ec9a97e205cf4c1eabd7c06b2e8d6f45426da5843a2634,drat-trim,2.3,True,671.5,22:56:36,
1777,0,14,1,600.0,UNSAT,13.0,216061,15799067,,e80ffcff6e43bdd4c43c4aca66660b8ada4b9637f021ec2b3580ff244ee50907,drat-trim,12.5,True,671.6,22:56:37,
1797,0,14,1,600.0,UNSAT,3.2,68766,4634037,,ae38ef1ca8f87ca47683e990d715b4c2ec2b3e6ee3bbcc47dac447ad51516254,drat-trim,2.4,True,671.9,22:56:37,
1802,0,14,1,600.0,UNSAT,1.2,26007,1697312,,fcae5d96c2c11f2355dac9ce6bdd300d6ffc07bfd2ddb3e3057645b852ce7c21,drat-trim,0.7,True,673.3,22:56:38,
1803,0,14,1,600.0,UNSAT,1.5,33438,2529441,,eda2def18c0e341493973f19ace167383448a30a94bb7ca69ee0408c40c5dd44,drat-trim,0.9,True,673.8,22:56:39,
1808,0,14,1,600.0,UNSAT,0.6,13271,1006834,,0fa125835070a0475ff770f7b427df552747c9b601774098aa55b5fc42f0be6d,drat-trim,0.4,True,674.4,22:56:39,
1798,0,14,1,600.0,UNSAT,4.7,96846,6722898,,b7198daaec782927bbe465e37c2a03e7fb59b95f012aeccd80df6957e7dbc66c,drat-trim,3.7,True,675.1,22:56:40,
1809,0,14,1,600.0,UNSAT,1.3,37268,2466681,,78f5a1942f16e0d7e211565a94acd1c782fe16709a45b344464539016049cbfb,drat-trim,0.6,True,675.8,22:56:41,
1810,0,14,1,600.0,UNSAT,1.0,23574,1765676,,12d6451b44438171474573e066164a7fde5949e9423cf0a2786fc39e24e28889,drat-trim,0.7,True,676.1,22:56:41,
1788,0,14,1,600.0,UNSAT,10.6,193446,14136718,,61df7a5a819e404a1a4d558ff9b09255d8c0e589bea402357487a6548d53fa24,drat-trim,10.4,True,676.5,22:56:41,
1805,0,14,1,600.0,UNSAT,3.0,66393,4515684,,0426160f1dd1e5c9774ccc0375596a1c2580918cb7130dd16eb8e919a8e2a16f,drat-trim,2.3,True,676.8,22:56:42,
1811,0,14,1,600.0,UNSAT,1.4,32975,2439934,,ee1bdfe98075355010a7bdc9bdda3a317fa41e13b86110e1cc28bd315232327c,drat-trim,0.9,True,677.5,22:56:42,
1804,0,14,1,600.0,UNSAT,3.5,79018,5287459,,4f5110188e3b6764de144409dca8c679794ce657e9d03177e6ccaa89e1bae3d6,drat-trim,2.6,True,677.6,22:56:43,
1786,0,14,1,600.0,UNSAT,13.7,243648,17385206,,9d8958eaf3b66b3c1201b6dd9e3b9fe44c92ecb020e361623894f062b854f968,drat-trim,11.8,True,678.7,22:56:44,
1816,0,14,1,600.0,UNSAT,1.1,22251,1682653,,3a06d3e61134809819a21ee4184cd98c1418658d790b8ab89d9e50b1b4fdf126,drat-trim,0.7,True,679.2,22:56:44,
1817,0,14,1,600.0,UNSAT,1.2,30097,2124393,,9f8f48dad3b1e875c9d7b41e03635a744002b6867d366e9f8686c4f74b181ff8,drat-trim,0.6,True,679.5,22:56:44,
1790,0,14,1,600.0,UNSAT,10.6,194008,14059935,,360df9de7c29c65659dd0f58f4991fa93d56d7192c9d825631a24bf3908d13d8,drat-trim,9.1,True,680.1,22:56:45,
1806,0,14,1,600.0,UNSAT,4.8,101593,7402300,,4bbae8ba4dcdbcab2bcbe0dc0c5b8fc40469b780aa4f5c69f015877ff896c60e,drat-trim,3.8,True,680.2,22:56:45,
1818,0,14,1,600.0,UNSAT,1.1,26629,1731478,,8e26c72150f5201e1abe4b86af24a90a3531a408d026ed6266b2888a0c2a55c5,drat-trim,0.8,True,680.6,22:56:46,
1799,0,14,1,600.0,UNSAT,7.4,139015,10115156,,72362af17fc6bab7f5d03803a6849e88cdcd46bdbc95f7e35345c4be9762f0f0,drat-trim,6.2,True,680.8,22:56:46,
1807,0,14,1,600.0,UNSAT,5.2,114039,7948629,,14dfdb7b90f0c7a1175c1ac7db90984eaece71027f3d4b2083a982efa0fc7c22,drat-trim,4.4,True,681.5,22:56:46,
1819,0,14,1,600.0,UNSAT,1.7,39332,2809608,,87770a1165394d1d457d4c3885c252cd20c92f503e87fbae4d141820a86e695b,drat-trim,1.1,True,681.9,22:56:47,
1813,0,14,1,600.0,UNSAT,3.5,75411,5200551,,4306b12bedd389d559aea8b4739b354f20707b6af2670b72d1aba405a24881cd,drat-trim,2.7,True,682.3,22:56:47,
1824,0,14,1,600.0,UNSAT,1.1,24739,1894091,,36db11431345d751138769f396568c75ca55ae60e11f7e42fbff53e92538882a,drat-trim,0.8,True,682.7,22:56:48,
1812,0,14,1,600.0,UNSAT,4.2,93363,6341697,,b4832eae2f88b28b514eed7027554183c4721726c420d4bd88d45cbadf5fcd6a,drat-trim,3.3,True,683.3,22:56:48,
1826,0,14,1,600.0,UNSAT,1.2,26609,1836304,,d6e7f58cc8e03dbd49ba18668c4c46163d42dce61af3fc3af2ecf81bb2f18523,drat-trim,0.8,True,684.0,22:56:49,
1789,0,14,1,600.0,UNSAT,13.1,223870,17119181,,f7a36c710acee553426b9124d27d4bd6ab250b2e6cc2c7ef556c284a18f4aa95,drat-trim,11.7,True,685.2,22:56:50,
1820,0,14,1,600.0,UNSAT,3.7,86762,5909055,,394d13f7b9b3356f5530e0b1f6da19df2851cea1546b5cde7e4c8327bc7835b7,drat-trim,2.7,True,685.9,22:56:51,
1814,0,14,1,600.0,UNSAT,5.1,103252,7348586,,e829113482cde15f0b9836592a4b34b4f792760f447fad75e7110485397cab6e,drat-trim,4.5,True,686.1,22:56:51,
1828,0,14,1,600.0,UNSAT,2.2,54033,3779122,,a79f9c9842e27e3d665c17887b3028535bfd513fe5cdcf991efa86de1d76998c,drat-trim,1.6,True,686.5,22:56:51,
1791,0,14,1,600.0,UNSAT,13.0,234799,17564835,,98860a5fb5e8a52275b4b78187d5af845525ec537324db0751192348a1840a6d,drat-trim,12.8,True,686.8,22:56:52,
1833,0,14,1,600.0,UNSAT,0.7,16455,1317917,,9e8701745fcee815d73e31f48f0302259582943d4ded5e16ec02387da4e96908,drat-trim,0.5,True,687.3,22:56:52,
1832,0,14,1,600.0,UNSAT,1.0,23683,1723829,,ab6cde8865ba38b2883be81ae131b5ee867505014832b36ee75dfbdfb8b616aa,drat-trim,0.7,True,687.5,22:56:53,
1829,0,14,1,600.0,UNSAT,2.8,64312,4277919,,e5add55745674d6dd3242cbaeae4a787de8034266807741266c4b8d327f78705,drat-trim,2.2,True,688.3,22:56:53,
1815,0,14,1,600.0,UNSAT,6.3,126997,9057302,,b3e3cc3e3c901e633ffc3d6d8a11302611db762b7a3289af53dd421edf1bfe03,drat-trim,5.2,True,688.5,22:56:53,
1821,0,14,1,600.0,UNSAT,4.8,98732,7196136,,761980bf60ff1516cb1e8ce7d77c039ac5accec5717ee5f8603502e1b5541d89,drat-trim,3.8,True,688.7,22:56:54,
1822,0,14,1,600.0,UNSAT,4.7,96611,6938892,,3a2b50f34f2c4cbdad7d08b3f1fc8772be5f7557f2660b252e39e2f26c292203,drat-trim,4.0,True,688.9,22:56:54,
1840,0,14,1,600.0,UNSAT,0.7,15042,1314363,,1356dad8ab83619a7ad69714339d0e69f5a57de384dba7dec6906225e2603ce9,drat-trim,0.6,True,690.0,22:56:55,
1834,0,14,1,600.0,UNSAT,2.7,58333,3836210,,26395a728859a0d35b2518a9c1a34721b70c9119de071b38a0f8c8d54304e953,drat-trim,2.4,True,691.6,22:56:57,
1841,0,14,1,600.0,UNSAT,1.9,41683,2838907,,51a4f03a661881c53f886742c2f1a0a8ea1707b83b67a61d42dda69607b443e0,drat-trim,1.2,True,691.9,22:56:57,
1835,0,14,1,600.0,UNSAT,3.2,68784,4800554,,1cdc3e28a6f01eac984d19364dcd767bb82fe8e1b38cae846367b0d3530d46e7,drat-trim,2.7,True,692.7,22:56:58,
1842,0,14,1,600.0,UNSAT,1.7,35512,2295453,,9d2e011ff7cc572e5faaa7d25de31ec86560db1a286dacd4e2f0a18a37fc1dd8,drat-trim,1.1,True,692.9,22:56:58,
1836,0,14,1,600.0,UNSAT,5.3,95171,6533902,,78e89d9e0e0d181ef442b66607bb73300bb9114690045bbbbaa3dbd9925d8dd8,drat-trim,4.5,True,697.1,22:57:02,
1830,0,14,1,600.0,UNSAT,6.5,129857,9270431,,6c6e7f0df5b9bf7ffef662e29de459a045abfb47fc8d4d5a44811fe85ac400ab,drat-trim,7.1,True,697.6,22:57:03,
1779,0,14,1,600.0,UNSAT,25.9,369750,27674513,,292aa0ac1b214adc62ff9324ca8432c646b097cb18fecfbe2fbf35456f0bf0d5,drat-trim,23.1,True,697.8,22:57:03,
1844,0,14,1,600.0,UNSAT,3.5,68873,4738360,,fa5d6e48f39756b48ce1f4367e4569bbf8ba0317879f1818c9ca9b2f1c596de2,drat-trim,2.5,True,697.9,22:57:03,
1839,0,14,1,600.0,UNSAT,5.7,98391,7037227,,ac24bc825c4a67d7b05d683331592109129806f005e48d847acf625909daf327,drat-trim,4.8,True,699.0,22:57:04,
1825,0,14,1,600.0,UNSAT,7.9,153890,10743891,,ec9ad0013f8e6b09fa3cc728f3d6bd419bdbdb8a990612a51d3b71b7f3869460,drat-trim,9.7,True,699.1,22:57:04,
1848,0,14,1,600.0,UNSAT,1.2,21110,1623951,,dbfa32b638a499cf7dac357c0bad7e716613c3f4bbf1b1c96b5aef5acbe2a652,drat-trim,0.8,True,699.5,22:57:04,
1843,0,14,1,600.0,UNSAT,4.8,93116,5933969,,abc262d73e8d72cde7de6ec516fde149b5812ceef94795062e233761cd12ffa0,drat-trim,3.6,True,700.0,22:57:05,
1849,0,14,1,600.0,UNSAT,1.5,30116,2110417,,7ecb07e02754d27a6e7c17beeb4eec275323e06e5306f9e4f760a7e831ae1517,drat-trim,0.8,True,700.1,22:57:05,
1823,0,14,1,600.0,UNSAT,10.1,197597,13598119,,164cf9e415b125ed4478ba2debbe3e3966a2beed92223bcfdac674930e940806,drat-trim,11.1,True,701.7,22:57:07,
1838,0,14,1,600.0,UNSAT,8.1,128713,9011003,,da9b00e6cb768362e223d6c1b5c607aebdadf04629ac749b60e2407ed1bcfe8f,drat-trim,6.5,True,703.0,22:57:08,
1850,0,14,1,600.0,UNSAT,3.1,62591,4245038,,6da24e8b6b1a8a596ebc90bf939fdd90b3f6605ccc465be23ea7a9e8f6056533,drat-trim,1.9,True,703.1,22:57:08,
1856,0,14,1,600.0,UNSAT,1.2,26000,1885848,,c51eafb799268dd066daecfe8a65a84db504281a50bf094b2dc9237a19776dc9,drat-trim,0.8,True,703.7,22:57:09,
1831,0,14,1,600.0,UNSAT,10.1,164072,11590750,,bac1405f5ce161e62efd8cccd718b64831ea0d21fabb0a4c8aefd2252f586401,drat-trim,9.0,True,704.3,22:57:09,
1827,0,14,1,600.0,UNSAT,10.4,176132,13013457,,6f67fcbb84bc1616df9323c78079600a343021b1d6d0a57bb6b3526283196546,drat-trim,11.9,True,704.8,22:57:10,
1851,0,14,1,600.0,UNSAT,3.7,73580,5190608,,fc3010daca89a889e70a97126e2ee7fa642850787e905e406efa0c2aa1c17ef9,drat-trim,2.9,True,705.6,22:57:11,
1858,0,14,1,600.0,UNSAT,1.5,34648,2314234,,8012351914feca3986873dcd9ecf7aec77cc383c97831135ebd36b4aa0891941,drat-trim,1.0,True,705.7,22:57:11,
1857,0,14,1,600.0,UNSAT,1.7,38604,2728221,,cf87374dc1648911d7c32a47667a1c1c152c5ac01426ad18ade615d9396b5d74,drat-trim,1.2,True,705.9,22:57:11,
1837,0,14,1,600.0,UNSAT,10.2,162554,11183846,,06d9fbcf52de6ca935b4c64ca8b30036971a9430773939d97d509eb3d8ec1f58,drat-trim,7.9,True,705.9,22:57:11,
1846,0,14,1,600.0,UNSAT,7.9,130290,9154389,,9a15e73ac6e65829d99af229222043f0652caff308f5c4ccd135b49eb67ef85b,drat-trim,5.6,True,706.4,22:57:11,
1852,0,14,1,600.0,UNSAT,4.3,86609,5793619,,38d3fa102e7716a1bd78afc2dd1a444d461e91fb2831227f3a8cc5191cc42a39,drat-trim,3.3,True,706.7,22:57:12,
1864,0,14,1,600.0,UNSAT,1.0,25121,1801833,,156e3946f363f5634297e356fe9cb2a5287387f024976face45b11e2e551e5f2,drat-trim,0.7,True,707.6,22:57:13,
1865,0,14,1,600.0,UNSAT,1.5,32499,2389374,,b4e178a9354c607921bbb2d0e7cf1b5c3fbcd4c663071b9eddee606690e3f654,drat-trim,0.9,True,708.3,22:57:13,
1859,0,14,1,600.0,UNSAT,2.8,59847,4176402,,4c9d5ff2c1ae3759ae776a50b152c6cda603ad8f38726b4671db062bd182def2,drat-trim,1.7,True,708.4,22:57:13,
1847,0,14,1,600.0,UNSAT,6.8,124023,8564363,,61baed12b2de8decbdd90293e52e8fbef4522e1b7cca66edce7a9620d209a313,drat-trim,4.8,True,708.8,22:57:14,
1866,0,14,1,600.0,UNSAT,1.9,47831,3048521,,e6447be49290caeb95e86af548c215f3f71cd058cf672abff0b6b5fb7b22fe16,drat-trim,1.3,True,709.7,22:57:15,
1845,0,14,1,600.0,UNSAT,10.1,170873,11557146,,5396a78cd29d6e529c81ae5338f7f6aafd6d9ace944ad49b7a1af94544868102,drat-trim,6.9,True,709.9,22:57:15,
1867,0,14,1,600.0,UNSAT,1.8,40173,2887942,,96f935d1f6a59b365ba2b05d01b2defeda960f396b57fd51dc2c38dcabdb9208,drat-trim,1.4,True,709.9,22:57:15,
1860,0,14,1,600.0,UNSAT,3.8,88224,5839248,,5fa812a22211aee780bb50f3b18486c33ab062c84ba96b47ae9328c9d484ab04,drat-trim,3.1,True,711.2,22:57:16,
1862,0,14,1,600.0,UNSAT,3.4,74605,5154090,,209d1fffdb1f8ff0ec5bdb063f2d1e5ddacd5c75c4d7ce60cf7dba3b058dd95f,drat-trim,2.8,True,711.8,22:57:17,
1872,0,14,1,600.0,UNSAT,1.8,36147,2499778,,ea4eb8624e78210da73685fd404e717aa05b0968f84cb004fe5dbeafd6844314,drat-trim,1.3,True,712.9,22:57:18,
1873,0,14,1,600.0,UNSAT,1.8,38876,2597181,,9c4cdda8d57606cd31802ce86553a5fba88918fc46e430e68b3914fd7654661c,drat-trim,1.3,True,713.0,22:57:18,
1854,0,14,1,600.0,UNSAT,7.3,129654,9317240,,49d100a5203bb38f73620191cc71cca2b6ddd4764b1b9f6877fdf5c240f3133d,drat-trim,6.0,True,713.4,22:57:18,
1861,0,14,1,600.0,UNSAT,4.8,102025,6935727,,96cd101b70a619ff968d118137111755b7921d50838afb99aa5391d2e0791e08,drat-trim,4.7,True,714.4,22:57:19,
1863,0,14,1,600.0,UNSAT,4.5,98027,6814262,,eeb236a6645ef40150d1d583e97d79784426904743cd920c4b3513a63d27bbe3,drat-trim,4.5,True,714.7,22:57:20,
1874,0,14,1,600.0,UNSAT,2.9,58756,3933974,,404a3040cfb974e7e32f4333f640bdded1636a01a801ebf6769c2af41b46faa9,drat-trim,2.2,True,715.0,22:57:20,
1876,0,14,1,600.0,UNSAT,2.1,46499,3101794,,4fe141ddb4182a3fa60ce793ef128d1073d6377d9d3b69a8859f2957aff82a71,drat-trim,1.4,True,715.4,22:57:20,
1877,0,14,1,600.0,UNSAT,1.8,40638,2504513,,11e49076a3246c57e23c1208bed765d1f15e5e54116997df79535f7c814d4f2f,drat-trim,1.2,True,715.9,22:57:21,
1869,0,14,1,600.0,UNSAT,4.2,85018,5842714,,b3198af50c08183935cc4100247531fa906599522e5c556e0efe2b32307a1b31,drat-trim,3.5,True,716.0,22:57:21,
1868,0,14,1,600.0,UNSAT,5.0,97370,6526151,,c36249af7bb1f16fd2fd85a98602435c86ecbd446d8fd6188cf2cbf3f07ba5c5,drat-trim,3.6,True,716.2,22:57:21,
1870,0,14,1,600.0,UNSAT,4.4,86171,5591691,,aeb59cf2da6d0eb03cc038f901b8ef6ebb177906912ed28a3a3b0aa6caf83ca5,drat-trim,3.5,True,716.3,22:57:21,
1871,0,14,1,600.0,UNSAT,4.5,89955,6126177,,254f2a7c389fd2605e70be8df2d1d1ce586ba1bc24f0af1a07b182324c119dc6,drat-trim,3.4,True,716.8,22:57:22,
1880,0,14,1,600.0,UNSAT,1.6,33302,2448369,,1da2701d115ea55ffeb30e67f040e7c1cf586cf2424fe97ba1a15f786b7bcfc0,drat-trim,1.0,True,717.0,22:57:22,
1855,0,14,1,600.0,UNSAT,8.9,171901,11610656,,2b2cdbfa98578853e3e22729b3f40a2f4ce985eef98fc1479bdf79a07870797c,drat-trim,8.3,True,717.4,22:57:22,
1884,0,14,1,600.0,UNSAT,1.3,28503,1775612,,6a4a2df9379a64b2ae3e9c2fc14a3439ebcb2cc1ddfc9c30b43840a13a9a633a,drat-trim,0.9,True,718.0,22:57:23,
1879,0,14,1,600.0,UNSAT,3.1,64529,4469348,,602139e215349674e7ca2648d511d4e0c8822f1287ecb272df846cd28c5c424a,drat-trim,2.3,True,718.8,22:57:24,
1878,0,14,1,600.0,UNSAT,3.3,70356,5043836,,59336213289df1dd18d1295fd01edb5e8acf7712004dd6cce8a012b866d5d82e,drat-trim,2.5,True,718.9,22:57:24,
1881,0,14,1,600.0,UNSAT,2.8,63251,4219632,,b44957342773e81f9ec080477ec0e68c9609b972aca3e9e09de84ecccbcb1cf5,drat-trim,2.1,True,719.6,22:57:25,
1885,0,14,1,600.0,UNSAT,2.1,46550,3159823,,8190e97e806c60f2fc931df8624c46a50710e0437f6a03ee73c9228ad8502345,drat-trim,1.8,True,719.8,22:57:25,
1882,0,14,1,600.0,UNSAT,2.8,62017,4149477,,2eacda42c6644cb3005c912d2fb012204132b733d82dae231d6cd0c1d04cf3e0,drat-trim,2.2,True,720.2,22:57:25,
1853,0,14,1,600.0,UNSAT,10.6,196966,14056502,,beb4101d0084c5dc83427a2b9543382b8c2b1eb13bad6ddd7be674f5c6f1deb4,drat-trim,10.2,True,720.4,22:57:25,
1887,0,14,1,600.0,UNSAT,2.8,56744,3871966,,3909190ff8bfff3a665fe3bed9de600920810f5eb95da9f56c44f6916c7611b4,drat-trim,2.1,True,721.2,22:57:26,
1883,0,14,1,600.0,UNSAT,3.3,67905,4792547,,101c23a002e406e1ecf675c5e326fb52210f556dca5eb11a00a7109090ac7319,drat-trim,2.6,True,721.3,22:57:26,
1875,0,14,1,600.0,UNSAT,6.1,118013,8018610,,0cd76946e8b71833be1d403004756642cf3a8b3d2d0de004074251bb6ca9c664,drat-trim,5.1,True,722.4,22:57:27,
1896,0,14,1,600.0,UNSAT,3.0,62422,4599201,,2c9db7b15eaf7612714ff17c2d547125e1ae9c27c82fb4b8c0682b6b9b4e4c2c,drat-trim,2.4,True,725.6,22:57:31,
1898,0,14,1,600.0,UNSAT,3.9,80533,5766412,,ecc5b9ba7bda6525ec31d566fe48f7db897afb839386196577a9698bff58c971,drat-trim,3.3,True,728.4,22:57:33,
1888,0,14,1,600.0,UNSAT,6.6,121684,8618563,,956dc986c57c7fb85e3dab368b097b4d9faa6c2bca6b4eeedec27143e7231189,drat-trim,6.1,True,729.5,22:57:35,
1889,0,14,1,600.0,UNSAT,9.3,162391,11855593,,961c111e2c3576873aa94ba9fe3aa8ccd6c301bd82f721dfabe60f87be9f8a48,drat-trim,7.9,True,734.2,22:57:39,
1897,0,14,1,600.0,UNSAT,7.2,131764,9616904,,110e6192c0fa6f029822882be04f3f6ff007a2b486b4696f3679e8f06d6ca672,drat-trim,6.6,True,734.4,22:57:39,
1886,0,14,1,600.0,UNSAT,9.7,176990,12613285,,eccb64037a8037934b64817d2a52a03a0d4f52a7322932b3456f9b13631544be,drat-trim,8.7,True,734.6,22:57:40,
1890,0,14,1,600.0,UNSAT,9.3,165629,11582346,,5068b718776a862c3017248364a04302557a5d0d746ac86d24ab3b08d36bf318,drat-trim,8.1,True,734.8,22:57:40,
1892,0,14,1,600.0,UNSAT,10.0,176620,12847460,,3b4e5d4a58ab91aec1260ee06f6b267b76603b0299be74c5a61652513ef42a85,drat-trim,9.5,True,738.3,22:57:43,
1894,0,14,1,600.0,UNSAT,9.9,174276,12801967,,a22f0e640c9f19394e481e21fd80a4d76611cdd509088739bce20953d8c2a915,drat-trim,9.5,True,739.0,22:57:44,
1900,0,14,1,600.0,UNSAT,9.2,169333,12054431,,1d2622dd56763854dde791d2693aecd0eac134b1dfd717faeec7e3a1147d3354,drat-trim,8.2,True,739.7,22:57:45,
1893,0,14,1,600.0,UNSAT,12.6,213096,16015578,,475d01b9b30f63fb6822fb18d4b050cf3d6d3915bcc69e6029cd6e1602ae09a8,drat-trim,13.0,True,744.4,22:57:49,
1904,0,14,1,600.0,UNSAT,5.5,114353,7989433,,e460ea5f8673eb796526d672006ba56487fbfe979e9c3ab19c0983048b61a985,drat-trim,4.9,True,744.8,22:57:50,
1891,0,14,1,600.0,UNSAT,15.0,239299,18862364,,2ad5d4dc07e678aa07f9e1a3858af5786fa4c54d12a320e59a7cce44b6657fad,drat-trim,12.8,True,745.8,22:57:51,
1906,0,14,1,600.0,UNSAT,6.5,124312,9150926,,6570cedf5bcd85697985343d4fee06cf985f0bfdb25c89ca2d60f4310a76c851,drat-trim,5.9,True,747.0,22:57:52,
1895,0,14,1,600.0,UNSAT,15.0,240758,17899884,,3544a9ba8e20ec01de0702264628018f72f57b3d5fd1b256b04697cb199e339d,drat-trim,15.2,True,750.1,22:57:55,
1901,0,14,1,600.0,UNSAT,12.7,222315,16144244,,e4ecbb96f236cf16735726179b42b3d0df6495a85aaef5494d5251564effd020,drat-trim,13.5,True,752.0,22:57:57,
1902,0,14,1,600.0,UNSAT,12.1,210008,15602707,,9949ec6eafd4794784aa2b5dd1ed2917d7ead223168ce3652a2217331b752ac9,drat-trim,12.2,True,752.8,22:57:58,
1910,0,14,1,600.0,UNSAT,7.1,127134,9135755,,54692921c5d8f501a8635b24f27acaaa06c85d0dfc7a6eba2e12b94a85f9e7f9,drat-trim,6.8,True,753.8,22:57:59,
1903,0,14,1,600.0,UNSAT,13.7,235097,17195559,,c1d0df808732753fa318b2623175e83b12c22cb09f3a4b167f34bd79fda82edd,drat-trim,15.9,True,759.2,22:58:04,
1912,0,14,1,600.0,UNSAT,7.6,136477,9484353,,e26b24ef28dce122b43c6dcbc8ad336c17c2014144ca94eac738b728ed20ee39,drat-trim,7.2,True,759.6,22:58:05,
1905,0,14,1,600.0,UNSAT,12.7,219936,15913760,,d1237a6882a2722932c3a6a2def32b577a2146b5ef0aea41c8dbc0c7bd9307b3,drat-trim,13.3,True,760.5,22:58:05,
1920,0,14,1,600.0,UNSAT,1.6,35952,2301975,,222b3b41aeb4f1e6a9b96fbd5b3bff27bacfbec070e0aa55811ec40e61bdbcba,drat-trim,1.3,True,762.5,22:58:08,
1921,0,14,1,600.0,UNSAT,1.9,40532,2595384,,b3ea725da9ad328d347aca277892c4e4811d4389320a85ab14b1775f861846f0,drat-trim,1.3,True,763.7,22:58:09,
1914,0,14,1,600.0,UNSAT,8.4,150677,11104707,,f1aefdbf1b3f657ec08d76862cf863d171cf4f719ddefee1a1e49e4276b70d59,drat-trim,8.2,True,763.7,22:58:09,
1923,0,14,1,600.0,UNSAT,2.4,46119,3267179,,3b9ffaee2eff02db50cf81d3446dc7380dd79558e20a03ebd4dbe6cb585173d2,drat-trim,1.6,True,767.6,22:58:13,
1924,0,14,1,600.0,UNSAT,2.7,55538,3555081,,a3d69226c86ca2f9a90d6b92fa2bcf6ce1c3af5a6e1215338e48dc49a3cea7db,drat-trim,2.0,True,768.4,22:58:13,
1922,0,14,1,600.0,UNSAT,3.5,66466,4258039,,1dfe21d080a9664bf4ea25401113c45fd7e17884166378079ddad7faa352b3de,drat-trim,2.7,True,768.8,22:58:14,
1913,0,14,1,600.0,UNSAT,12.5,209896,14682748,,47dd97775cbeb1030fb777af5e798a4bde06bcd19234ae1dfbe991e9341df06f,drat-trim,13.4,True,771.9,22:58:17,
1925,0,14,1,600.0,UNSAT,2.7,56529,4231168,,100f4a4010a7d7bb224ece563547596c800d9dc4a2316a160db2726dc19400a1,drat-trim,1.7,True,772.2,22:58:17,
1926,0,14,1,600.0,UNSAT,2.6,55029,3777871,,799b8ba939884fd156251d1a4f5e574250e9268614aff6e2f8652f76ea4bcf09,drat-trim,2.0,True,773.0,22:58:18,
1929,0,14,1,600.0,UNSAT,1.0,23888,1730824,,3b50ad2b338cd4da57174bb596aa114d3238aede3e89a35fcd5b3278dcd94e2f,drat-trim,0.5,True,773.7,22:58:19,
1908,0,14,1,600.0,UNSAT,17.1,280003,21228245,,21b74972b39a66600122a52f192bd94e38aac90cfab159f997638e39d1e0953f,drat-trim,18.3,True,773.7,22:58:19,
1928,0,14,1,600.0,UNSAT,1.1,26786,1732931,,a9d8037070c94ee7d5cb5cfbfa415ef81f1de69e2e1c52eab8dd51415fa7e8cf,drat-trim,0.7,True,773.8,22:58:19,
1927,0,14,1,600.0,UNSAT,3.0,67190,4319830,,c48edfba8b9e2c89baf74d7b89c287408605dbc31b571e528870b23bd6032e8a,drat-trim,2.2,True,774.0,22:58:19,
1930,0,14,1,600.0,UNSAT,1.1,27832,1959464,,37e61d7fbfc60ceb7862fa79562d25a27c02a75a131ac89d1b127d4c1e8d7ac0,drat-trim,0.5,True,774.8,22:58:20,
1918,0,14,1,600.0,UNSAT,12.2,188219,13398350,,33c86340330845d96a3303b94ea0404f3be1496b0fcaa2d3c177c54ef82886ac,drat-trim,9.6,True,775.6,22:58:21,
1931,0,14,1,600.0,UNSAT,1.5,34367,2645489,,e55123e2860ee31ce9befbaa429c1531bc34fbbb9d7e6c8053bca24a2e441029,drat-trim,1.0,True,776.2,22:58:21,
1907,0,14,1,600.0,UNSAT,21.0,302036,23186056,,6fee16df9162cf2e3348c91e067f74d3f611d74b0b589a6d6b64ae1938811a2a,drat-trim,20.9,True,776.6,22:58:22,
1932,0,14,1,600.0,UNSAT,2.3,57208,3458740,,23705ec7a1e38f91171f32f6a0f0fc64fb1438db3877b2e32dc1de37e2f3eb8e,drat-trim,1.7,True,777.8,22:58:23,
1933,0,14,1,600.0,UNSAT,2.6,57107,3774257,,2bca68db5b527fcbf06b742466ec6d7c46592190fa047d9871da8122cad013d0,drat-trim,2.0,True,778.4,22:58:23,
1936,0,14,1,600.0,UNSAT,1.7,40597,2503535,,d109196c2a5da031b445441e067703435061c14255c087ded0d460f3eb2e6590,drat-trim,1.2,True,778.5,22:58:24,
1934,0,14,1,600.0,UNSAT,3.0,69069,4687470,,b29cea60ea0fe73ca790acd2090bd271ca2f339c089828c820dba01b8230e7ea,drat-trim,2.4,True,779.4,22:58:24,
1941,0,14,1,600.0,UNSAT,0.6,12736,680215,,5acad7efe2f45f220238eb8089271a16b02fa512baf041226add0f95c1a7f4b9,drat-trim,0.5,True,779.6,22:58:25,
1940,0,14,1,600.0,UNSAT,0.6,12912,843923,,d35595e95a2b6c4a6e18a073fd85d0e7d4e8908d60a345b9fddc688d357b9d46,drat-trim,0.5,True,779.6,22:58:25,
1937,0,14,1,600.0,UNSAT,2.2,50684,3365785,,5a2d44422bf5b4ab89afbb10624a8af40bd936a1d15b1a9ee13e8028d093c90e,drat-trim,1.6,True,780.1,22:58:25,
1935,0,14,1,600.0,UNSAT,3.1,68678,4634776,,10850458d5afe393d1370959d3c60b0a752f518c86c79701dbedd1d5e846e2c2,drat-trim,2.3,True,780.3,22:58:25,
1899,0,14,1,600.0,UNSAT,29.1,401226,30297870,,70d45d5ef166f95e446622d9ab0e43bcdf8821a72329786de3cf183b2d065387,drat-trim,30.3,True,780.7,22:58:26,
1939,0,14,1,600.0,UNSAT,1.7,43876,2844725,,c279c24697ba5349c6522131c6e296c4a97e31545da96ea76b0286b8262336c0,drat-trim,1.3,True,780.8,22:58:26,
1938,0,14,1,600.0,UNSAT,2.6,57019,3654395,,620de989e93a3545065bb1450e1565930807fb3f88ba50578bad60588390fc14,drat-trim,2.0,True,781.3,22:58:26,
1944,0,14,1,600.0,UNSAT,1.0,22256,1696762,,51bc6a3757548812fc4aacb2709c07c6b82dcce1f2d4f6b8d4a7eb4ec347fb4d,drat-trim,0.7,True,781.3,22:58:26,
1945,0,14,1,600.0,UNSAT,1.2,28962,1794150,,03137ec0639fcf01c1eafd67968f9783bf601e3e884c2300f6e1bd4dad0b75b1,drat-trim,0.9,True,782.2,22:58:27,
1942,0,14,1,600.0,UNSAT,1.7,36879,2484739,,e10e5c6e5f877cc3cf8a31020ced515dfac370e791b46329c9397759628e7475,drat-trim,1.4,True,782.5,22:58:27,
1943,0,14,1,600.0,UNSAT,2.0,44794,3085807,,97037e4f69e84d8d04f3d7b9564593e2298f19ca78dda82427f4acbbc864abf9,drat-trim,1.9,True,783.6,22:58:29,
1946,0,14,1,600.0,UNSAT,1.9,40852,2581551,,b579464d9e8a8da6acf802b74ad9b183048dc09c621441bf72c5c6c55d31cab1,drat-trim,1.6,True,783.8,22:58:29,
1947,0,14,1,600.0,UNSAT,1.8,35185,2545476,,95883a0fd3410cf2c9a64320ac027ff3f1576238534e467da874c223fcf74cdd,drat-trim,1.5,True,784.0,22:58:29,
1909,0,14,1,600.0,UNSAT,23.8,319314,25101836,,f7d17b15ad6b00139d37ad540e2a5002fe7b778d9d0d9ef7775aabbf208ea8b8,drat-trim,21.5,True,784.4,22:58:29,
1916,0,14,1,600.0,UNSAT,17.2,250479,18725098,,f9c3b640bde8f7c317bb6108af37f49800c685856e41688ea53aae1ab78f52d1,drat-trim,15.7,True,785.1,22:58:30,
1949,0,14,1,600.0,UNSAT,2.2,40399,2707091,,233232f3038fe4f99f4063f5a57df5e536dbf27162d122ddd49f7b4766e7420b,drat-trim,1.8,True,785.3,22:58:30,
1952,0,14,1,600.0,UNSAT,2.0,36898,2580278,,afe5c5a0c5ad0e6b125a3fe01d0a40cf4ad8b7c6a53f20b67790ad6ec444f978,drat-trim,1.7,True,786.2,22:58:31,
1950,0,14,1,600.0,UNSAT,3.1,50867,3510085,,8cc07262fb35ea38ff02b261e4ac90b5a1d270a451356b5c1ac8231f6d89788a,drat-trim,2.1,True,786.5,22:58:31,
1948,0,14,1,600.0,UNSAT,3.9,66679,4163390,,6038248043765c296068e6fbdabb6c4596e80a956a9982e87250cd8e5e3385b5,drat-trim,2.4,True,787.1,22:58:32,
1956,0,14,1,600.0,UNSAT,2.2,45463,2838668,,5b40906c561e1ec424b83ab1010de1cdd07b28a5d5c10dd22d3c0d617b192abb,drat-trim,1.6,True,788.3,22:58:33,
1954,0,14,1,600.0,UNSAT,3.2,54624,3709718,,5a1bb562550f0a640b742802e410d644dacddc01bd67012c7e53cec7650bc00b,drat-trim,2.1,True,789.1,22:58:34,
1915,0,14,1,600.0,UNSAT,20.1,277001,20871587,,29d0c21fcb5072c332ed7ea408376096b5191bd550f5a290c029f9d7867e5573,drat-trim,19.1,True,789.3,22:58:34,
1960,0,14,1,600.0,UNSAT,2.0,44475,3107294,,4b319342eeea366aa1f3d60937045cdbf546fd25d905047e21ba7ca70e1994a8,drat-trim,1.6,True,790.2,22:58:35,
1958,0,14,1,600.0,UNSAT,3.3,65797,4541055,,aca64122cf3791c58af89a1bb9f6b8f19799dfd9da1ec4996b848ffe1bb32137,drat-trim,2.7,True,791.3,22:58:36,
1964,0,14,1,600.0,UNSAT,1.3,28290,1979205,,305cca0142b9e6d957bac0b7069f2d56dcc8be6339b5acaa063ad919e7b72497,drat-trim,1.1,True,791.6,22:58:37,
1962,0,14,1,600.0,UNSAT,2.1,46593,3217249,,bb596f38c81f8dc91e2d90fde63b69403e834c7d8abb12ee5a8763d163296afc,drat-trim,2.0,True,792.4,22:58:37,
1966,0,14,1,600.0,UNSAT,1.3,27991,1867785,,e87f9a91cefa8e651144e62b6a1d9efe14aaf225149b973003dd112719406e4e,drat-trim,1.2,True,793.7,22:58:39,
1951,0,14,1,600.0,UNSAT,6.6,107202,7117496,,d2e024709fe22316a13df05cfd93854a3f28b6c3b97075c9cc8f7ebce90c79fe,drat-trim,5.4,True,794.2,22:58:39,
1968,0,14,1,600.0,UNSAT,1.6,30841,2266805,,6484d28569c4ad9f3e850fb9d6b43f8ff6f401754cff59e1532d9c5c801eff64,drat-trim,1.2,True,795.1,22:58:40,
1970,0,14,1,600.0,UNSAT,1.4,29392,2165221,,69eae5cd81d0aa3b8c08922aee37814b5deaf56395a5616301387b5a26cbc603,drat-trim,1.0,True,796.6,22:58:42,
1911,0,14,1,600.0,UNSAT,28.3,372642,28436211,,dd2fb29550ec8d1ada52f9fe74385da16f0a3fa3a8e935684078ed23a2ef1898,drat-trim,24.0,True,796.8,22:58:42,
1957,0,14,1,600.0,UNSAT,6.3,117158,8511993,,0146f3161e6154b7b837902195c62c7ee4b4ed94998a4e0e60618d44c4aeee48,drat-trim,5.6,True,797.0,22:58:42,
1953,0,14,1,600.0,UNSAT,6.9,122174,8527558,,2ebb728d76be6dfcbc7daecb4320e3bfecfc22d6b3c4cd00d16444782f043e4a,drat-trim,6.4,True,797.1,22:58:42,
1973,0,14,1,600.0,UNSAT,0.7,15959,1329633,,e6499fcf670ea2136dd7ddddc0406c0e0cf7e3f64989d0a8c561ccfbe302a5b9,drat-trim,0.5,True,798.1,22:58:43,
1972,0,14,1,600.0,UNSAT,1.0,18805,1503989,,24106c1b14748fe1df3ee0d49e8296b716d61a9774972e3d5c0ca1681535f8ac,drat-trim,0.6,True,798.2,22:58:43,
1959,0,14,1,600.0,UNSAT,6.5,115763,8255166,,fca530f73dfb8be77f2ecd6cda7b377fdb38a1f4af93b44b623a58e26691f7c2,drat-trim,6.0,True,798.8,22:58:44,
1969,0,14,1,600.0,UNSAT,3.3,67244,4528500,,25c67786fa1fe67789f7635ecd2483f433fd94d61c24229e996fd6daefd910ea,drat-trim,2.6,True,799.6,22:58:45,
1976,0,14,1,600.0,UNSAT,1.1,25810,1761257,,de5d63621ec617803313ce8827ad1a105c8c3f52e130d4cc379abe119d52ff22,drat-trim,0.9,True,800.1,22:58:45,
1974,0,14,1,600.0,UNSAT,2.0,46608,3172053,,6749b54455aa725f57889ac0dd0c206412a89165d57bb1f1a12fe479d35f5b56,drat-trim,1.6,True,800.6,22:58:46,
1975,0,14,1,600.0,UNSAT,2.1,44356,3008672,,6f00e76d358115d032a5376ac70edd1fedd0b5e4627bce8e1b5ea35add1f0fe5,drat-trim,1.6,True,800.7,22:58:46,
1978,0,14,1,600.0,UNSAT,1.3,27615,1971968,,d385845da6b1859136f4a4a7f9deabf3e1f140b51760ac618b3fe544794536d6,drat-trim,0.8,True,800.8,22:58:46,
1971,0,14,1,600.0,UNSAT,3.2,69387,5156318,,e89666b005fd6478e81050e25f7ea9bf585d774bfca4601f5601a789267da8c6,drat-trim,2.6,True,801.2,22:58:46,
1980,0,14,1,600.0,UNSAT,0.7,13847,847324,,46b415e1da68abbb7bbe3c2a942599894939f7c5030b4ee3ac9e94a7fbddccc4,drat-trim,0.5,True,801.3,22:58:46,
1955,0,14,1,600.0,UNSAT,9.7,161258,10806099,,03202f29396b712c51f900f646c20d110b0b6686fcf9136515d52805e29353f2,drat-trim,7.7,True,801.5,22:58:46,
1981,0,14,1,600.0,UNSAT,0.8,15689,1312768,,1dfbf764f57589db2715dfa2fe8b2ddd96d660f12e3a0614737613a506dc3d4f,drat-trim,0.6,True,802.1,22:58:47,
1986,0,14,1,600.0,UNSAT,0.8,18088,1391331,,aec70bb0079a37f52e28208cc2f59b851f2cf91c4df451660470bab3f4dbee79,drat-trim,0.6,True,802.9,22:58:48,
1961,0,14,1,600.0,UNSAT,9.0,143997,10431742,,856b8e6989f61cfa536030e24a76c1b41a92daa83202e2d1a6a155742ea7d666,drat-trim,7.0,True,803.1,22:58:48,
1985,0,14,1,600.0,UNSAT,1.1,24153,1771455,,3a2f7b8c36a140eca5fb0e95787f66b395cf96377cbeb8edfb97c26e87cfc2f8,drat-trim,0.8,True,803.2,22:58:48,
1977,0,14,1,600.0,UNSAT,3.0,65144,4514721,,6a3239fca0bc9f18d9c41cf0ef67ecb4b4affb52757a2b7924dceeec46bd2d99,drat-trim,2.3,True,803.4,22:58:48,
1965,0,14,1,600.0,UNSAT,7.7,131892,9641572,,03d4547637a6e3c5bbfc8bcd4ccc6c3e79b082e6762c7ef7d10375234fe3eca1,drat-trim,5.8,True,803.8,22:58:49,
1982,0,14,1,600.0,UNSAT,1.7,38200,2661430,,f212cb8be3e08a826adc25d2b730c266d75963df96268a486a1e470cd4d1b2c6,drat-trim,1.4,True,803.8,22:58:49,
1984,0,14,1,600.0,UNSAT,1.7,38725,2786834,,7dc11cffa5761d1f6992d678fc2ab4fd08463b60d80fa9509316bac1a84a4092,drat-trim,1.2,True,804.0,22:58:49,
1963,0,14,1,600.0,UNSAT,8.1,132705,9799305,,0cefddf3d5d932743463873017c1fcfd7ce7fd3c85eeb96cadd2a558ff37515b,drat-trim,6.9,True,804.2,22:58:49,
1979,0,14,1,600.0,UNSAT,2.8,60083,4134061,,efee3b5658bab7a8c0649bf1ee935baec4178d40a4050d7c1dce17ff7c7cfaee,drat-trim,2.5,True,804.9,22:58:50,
1917,0,14,1,600.0,UNSAT,26.6,356396,27712272,,9cf2663d5541ef4d00d0e446bb419072b39620db714a156a69fb16f4665cfd5e,drat-trim,25.7,True,805.2,22:58:50,
1983,0,14,1,600.0,UNSAT,2.4,47797,3368727,,243335a51697f97aec505b1ded1e488047e6caf0b20a1416bbdfa861e545e0a9,drat-trim,2.1,True,805.3,22:58:50,
1967,0,14,1,600.0,UNSAT,7.4,126983,9069979,,39126a168e021ac9fa99d1b09d9b69cf305ff74206aaf5ac3fe8e59b3aca596f,drat-trim,6.5,True,805.6,22:58:51,
1993,0,14,1,600.0,UNSAT,1.4,24765,1760095,,5e5abeee78c76a5871fddebaf43c9d5176466ec60f569787fcb4187ee70cfb49,drat-trim,1.0,True,806.2,22:58:51,
1987,0,14,1,600.0,UNSAT,2.5,50640,3442759,,43ecef46611ca61aa26c13bc45a828c73266e1f1865778e23d250c2102f37ffd,drat-trim,2.0,True,806.6,22:58:52,
1994,0,14,1,600.0,UNSAT,2.2,38786,2602881,,25adbda5b8438c599c335b076819cd8250f1b7f5bc8d1075b414057cfd84b7e6,drat-trim,1.3,True,807.6,22:58:53,
2000,0,14,1,600.0,UNSAT,0.7,13431,874328,,5b89bb559d66ed0526ba7dbf7de1c7543d72b1f2ae71cd5b63534479d89893d3,drat-trim,0.5,True,807.6,22:58:53,
2001,0,14,1,600.0,UNSAT,0.7,13181,921322,,7adfbf936406f7a735f641f7dd5454bc5a07b7919c4994c72e241650a6857b15,drat-trim,0.4,True,807.7,22:58:53,
1992,0,14,1,600.0,UNSAT,2.9,52451,3430752,,2c33a8d014821996ff0372fb2ffa8b81540aa3291384011b6170e05723344975,drat-trim,1.6,True,808.2,22:58:53,
1995,0,14,1,600.0,UNSAT,3.1,51382,3690586,,7f473ffcf486047bea737569c12bb4130c5531da846b639101bd2e9508fd68c5,drat-trim,1.7,True,809.0,22:58:54,
2002,0,14,1,600.0,UNSAT,0.9,18752,1439555,,63a2fd7d9503f0a5b016204210bc6326717a5058fc501737b517a4311e53b716,drat-trim,0.6,True,809.2,22:58:54,
2003,0,14,1,600.0,UNSAT,0.9,19101,1531076,,3acdeb3f365876d2cb222dff393c07b8056ec384d46eedebe9ac914f75ea797d,drat-trim,0.7,True,809.2,22:58:54,
1989,0,14,1,600.0,UNSAT,3.8,69001,4845871,,53ce2a9edb52f3323652c0e0ee48d3a4dd3223591a7049c952953f6d34458c75,drat-trim,2.7,True,809.7,22:58:55,
1991,0,14,1,600.0,UNSAT,4.1,73505,4952161,,bfe0b4042797cd1a78fcd4245d51a0bb4c4857e4f53eb8ee96d1dc8b5b7e7644,drat-trim,2.6,True,810.1,22:58:55,
2008,0,14,1,600.0,UNSAT,0.5,12412,886786,,184b310d106867ec2fcbca5715d82ec9036dc63b3112c9c8630460951cce898f,drat-trim,0.4,True,810.2,22:58:55,
1988,0,14,1,600.0,UNSAT,4.8,92612,6139941,,13752c5699789dd58a0565aacb93b96839457ffe8d3590db9cf6d450d3631452,drat-trim,3.2,True,810.9,22:58:56,
2009,0,14,1,600.0,UNSAT,0.7,15664,1223355,,719b6fc762bfb08063745f0482148344aec27087653938f40f042bef5ef99a57,drat-trim,0.6,True,810.9,22:58:56,
2004,0,14,1,600.0,UNSAT,2.0,44492,2904504,,b8e820d2a90e3a63c3922ee399ddf5d244e1f44094e9674ecf2c561ae7afbe62,drat-trim,1.3,True,810.9,22:58:56,
1990,0,14,1,600.0,UNSAT,4.6,84687,5716763,,28e365cbad3dfe8711a26b64a56b72665dee8bf966d815c6d52d84eb911fe2f9,drat-trim,3.1,True,811.0,22:58:56,
2005,0,14,1,600.0,UNSAT,1.7,37912,2593545,,8850c978ae4145d31a3ced8e9b49f261915dbf18068a8873fe0744bb9a85f6e5,drat-trim,1.2,True,811.1,22:58:56,
2010,0,14,1,600.0,UNSAT,0.8,17535,1290789,,30f2748a46c9cfef2568da20c841fbae77fef645d407270bc3eee3d66a43b829,drat-trim,0.6,True,811.5,22:58:56,
2011,0,14,1,600.0,UNSAT,0.9,20710,1646126,,345ea321dd06b2c75d4fa3b43d80e16a3c2dcfb79e85c7ba074f57dfe78d6b0e,drat-trim,0.6,True,811.7,22:58:57,
1996,0,14,1,600.0,UNSAT,4.4,87774,5917155,,200da4c992334dc90460a3621c027be58c9a27c47b7c79a5925f4b8da38207e6,drat-trim,2.9,True,812.2,22:58:57,
2007,0,14,1,600.0,UNSAT,2.1,48219,3623877,,5b1fd4fc1a4faa7d95fd734246a778e38c2684fff567b065eb6bf28d8c13cbae,drat-trim,1.6,True,812.9,22:58:58,
2013,0,14,1,600.0,UNSAT,1.7,38421,2752656,,647474e37e07ce146b0e34f1ccbb6ceabb2835cb2397ac2c51b08e8fb1c5d91c,drat-trim,1.3,True,813.9,22:58:59,
2012,0,14,1,600.0,UNSAT,1.7,40531,2592959,,cc849250f8ec3f54881122c545a49b64fe29314a3140e8c19db5782a88e18ca0,drat-trim,1.3,True,813.9,22:58:59,
1997,0,14,1,600.0,UNSAT,5.0,93912,6971723,,ade75996121710341c615063c5de93ed23400adb12971863af67aae5a4790a29,drat-trim,3.7,True,813.9,22:58:59,
2006,0,14,1,600.0,UNSAT,3.2,72595,5207787,,50437deb6f3d7e3cb3fbba4b297629e2fc6ae5faa44ada4923b21b351c0d4d09,drat-trim,2.8,True,815.0,22:59:00,
2015,0,14,1,600.0,UNSAT,2.4,57460,3820368,,8f005cd1ad66f96854f66a1cc93bc0d786ae6dccec13090c2c91f2d056228847,drat-trim,2.0,True,815.3,22:59:00,
2014,0,14,1,600.0,UNSAT,3.1,66575,4602686,,515a19138acbf25b59f4ae4862f0e925f0b28eff90275dd812e57e48314d97a1,drat-trim,2.5,True,816.6,22:59:02,
1999,0,14,1,600.0,UNSAT,6.1,118071,8040853,,bcc3f14f770563767d62a66ac409e992cdcfbd24d02387256031db5ec37139ef,drat-trim,5.1,True,816.7,22:59:02,
1998,0,14,1,600.0,UNSAT,6.2,117300,7658622,,425b63ad4004b63a14cf33c9b03991dfae21f39ccda69143cfaaf2bf7823a7c8,drat-trim,5.3,True,816.9,22:59:02,
2016,0,14,1,600.0,UNSAT,3.2,69000,4944286,,642dd3eda25a3eef6f87aae0214eb754555585617156a161e844fd074789e129,drat-trim,2.9,True,817.2,22:59:02,
2018,0,14,1,600.0,UNSAT,3.9,78416,5507794,,3d8bca4e11a7262099c8acf1f93eac5420fb605ffbd6ce279458c8778fc16eca,drat-trim,3.4,True,819.0,22:59:04,
2024,0,14,1,600.0,UNSAT,2.9,61436,4430771,,87474a931725b0fcc970a15341ed498c7c3d65a277cc94e87dadec7851584e41,drat-trim,2.3,True,820.2,22:59:05,
2020,0,14,1,600.0,UNSAT,4.5,90162,6333777,,938a2a80cbb9a4ea8e10803292b57d71d231cdac436e7a337b93fb92a2e71045,drat-trim,3.8,True,821.2,22:59:06,
2017,0,14,1,600.0,UNSAT,5.1,100047,6954273,,14fb0d6f76d52a8e3115e43133a1fd2f4f35cddb94554021bf14f5bc3bbfd6b1,drat-trim,4.6,True,821.5,22:59:06,
2026,0,14,1,600.0,UNSAT,3.8,73905,5339491,,a9ac5d7a45ae85209a3cf96341d9aae20a6cd02fd037516e76d547bbbd3161e0,drat-trim,2.7,True,823.0,22:59:08,
2022,0,14,1,600.0,UNSAT,5.6,96703,7073321,,57f8a13d839f6879c825a5fa208d81ab2d986c96f0ef17f015ddc9b2e708f2f3,drat-trim,4.2,True,823.8,22:59:09,
2028,0,14,1,600.0,UNSAT,4.2,79006,5899549,,ee0ced0df460bb3630b553f62e5c7e688041f7e37dd287fc9ca99b26c16b0c9c,drat-trim,3.2,True,824.3,22:59:09,
2030,0,14,1,600.0,UNSAT,4.4,91831,6624030,,3f179ade9326447d4c01bfd76493ebfc5e0252d010c21026cf120b90d977de02,drat-trim,3.8,True,827.2,22:59:12,
1919,0,14,1,600.0,UNSAT,37.3,478523,36823466,,8bcc9d74a191f3de9131044108aba0b5f7360b965b22b0c0bb034afa07957cfc,drat-trim,31.7,True,828.3,22:59:13,
2021,0,14,1,600.0,UNSAT,7.5,138714,10059126,,943bdd8b7f6a251266fa5937adac228a4893d6256c61976ab4a172e1e653364b,drat-trim,7.2,True,828.6,22:59:14,
2032,0,14,1,600.0,UNSAT,5.2,105384,7392601,,f97f825c518ef3388f2572155cdcd40e4a220edc22367c2715646a2ff1a2974f,drat-trim,4.4,True,830.9,22:59:16,
2023,0,14,1,600.0,UNSAT,9.8,171531,12504608,,9247407feb86335eccff03a1831a9aabec4d4c06c2b288c2fe6fefe51e99ae1d,drat-trim,9.0,True,832.6,22:59:18,
2019,0,14,1,600.0,UNSAT,11.1,201235,14421987,,08878a36c26d9792eaeb751733d42509b852e4b2875c89f88bae14459e909d3a,drat-trim,10.5,True,833.8,22:59:19,
2025,0,14,1,600.0,UNSAT,9.9,167414,11890706,,7a3f328f0cbcec05761e3e4e448edf9de76d38771e37a6bfcc2b07e3b19c6cbd,drat-trim,8.9,True,834.1,22:59:19,
2034,0,14,1,600.0,UNSAT,6.2,121470,8559602,,30d14695faacf43a38ceb0f7d03e29787cffd414734d08bfa3b46868ad9d0b26,drat-trim,5.2,True,834.6,22:59:20,
2036,0,14,1,600.0,UNSAT,5.6,114914,8392067,,d47585fa1e1b6359d72c7c2bfc3488e64072fcd9d047b7967130e412b36a4d0f,drat-trim,5.3,True,835.3,22:59:20,
2029,0,14,1,600.0,UNSAT,9.5,164169,12053134,,b1546258d2084b8046bb73fa9da09c5d23780904732ba2219a57ee57e1bb8bd8,drat-trim,8.6,True,835.3,22:59:20,
2038,0,14,1,600.0,UNSAT,5.1,101833,7340143,,e99ea224b01e4b0b44bf8f1283018d5bbec57b235b9f462c3f3ba93bbd679078,drat-trim,4.2,True,837.8,22:59:23,
2027,0,14,1,600.0,UNSAT,13.3,229588,16866289,,5d39031a48de76faf6f24df6ebc5a737bdb5c7adf98e07ee4a6fba9deb515f20,drat-trim,13.5,True,843.7,22:59:29,
2048,0,14,1,600.0,UNSAT,0.3,6718,343393,,5a8933770f55be1566573819de59dcb5e0cd4644fe5dd7e0d7bf391350348b17,drat-trim,0.2,True,844.3,22:59:29,
2049,0,14,1,600.0,UNSAT,0.2,4768,253289,,4b9ad4cb8f43bd4cd4c3cc949996f4faa6783368b662de44ab97e4a2b489b920,drat-trim,0.1,True,844.6,22:59:30,
2050,0,14,1,600.0,UNSAT,0.2,3658,251375,,47f3b04f304e9d04e5e61a0b3f6183e6bec56fe4c521536c5194bce406d22a76,drat-trim,0.2,True,845.0,22:59:30,
2051,0,14,1,600.0,UNSAT,0.2,3627,273316,,e78c88a844c903ab7eff1141f67c31b81a0f40e581f4dc5c8f598f9b869530c5,drat-trim,0.2,True,845.4,22:59:30,
2052,0,14,1,600.0,UNSAT,0.1,2814,145483,,3a8140719d794db7f4de746083d7d6894ebf6476bb9c906b810841ff6ad1ece3,drat-trim,0.1,True,845.6,22:59:31,
2053,0,14,1,600.0,UNSAT,0.1,2738,157251,,48ec1510028e3c2eb89b6d40de9475c267cb8c08871c9d002d39647b6e2fa171,drat-trim,0.1,True,845.9,22:59:31,
2044,0,14,1,600.0,UNSAT,6.0,120342,8684705,,13d4de8652339fbd4bc3d878f5ddf00cc669896aa7a919e39d08dc350e6d815c,drat-trim,5.6,True,846.2,22:59:31,
2054,0,14,1,600.0,UNSAT,0.2,4208,294218,,8f9721e0c336a7aad7b5283da74b66ffdd31a5485ae16c83cda46490d133b8eb,drat-trim,0.2,True,846.3,22:59:31,
2056,0,14,1,600.0,UNSAT,0.3,6912,353709,,a6326fd378387982021be74e52113e5491456a5a1a6167bfe11970d989df9e4e,drat-trim,0.2,True,846.8,22:59:32,
2055,0,14,1,600.0,UNSAT,0.4,8939,768811,,8b6394024d1df476d2069c2739a25751f6ceb3caf4f93a3f081da55ee7c26bef,drat-trim,0.3,True,846.8,22:59:32,
2042,0,14,1,600.0,UNSAT,6.6,130252,9557536,,8b53b25da6ce3df884a18a995989a7d77c40ad5fa5626eed2e42b454677a4a5d,drat-trim,6.4,True,846.9,22:59:32,
2058,0,14,1,600.0,UNSAT,0.1,994,85025,,208ed072f367aabb2ee73dffa38e06c9bd843cc50a47b214556de7b3044f5dae,drat-trim,0.1,True,847.0,22:59:32,
2057,0,14,1,600.0,UNSAT,0.3,7560,450965,,d86439c5c9a6516078da61d56610532b8db4ebda801847cd2a2b4eb159a21e92,drat-trim,0.3,True,847.4,22:59:32,
2059,0,14,1,600.0,UNSAT,0.3,7358,444508,,fe2e3e110dd942c24c0d91f929acd21aa3fcfa69451ddec77dfed97ad013feab,drat-trim,0.2,True,847.5,22:59:32,
2060,0,14,1,600.0,UNSAT,0.3,6857,366510,,87d83d3b06c6423252d17fe1cf9a7f7764ed0bc939e61897a44e274247534e64,drat-trim,0.2,True,847.6,22:59:33,
2061,0,14,1,600.0,UNSAT,0.3,7035,353731,,d31b86a52c5063287d99f0e2fd03c192159f990b74674fdf9e3c83bff15dd310,drat-trim,0.2,True,847.9,22:59:33,
2062,0,14,1,600.0,UNSAT,0.3,8695,421399,,83e1a8c492d00d14cf1b0635bd85a6785bf10c1ee07408f55870972e830320cb,drat-trim,0.3,True,848.1,22:59:33,
2040,0,14,1,600.0,UNSAT,8.8,167666,11370799,,da5e574734cbfee01964b882184677199a3b9f01c3a15d6ab9329d383a14e5b7,drat-trim,8.6,True,848.3,22:59:33,
2063,0,14,1,600.0,UNSAT,0.5,10927,622770,,a8b9c738cc84299ea1d747a5bda138ade5187dab382595e315e9e1128bb055c1,drat-trim,0.3,True,848.4,22:59:33,
2064,0,14,1,600.0,UNSAT,0.5,10521,710464,,084c658ac82c529eed1dee675abd052ab7e6c7b1dcc4dd0519c8bddc293adc7e,drat-trim,0.2,True,848.6,22:59:34,
2065,0,14,1,600.0,UNSAT,0.5,12222,927696,,2a5ebd740c10ff02620505b6c4eac2641f5c3b798134362698fe83b4fe4729bb,drat-trim,0.3,True,848.9,22:59:34,
2066,0,14,1,600.0,UNSAT,0.4,9765,678025,,5765c3eeb0b39019ab9b4db2e429a49fe57185301313b75052fd26d71bd7a6ea,drat-trim,0.3,True,849.0,22:59:34,
2068,0,14,1,600.0,UNSAT,0.3,5991,370477,,98885622b9f944aefbbbedffb44c7a9e9b2e19cbf684b85981e49633880fd255,drat-trim,0.2,True,849.1,22:59:34,
2033,0,14,1,600.0,UNSAT,14.1,241066,17931943,,677524416f252a825cf571dacb86d1f84154d42ae5416b84073174239110da4f,drat-trim,13.7,True,849.3,22:59:34,
2067,0,14,1,600.0,UNSAT,0.6,16276,1442010,,b1b33baf2fbb0fee814523d939cb0c286cc387a882562a6c8db0198a76c216bf,drat-trim,0.5,True,849.5,22:59:35,
2071,0,14,1,600.0,UNSAT,0.3,6439,376803,,ced1f8f75cd388c615fa9e8b68e4dbc666f47595a03931a740d2f43d1a319615,drat-trim,0.2,True,849.6,22:59:35,
2070,0,14,1,600.0,UNSAT,0.4,10632,628486,,8829f4daed0329a7e3beddb14b83855759e9de33a8960231cd426a99640a91f6,drat-trim,0.2,True,849.7,22:59:35,
2072,0,14,1,600.0,UNSAT,0.3,7367,535811,,db92720a9219d85960553ca789d86a23106c0426d3045085610560394c67da70,drat-trim,0.2,True,849.8,22:59:35,
2069,0,14,1,600.0,UNSAT,0.5,13246,932683,,0b26113330a8ef83a03d868763513588e15ea723104aa89605d8169ac194a9c6,drat-trim,0.4,True,849.9,22:59:35,
2046,0,14,1,600.0,UNSAT,7.9,148426,11146660,,e68a66c94ff131dbf87e2e84e3dfdc88cfe37344f05b3dac6b23db70fa4a4091,drat-trim,7.0,True,850.2,22:59:35,
2074,0,14,1,600.0,UNSAT,0.4,9226,621400,,73e9046e1a2f33102cc8e7bd2dd9b354ca62cbbd9e91fb6b4520451532b105b0,drat-trim,0.3,True,850.3,22:59:35,
2073,0,14,1,600.0,UNSAT,0.6,12930,964985,,fe992f1cb80d702521287cf89909f9e1a7b34947b5833d4b812f1037c50d1457,drat-trim,0.4,True,850.5,22:59:35,
2076,0,14,1,600.0,UNSAT,0.6,12274,830490,,27ab96015a310d55632fa8a29d0d047224ab5be7d02e0f21469023f39d147138,drat-trim,0.4,True,850.7,22:59:36,
2078,0,14,1,600.0,UNSAT,0.5,11542,687926,,dce7d135ae4237d969145b88305613b512f74b682d57159684c54834341a08db,drat-trim,0.2,True,851.0,22:59:36,
2079,0,14,1,600.0,UNSAT,0.4,11184,699288,,87069f24b63f3b29929267edf948a9059015e4405c77db53c1891da4e8388b9a,drat-trim,0.3,True,851.0,22:59:36,
2077,0,14,1,600.0,UNSAT,0.7,17753,1359246,,8e057976652b69f88f2e62ffc2b4b88f0ae7890fff6658fc9dcd41f78a23e083,drat-trim,0.5,True,851.2,22:59:36,
2080,0,14,1,600.0,UNSAT,0.4,9278,682559,,00b2aedb12d7c60f1d21f6d86a618818d9a6a3b64d0de0b45ce3763893174feb,drat-trim,0.3,True,851.2,22:59:36,
2081,0,14,1,600.0,UNSAT,0.5,12234,813600,,4a3d1581f1cd2cb59a47f7f7f4857e42b26f99bd300fbbfcd7f2638060b4ff83,drat-trim,0.3,True,851.6,22:59:37,
2082,0,14,1,600.0,UNSAT,0.5,12195,907994,,89717b7b3274620c5790501ceb0bbbe973d0cc30a920e4a4fbb69a7f911520ff,drat-trim,0.4,True,851.8,22:59:37,
2084,0,14,1,600.0,UNSAT,0.5,8936,848994,,0a057be6d4b21325b545a526f1b27d526776aeb323272194080a72da96f85976,drat-trim,0.4,True,852.0,22:59:37,
2075,0,14,1,600.0,UNSAT,1.5,37423,2544775,,29f995e91e3caa06891a3150a3c9134259fb0743df3b3d0916c8541bb8f57cff,drat-trim,1.0,True,852.3,22:59:37,
2085,0,14,1,600.0,UNSAT,0.6,13663,767011,,98352ee3ff452004fc74d71df4eeff62ff0bd0ecac707d6debb13679764547c8,drat-trim,0.5,True,852.3,22:59:37,
2086,0,14,1,600.0,UNSAT,0.4,8897,925559,,43446c18492aa011b8bdd1c03e82607850e513c268001c33f242212ffcb1dceb,drat-trim,0.3,True,852.4,22:59:37,
2083,0,14,1,600.0,UNSAT,0.9,22781,1424041,,3528a4cc094dfd9c798acb694b0b60447f6d2766197df39aa63db1cf509157ce,drat-trim,0.5,True,852.4,22:59:37,
2087,0,14,1,600.0,UNSAT,0.3,8511,459331,,990b0d282d5fb300e021899023a48b17602aaa4313e414083a37d409f593cc08,drat-trim,0.3,True,852.5,22:59:37,
2088,0,14,1,600.0,UNSAT,0.5,11500,654694,,9e617ff1d4050959b6eb80291fca3112d4a4955f54f50d7fc027fb3b3751da92,drat-trim,0.4,True,852.8,22:59:38,
2093,0,14,1,600.0,UNSAT,0.3,6626,360485,,4e956532abee77b0783b29ccaa6b14b6e1c6b1a51c3ff43e1855d17f2164aece,drat-trim,0.2,True,853.0,22:59:38,
2031,0,14,1,600.0,UNSAT,17.0,276669,20892248,,caafe8b9787f883c609f372299a880e6bf4bc4eb2596cec510eb36f361788e70,drat-trim,16.0,True,853.2,22:59:38,
2092,0,14,1,600.0,UNSAT,0.4,9737,754409,,ee37884fd5dc55adde331becdc028948b943677bfb52fa352517a29c905fab39,drat-trim,0.3,True,853.2,22:59:38,
2041,0,14,1,600.0,UNSAT,10.7,191406,13971036,,e66049ee3afb1a71e60ecfb8632ac2d3915902f88ede975d44777cc8038ec6f3,drat-trim,10.1,True,853.4,22:59:38,
2096,0,14,1,600.0,UNSAT,0.3,6878,358843,,26de0f031f87ef67d4962a7535109b195e9a5d1d1c024867dd528e26db8191e4,drat-trim,0.2,True,853.7,22:59:39,
2091,0,14,1,600.0,UNSAT,1.0,21445,1688950,,14d51c300ef6317dbbf2aa8988449010d3d9b6d24ab287bc83b8caab6ea8da4a,drat-trim,0.6,True,853.9,22:59:39,
2098,0,14,1,600.0,UNSAT,0.3,4884,283457,,8a083655e84ad523d960e10bc0d807e12260ff2f98c2a875e0c0ce4e149f5e3e,drat-trim,0.2,True,853.9,22:59:39,
2097,0,14,1,600.0,UNSAT,0.5,11120,723444,,03a4e907463dadec68b5f4ca4f95a05d420f5a307e3a36e19e1d7b3d1be5d654,drat-trim,0.3,True,854.0,22:59:39,
2090,0,14,1,600.0,UNSAT,1.1,30135,2041510,,011ce9e5f185de21f68d0fcb12197ba963175fdb34306dc1ad0921a7184fb83a,drat-trim,0.7,True,854.2,22:59:39,
2089,0,14,1,600.0,UNSAT,1.2,30653,2070608,,c31c451335c8e34417b17cdb331ee7ec4468b6f85d27d6f0438e2546eb003f46,drat-trim,0.8,True,854.4,22:59:39,
2094,0,14,1,600.0,UNSAT,0.8,18451,1523157,,4f8ed9f78250a240a73b4cfb3fa8e3c56f0a93f1fa4b08d745f0a9407fc27606,drat-trim,0.6,True,854.4,22:59:39,
2095,0,14,1,600.0,UNSAT,0.8,20152,1502636,,e2fc8f5e7c8d207a499c7e5333df13af6dbccc88f42b95546c6bac7cc4a9da54,drat-trim,0.6,True,854.4,22:59:39,
2102,0,14,1,600.0,UNSAT,0.4,8009,479577,,1eabcada8a6104204a262c43387d30b809bfa3e9c69cb8c74b52c0b24cd43c34,drat-trim,0.3,True,854.6,22:59:40,
2099,0,14,1,600.0,UNSAT,0.7,17207,1193204,,cfadc1900b089124fef1d8c00790b7fcb542aefb3a4b83838260f1a6bfd3e3f3,drat-trim,0.4,True,854.8,22:59:40,
2100,0,14,1,600.0,UNSAT,0.6,13737,853579,,1a22b0f24f254b95a26eededa6829c345522313a7210bd2ce0e1c4958b25a466,drat-trim,0.4,True,854.9,22:59:40,
2103,0,14,1,600.0,UNSAT,0.5,10375,585362,,3482359e2cdab3ea64e8bfef0ccafcc53bf6b30d0c844b93434d3205b5d9523a,drat-trim,0.4,True,855.2,22:59:40,
2109,0,14,1,600.0,UNSAT,0.3,7856,528171,,09af52cfcd3a07b5cbecb85957ea5736efe98a2e18e37726d26c3d7fdcc791d3,drat-trim,0.3,True,855.5,22:59:40,
2108,0,14,1,600.0,UNSAT,0.4,8869,827323,,d43ec7109bf502c71160ec4adccab803885b938854ef61900c343c1b7c50bcd0,drat-trim,0.4,True,855.6,22:59:41,
2101,0,14,1,600.0,UNSAT,1.1,27185,1742223,,f67381903bb0d4877875eb445fd76b3419f694e7aedfd892ca12face96419126,drat-trim,0.7,True,855.7,22:59:41,
2112,0,14,1,600.0,UNSAT,0.1,1190,92811,,e9cf53e449d739ee355154a0531a7fdce60862c84c1ba4a033ac008d4bb2b858,drat-trim,0.1,True,855.8,22:59:41,
2113,0,14,1,600.0,UNSAT,0.1,1582,104291,,c0da58999ee044375a6e0bf799f126ccdb07f0f6613b527645397e563cbea656,drat-trim,0.1,True,855.9,22:59:41,
2114,0,14,1,600.0,UNSAT,0.1,1859,109652,,30e6479f3a9b0e141e546b3bdda6a7cee460e2901820c16f3cb049075024ec6d,drat-trim,0.1,True,856.0,22:59:41,
2105,0,14,1,600.0,UNSAT,1.0,22949,1562434,,3796833b7a68a9ed05cb3f8b029da7fe0c3a72cda96a81a2eb1cf0662cdc8f89,drat-trim,0.7,True,856.0,22:59:41,
2104,0,14,1,600.0,UNSAT,1.1,27530,1796341,,87a0c0b3502858cebf2785e4cf7debcec3e2ebe8215b317b0cb66080cd9ca479,drat-trim,0.7,True,856.2,22:59:41,
2116,0,14,1,600.0,UNSAT,0.1,2624,149697,,6c723026e8538e529e0b7674f22be1d874a09d2ae85311681e94c1e73582b404,drat-trim,0.1,True,856.3,22:59:41,
2117,0,14,1,600.0,UNSAT,0.1,2674,127177,,f834723ccf53a18729acb9ceaca37eb92d94b0d0b1fb2481e2e764b2eab4f8e5,drat-trim,0.1,True,856.3,22:59:41,
2115,0,14,1,600.0,UNSAT,0.2,3387,237470,,f535fa6c8d9b6f0375e2f2f7e7e15ed6dc1f8a8b00ae5c39a3f09c10d627ef25,drat-trim,0.2,True,856.3,22:59:41,
2110,0,14,1,600.0,UNSAT,0.7,16926,1421761,,9a8d433a1634c0a321b6cd98e12d042423f8b91e9217efb5e9e9a751cf533e4b,drat-trim,0.6,True,856.5,22:59:41,
2106,0,14,1,600.0,UNSAT,1.3,30921,2259831,,efbf524ac6140395366e79a630cb9561cd7075f3a8af06c6498a9a4cd5885a85,drat-trim,0.8,True,856.5,22:59:42,
2118,0,14,1,600.0,UNSAT,0.2,3642,302343,,e5c55e0b5d3b728228a18cea8d480bfbedf2985849612beaf4360fd8f28609e6,drat-trim,0.2,True,856.6,22:59:42,
2107,0,14,1,600.0,UNSAT,1.2,28499,2022740,,aea9d3e249918d1f0c3110d85cbf2e51b3672365a89f9b2a4e135eb39dabefaf,drat-trim,0.8,True,856.7,22:59:42,
2119,0,14,1,600.0,UNSAT,0.3,7667,520699,,b52caf2ced08e9817b0033a3d2ac2ee7f9d62e9ad4a2479e6a1de63b5459c863,drat-trim,0.2,True,856.8,22:59:42,
2111,0,14,1,600.0,UNSAT,0.8,17944,1525024,,f4c1e2704502381b03211425031e26537554e2e548bb3a87e1a21527c1e5d299,drat-trim,0.6,True,856.9,22:59:42,
2120,0,14,1,600.0,UNSAT,0.4,8878,716709,,e525bbf3a9a3e6c7d3fa52aef641b9a81b352e6d093fb6c6ef88fb22ab0974e4,drat-trim,0.3,True,857.0,22:59:42,
2121,0,14,1,600.0,UNSAT,0.7,14226,764815,,acc0bb720df795249ae04331bb7ff87217f642029e6c155ff73b32b5ca15154c,drat-trim,0.5,True,857.4,22:59:42,
2122,0,14,1,600.0,UNSAT,0.5,11937,1042375,,c50915702da3115291207ca374f8c09e4e515574c7c91287f9a03f126e57a440,drat-trim,0.4,True,857.5,22:59:42,
2130,0,14,1,600.0,UNSAT,0.1,1634,102179,,c1d4b0e9488ce907e2b5435b0c30b49a1bd9c6c5b6be7014b09891327f4178ab,drat-trim,0.1,True,857.7,22:59:43,
2128,0,14,1,600.0,UNSAT,0.4,10271,698249,,4013a649b735a4f72c49c9cc2000aa2f14b662c656fccb0746866b9735ee5730,drat-trim,0.3,True,857.8,22:59:43,
2124,0,14,1,600.0,UNSAT,0.9,18512,1417688,,44768984ed6e4bc5a6b933e5026b0739b9ef7080b1b7c3860b3420329d91e0b7,drat-trim,0.5,True,858.0,22:59:43,
2131,0,14,1,600.0,UNSAT,0.2,4878,257366,,ad752e1baf983e125bec8498aef879e3e1448642736bc2819595d95ee621800e,drat-trim,0.2,True,858.1,22:59:43,
2123,0,14,1,600.0,UNSAT,1.0,24013,1649540,,76bc7a31687d1080efa93cfd356021c997d375ca2f3d2fa03d279db4daf5ea79,drat-trim,0.6,True,858.2,22:59:43,
2129,0,14,1,600.0,UNSAT,0.5,12770,713305,,a905bbf4db1bd043487a90e59bfd6107a7395aba83d7fae701b44bb3e1c4f851,drat-trim,0.4,True,858.3,22:59:43,
2126,0,14,1,600.0,UNSAT,1.0,22381,1608450,,125141859a7df3c8c00ce67f27d5d7c4e406ec55f04dc899f5bee9bd5c1254c6,drat-trim,0.6,True,858.4,22:59:43,
2127,0,14,1,600.0,UNSAT,1.0,26110,1754631,,f74010941d8435b8d3fb5075ed52f03043d196a22cd6b9b0e28cc7c8cfda36b2,drat-trim,0.8,True,858.7,22:59:44,
2132,0,14,1,600.0,UNSAT,0.5,12947,841280,,2d5853106001e11f5998c10ea548d4485f8ff5d872fb4ae45c9532d4f7f63650,drat-trim,0.4,True,858.7,22:59:44,
2125,0,14,1,600.0,UNSAT,1.2,28234,1900606,,e6612ba02bf27ef9ff46ba351444feb1341dcdbfb746ce5b4a8c7a13e4f3c998,drat-trim,0.8,True,858.7,22:59:44,
2134,0,14,1,600.0,UNSAT,0.4,8631,467073,,530d4499206b75aee5fa9fa53f3c46f857663e804e4ee7297d6c28f44fda66ee,drat-trim,0.3,True,858.8,22:59:44,
2133,0,14,1,600.0,UNSAT,0.5,12964,865453,,5ea920b15e2d12d000bacb27186f47b7659f5565e51cc08082515f94a24be660,drat-trim,0.4,True,858.9,22:59:44,
2135,0,14,1,600.0,UNSAT,0.5,12237,850022,,70063870df6fb055790689a548ac74dd55ef2e2ad441c451d0fca2988c76a8b9,drat-trim,0.4,True,859.1,22:59:44,
2140,0,14,1,600.0,UNSAT,0.5,9589,757834,,986dc269772c991d0def44c387eeb0979f79e017110a6e73b67793505e6ec498,drat-trim,0.3,True,859.5,22:59:45,
2141,0,14,1,600.0,UNSAT,0.5,9859,792793,,734e6b37f5e97f39e4b7ee26d8f3c6de44c3d755baf96e76a56e8e3d9987167c,drat-trim,0.4,True,859.7,22:59:45,
2136,0,14,1,600.0,UNSAT,0.8,18190,1510069,,9a8f81a6b03eaed795d24ac523acd8e6be5710f2b9a29b74e2cd03899378b1c9,drat-trim,0.6,True,859.7,22:59:45,
2137,0,14,1,600.0,UNSAT,1.1,26836,1945103,,d3a5ab4c12a6bfc840f97cc40db3607b8283c3ebf8540086cccbcd9ebdf8fa39,drat-trim,0.7,True,860.2,22:59:45,
2146,0,14,1,600.0,UNSAT,0.3,8124,455636,,d87dd50e658d662dba91864174b00bd4a1396ea871cb8b6e4e814ae281b25f44,drat-trim,0.3,True,860.4,22:59:45,
2138,0,14,1,600.0,UNSAT,1.1,24393,1714725,,c2675d82c9bfd4e2556565d586a793114eb5dbda210bcf1c7c53d91bd349d3d4,drat-trim,0.7,True,860.5,22:59:45,
2045,0,14,1,600.0,UNSAT,13.4,230072,16532341,,85c2127586c9001d5f28f5a45573e03ce878b4a82d4afcd9be4b09c6da78ae2b,drat-trim,11.9,True,860.6,22:59:46,
2139,0,14,1,600.0,UNSAT,1.2,27485,1996031,,efef6ef12da71542a28862532187708da37658c18fefda2dbf575f4a910c3166,drat-trim,0.8,True,860.7,22:59:46,
2145,0,14,1,600.0,UNSAT,0.6,13653,934068,,ad1276bece92a39ab88def5ce4372f92acf16494f964d2d9dd3c86db5cfaaf6e,drat-trim,0.4,True,860.8,22:59:46,
2143,0,14,1,600.0,UNSAT,1.0,21356,1672489,,8d7f15876c7e9f0f5c21d22bf675fa8b872ef56226fef72586357e6dfceb2003,drat-trim,0.7,True,860.8,22:59:46,
2142,0,14,1,600.0,UNSAT,1.1,24675,1837985,,07446cb6c85005ccfb0f2afd4ef95fd991468d96a84570897f3316525a0ba336,drat-trim,0.8,True,860.8,22:59:46,
2144,0,14,1,600.0,UNSAT,1.1,29439,2019220,,7d0a6db93d28ce1c6268f8e44915d57860161ace0892cec1c5e51ab07677ad69,drat-trim,0.6,True,861.4,22:59:46,
2152,0,14,1,600.0,UNSAT,0.5,11341,824228,,9526a2af403ba3de493119e2ff263069df999cc55ef21cdc2b1b05b594d30ca6,drat-trim,0.4,True,861.6,22:59:47,
2147,0,14,1,600.0,UNSAT,0.9,23800,1784551,,bc87236da930e65dde75bc75f19d7d559e680cb6541894fbb0c6fbcdd38a03e6,drat-trim,0.5,True,861.7,22:59:47,
2153,0,14,1,600.0,UNSAT,0.8,19514,1475568,,398b59c22013789e861dd7bf3357281cf503a28f844c91a64d7e0eff2a233eea,drat-trim,0.6,True,862.2,22:59:47,
2156,0,14,1,600.0,UNSAT,0.5,11392,789253,,74d068aba229e87df725f37b9316976c2c7ec79b2d828abbc2e09198e70f688f,drat-trim,0.4,True,862.5,22:59:48,
2039,0,14,1,600.0,UNSAT,18.7,301630,22171164,,b5ebfea98c92c3900ef239574c519a75738e142e545b8a3be17dab1e6c4f96fe,drat-trim,15.4,True,862.7,22:59:48,
2148,0,14,1,600.0,UNSAT,1.7,42196,2938376,,7a18840cdbec69201cc3e15063087548e61e78b2513c90c7dcb1fb32b89c29b4,drat-trim,1.2,True,863.3,22:59:48,
2149,0,14,1,600.0,UNSAT,1.8,43771,3154952,,521ede6c6367c495a8a23a374d746b1a2f1b006204007b00985229759ba03680,drat-trim,1.3,True,863.6,22:59:49,
2157,0,14,1,600.0,UNSAT,1.2,29907,2111930,,7138849197ad15d6614f2669739dc12a85a2137dc899bbeb42099a826827f0a3,drat-trim,0.9,True,863.8,22:59:49,
2160,0,14,1,600.0,UNSAT,0.6,14093,1013483,,8321dcd0e599899e3dbe48e00b38f3da9b630f734aff5ec552eb55709582d5fe,drat-trim,0.5,True,863.9,22:59:49,
2161,0,14,1,600.0,UNSAT,0.5,11690,795534,,e77510751cf7098ef15bbb34e1d19a8ecafe17730f1a10e820f619391f2127f4,drat-trim,0.4,True,864.2,22:59:49,
2162,0,14,1,600.0,UNSAT,0.6,12332,969705,,b77228e4abb843da25bdd52af59f578ef85feb956cc509a05cfc981179c0058c,drat-trim,0.5,True,864.7,22:59:50,
2155,0,14,1,600.0,UNSAT,2.0,45897,3440636,,802188676b2f367fcb354f6657935b1086253c7146199bb5a54c5ad7c9f5025e,drat-trim,1.6,True,864.9,22:59:50,
2163,0,14,1,600.0,UNSAT,0.9,18177,1610419,,da2ef187477a76838fbd570a2705e122f700b7378e4e73b9baa5998607341a70,drat-trim,0.6,True,865.3,22:59:50,
2151,0,14,1,600.0,UNSAT,2.6,60092,4382433,,189e37120909ad353434cfcbe689e32b491459dad8c02388e9cc6a961992f839,drat-trim,2.1,True,865.4,22:59:50,
2150,0,14,1,600.0,UNSAT,2.8,65834,4541685,,8630ae5a41d1f9ef00978b7f656c5b0e902493fbfa5f1dc4cc09ac057dd5d40b,drat-trim,2.1,True,865.4,22:59:50,
2168,0,14,1,600.0,UNSAT,0.5,12393,1026528,,70796cc350a4b45156a7239f81e16ca0c1fab54984bca24daf75ad48bcb6462e,drat-trim,0.4,True,866.2,22:59:51,
2159,0,14,1,600.0,UNSAT,2.4,48690,3850499,,fbd1793bb32a0975283fc9e155f0a345aadbd1763a681ad9fdb1738cd94b9d2d,drat-trim,1.7,True,866.6,22:59:52,
2037,0,14,1,600.0,UNSAT,22.4,348841,26295649,,2443abd5c112f2a91530326055c946eb8f528d8afeb3068460e16046b8b1c3f8,drat-trim,17.7,True,867.3,22:59:52,
2169,0,14,1,600.0,UNSAT,1.2,26184,1736376,,8d8b17f80fc20e181f31995b152de0bc6ca8dccd8ffa0e2d9ebcd878a7dbc1e0,drat-trim,0.7,True,867.3,22:59:52,
2172,0,14,1,600.0,UNSAT,0.7,15969,1220683,,61a7311b7fef6131818136b6cd29231ec8bda14a8ef1dd72261a2040bf1efdbd,drat-trim,0.5,True,867.8,22:59:53,
2164,0,14,1,600.0,UNSAT,2.6,60633,4058485,,4edb156ef3978b15ba2c045a52e235fd170a1d1dae54308615c190e50fd0205b,drat-trim,1.9,True,868.4,22:59:53,
2154,0,14,1,600.0,UNSAT,4.4,94193,6780944,,07c588797a7de07893c7f11b68ceaf67d39b856cf21fc3f76003301d60ab0903,drat-trim,3.5,True,868.7,22:59:54,
2166,0,14,1,600.0,UNSAT,2.5,51950,4048258,,4555492d4cc98755b9d7fec747412ce4809e2fa67a7716f49987fb7c6210c7a0,drat-trim,1.6,True,868.8,22:59:54,
2165,0,14,1,600.0,UNSAT,2.6,62892,4484805,,d6e7553f1a4fa6a17b45fb84b52c904f28a9be141619e18285bae4a511f53614,drat-trim,2.0,True,868.8,22:59:54,
2173,0,14,1,600.0,UNSAT,1.1,24062,1787416,,2f168f2a3c54742de858458f065974652f7118bea6a74881e76bb91b5dc70bb8,drat-trim,0.7,True,869.1,22:59:54,
2176,0,14,1,600.0,UNSAT,0.4,8337,492645,,1066c48b66f64aec4b2e0a0d7af36674cf51e48e748db48f555e1540756f8281,drat-trim,0.3,True,869.1,22:59:54,
2177,0,14,1,600.0,UNSAT,0.3,7087,395120,,30826d1dffbb97bee727dfd78f1171a962a84b4750bd15788610b3d39ad96423,drat-trim,0.2,True,869.3,22:59:54,
2158,0,14,1,600.0,UNSAT,4.1,86450,5975466,,f876fa151dcfee03bf9d4a5bccc8fc5066cbc965550d33ff39e97f7dd7148c1c,drat-trim,3.2,True,869.5,22:59:54,
2181,0,14,1,600.0,UNSAT,0.3,8045,573802,,1d1c031ca2f1b073f7cac48132a071c47af9d9ed5c16631dfac78cc42000618a,drat-trim,0.3,True,869.7,22:59:55,
2178,0,14,1,600.0,UNSAT,0.7,15388,1179817,,0007d2a21e4f729a9f6b1126f9fac4b421ca81c700d64156c8ea95e6c71e9351,drat-trim,0.4,True,869.9,22:59:55,
2180,0,14,1,600.0,UNSAT,0.6,12844,856497,,c5b84537c94a37f4916487da5c2484e0cb63b7a6e550ee4ba82328974ef3a434,drat-trim,0.4,True,870.0,22:59:55,
2043,0,14,1,600.0,UNSAT,19.1,305063,23157196,,556e8e15a641ccafef521980ff53b5836b0956ae75dd57f9698ddc39d1df571b,drat-trim,16.8,True,870.1,22:59:55,
2179,0,14,1,600.0,UNSAT,0.7,16640,1313829,,cce1994c16af2f4a1ff6a6f36ca4b307770682cfecebfa03774570659de0e593,drat-trim,0.6,True,870.3,22:59:55,
2182,0,14,1,600.0,UNSAT,0.5,11883,821169,,c0ca36d08e1d42bdcf251b0218946548eb8729626d37ab7587196fe210129b09,drat-trim,0.4,True,870.3,22:59:55,
2167,0,14,1,600.0,UNSAT,3.0,66685,4685892,,ba29adf7e1042f373aed74f08a1fce5d3e1e1a37cfe3f2d6156b2bcabf41b912,drat-trim,2.2,True,870.3,22:59:55,
2183,0,14,1,600.0,UNSAT,0.6,13449,967689,,41186cdcf99276c3a1ca50f47a90ae35f885f74a40852e52f80b4f8e895e7f4c,drat-trim,0.4,True,870.5,22:59:55,
2171,0,14,1,600.0,UNSAT,2.5,55864,3806008,,e992c1a010dbd1c85ec6a400f74019e81283005a058dafec65f3c347f3cf2643,drat-trim,2.0,True,870.6,22:59:56,
2192,0,14,1,600.0,UNSAT,0.3,6819,348122,,f13e8d4331369bfa72410d11820927582258c82f8d6828452f4aa7ed1d0ab3aa,drat-trim,0.2,True,871.2,22:59:56,
2193,0,14,1,600.0,UNSAT,0.3,6966,382089,,99128edc0f985abff5fe03c15f52390691e1b66299a078109a6d8f154c584472,drat-trim,0.3,True,871.7,22:59:57,
2184,0,14,1,600.0,UNSAT,1.3,30736,2262684,,1f98918b2dc92922eba576b480336ba5d3b9b6c38c2da63fb13c8d6d70b3559e,drat-trim,0.9,True,871.9,22:59:57,
2191,0,14,1,600.0,UNSAT,0.8,17517,1379073,,a53342fe0379c9a23a602a4fe5e30787c3a8a37bf41f6269a9deaa79a21c5de4,drat-trim,0.6,True,871.9,22:59:57,
2185,0,14,1,600.0,UNSAT,1.3,30119,2219390,,0327e80a0bc131ea550b383e7a17441f0f3157174521f720b762465c9116bd44,drat-trim,0.8,True,871.9,22:59:57,
2175,0,14,1,600.0,UNSAT,2.5,50967,3729146,,054a3fc5666a6ea55f26109b2e6ff91b2f02b8443e1143cd427c45fc39155306,drat-trim,1.8,True,872.1,22:59:57,
2188,0,14,1,600.0,UNSAT,1.2,28753,1996658,,3e73b15d4908e4a654527ea2857f0bf7414ea5cdce0cff556e6cae7ef288ce83,drat-trim,0.8,True,872.2,22:59:57,
2174,0,14,1,600.0,UNSAT,2.8,62385,4610328,,5a565efe25cf63c0f40303d9535b6305600effd5d0ae930c5694a798255f7c3a,drat-trim,2.2,True,872.3,22:59:57,
2187,0,14,1,600.0,UNSAT,1.2,30677,2483352,,9a853249ac73a109ee58713db48aae21f85eb9b1100f727c6a4074b7769d934d,drat-trim,0.8,True,872.3,22:59:57,
2194,0,14,1,600.0,UNSAT,0.4,8573,465984,,72b38df714b5d0b32c8d4815ed6370ded09c92bb576ecc9c4a0fac0810bb448f,drat-trim,0.3,True,872.4,22:59:57,
2190,0,14,1,600.0,UNSAT,1.2,29681,2199617,,17b93c8dacd4d4938cfb51590e9272c59c57e7fb29890e23b272c10a40038395,drat-trim,0.9,True,872.4,22:59:57,
2189,0,14,1,600.0,UNSAT,1.4,34032,2718584,,5538945d59ab2064331036988ffb0efcf02510f3ae865be2b0b34433e1131447,drat-trim,1.0,True,872.8,22:59:58,
2195,0,14,1,600.0,UNSAT,0.5,11535,826507,,494a6f29c91eeed4d2297a3de9fd7234c81b8990be4f079afdfca2d649db8704,drat-trim,0.4,True,872.8,22:59:58,
2200,0,14,1,600.0,UNSAT,0.3,6455,373873,,ed350054c3da0e2f2227ce633715605f6ecc53dd6e10116e67a087e038d57aea,drat-trim,0.2,True,872.8,22:59:58,
2201,0,14,1,600.0,UNSAT,0.3,7131,377675,,63bedef6b81bdc3a13bbbda9b9ceb9657845500b9584bbaa15cb3fa38f1e8aec,drat-trim,0.2,True,872.9,22:59:58,
2170,0,14,1,600.0,UNSAT,4.2,92048,6415979,,5e031f15b996fb94eb9f274b07e875e828eb8be15c56642fcd3817d7458ecf5f,drat-trim,3.4,True,873.0,22:59:58,
2202,0,14,1,600.0,UNSAT,0.4,8149,479493,,9ac4ca3848f0e73bffec3dd8746413677090cccd8feb5393ae2fa0678025a792,drat-trim,0.3,True,873.0,22:59:58,
2203,0,14,1,600.0,UNSAT,0.6,12122,877009,,7622603d524aa26afacef46fcd84bd188f9a04c74da5c66634ec0591d8e85972,drat-trim,0.4,True,873.4,22:59:58,
2198,0,14,1,600.0,UNSAT,0.8,19448,1470009,,0e70ea511be88b00b719ba25fc97220d2009d5373a097c7536b9e2845899aa82,drat-trim,0.5,True,873.5,22:59:58,
2208,0,14,1,600.0,UNSAT,0.3,7895,456412,,6f5e9605196e5a7df56013654c53cea6cd3f5ae1d81f12310601135ac63cb708,drat-trim,0.2,True,873.5,22:59:59,
2209,0,14,1,600.0,UNSAT,0.4,9359,695710,,50481fce34116f5468be1b28f950e1ec14c5f70f30a8ff14c94b07a237113039,drat-trim,0.3,True,873.7,22:59:59,
2186,0,14,1,600.0,UNSAT,2.4,57811,3709363,,ba56978a30dc6667fad6b1526c33eb9d4539c1e7460f10fdacb088add7f32ad7,drat-trim,1.6,True,873.9,22:59:59,
2199,0,14,1,600.0,UNSAT,1.3,29969,2253591,,7e6d2780b2b155ec2f25479c4770928ab9f8b9ede499bf63e21cd80aab1be29f,drat-trim,0.9,True,874.4,22:59:59,
2206,0,14,1,600.0,UNSAT,0.9,21114,1637204,,4e680eaced87ac172be3fc7d100b57abcbbc9f709320f6f973aa62a17d9c54e4,drat-trim,0.7,True,874.4,22:59:59,
2211,0,14,1,600.0,UNSAT,0.6,13917,864104,,b41c1f77563d8986a9dea9af54b339a0a99bba671b6b31559d20687705b2c9dd,drat-trim,0.4,True,874.5,22:59:59,
2210,0,14,1,600.0,UNSAT,0.7,15537,1240951,,c429c774936eb0c453d20418caf41caecc327a3e5c44ab7ec16d32f7ae0e67e9,drat-trim,0.5,True,874.6,23:00:00,
2212,0,14,1,600.0,UNSAT,0.7,16517,1177376,,621bd5ccbe2e16ec8ce2a53bc3a9d1ea016c46aa40ae72e66924a13c9de202b1,drat-trim,0.4,True,874.6,23:00:00,
2214,0,14,1,600.0,UNSAT,0.5,10731,869190,,5d880e77515c9d1641cb985658718d72646a2a9378d21e168e9ae4c9d6043f84,drat-trim,0.3,True,874.7,23:00:00,
2213,0,14,1,600.0,UNSAT,0.6,13245,760861,,7615f203432e6e66b2a32a1505cd1934d1bcaf67abc5497e9f0c297a8229faaa,drat-trim,0.4,True,874.8,23:00:00,
2207,0,14,1,600.0,UNSAT,1.2,28443,2101775,,bbdeff120806ea29a6b710ecdccde2cf31fec36241169e09a3fdeaf141e9c2e1,drat-trim,0.9,True,875.0,23:00:00,
2196,0,14,1,600.0,UNSAT,2.0,47424,3146441,,b02c16ad9e44138f1978c5a839aa0881eafe79a4e37bd3d3aa821d0025956903,drat-trim,1.5,True,875.4,23:00:00,
2204,0,14,1,600.0,UNSAT,1.7,39705,2665736,,3d6506e6acd8ca0a4e75322999cd9332bc9594154cae29db3bdf867cb84888b3,drat-trim,1.2,True,875.6,23:00:01,
2215,0,14,1,600.0,UNSAT,0.7,17305,1259925,,ca16ed5d49b66be6b48aa94246b070ab587c46b77421154906cee070b8872005,drat-trim,0.5,True,875.7,23:00:01,
2205,0,14,1,600.0,UNSAT,1.8,44716,2958585,,a4eb5bab7f495cf9d8519bcfbc3b28315a935d254c3208910d7c4f2090cfc74c,drat-trim,1.3,True,875.9,23:00:01,
2224,0,14,1,600.0,UNSAT,0.3,5683,317237,,bdcd43bd67b99023ea6eb119593275c365630e4460cfea83811946c0b60a3959,drat-trim,0.2,True,876.1,23:00:01,
2225,0,14,1,600.0,UNSAT,0.3,6885,392107,,d1af85dbe41b04ac9450c4beb70848338646988f042ac1bf8d2b14dc1d1ac7cb,drat-trim,0.2,True,876.2,23:00:01,
2197,0,14,1,600.0,UNSAT,2.5,58596,4153821,,e61675eecadb86bcb94b3d52501afb0d0214470db1c67957316947f6ee43f217,drat-trim,1.8,True,876.3,23:00:01,
2223,0,14,1,600.0,UNSAT,0.4,8961,837663,,71a4b406c61c13a03384766dbac87dc4ec6f2a3bcd1c6c3d5dde022fffa38135,drat-trim,0.3,True,876.3,23:00:01,
2216,0,14,1,600.0,UNSAT,1.1,28213,1878380,,7377bc0e2580dd278d242e31bf5362da859693818dd744d086bc4f9f4c52b987,drat-trim,0.8,True,876.3,23:00:01,
2226,0,14,1,600.0,UNSAT,0.3,7919,419692,,be3ede585d5a02ab3b3eee5a42f9b305f842ca12f639b2950d4a5e9428865ce6,drat-trim,0.3,True,876.5,23:00:01,
2221,0,14,1,600.0,UNSAT,1.1,26888,2135014,,1e3f67da866254cfd8d405898ad167ff99db70730e8f88a7751b2505f70dc142,drat-trim,0.8,True,876.7,23:00:02,
2222,0,14,1,600.0,UNSAT,1.0,23990,1720709,,af79ed4b3cdb0da84f88d07490c6d0070501ff0bdb3b0438c39268a2be7fdd8b,drat-trim,0.7,True,876.7,23:00:02,
2220,0,14,1,600.0,UNSAT,1.2,30629,2163351,,0e2cf4b9fc22a784479d33b953cdd3eaa9c3d772d7dd8797faad10c1fd770682,drat-trim,0.8,True,876.8,23:00:02,
2218,0,14,1,600.0,UNSAT,1.4,33087,2379990,,0097d378cc2676822b29bbacd9a7d406b8feab586083f90db9127a4c0c523f4a,drat-trim,0.9,True,876.8,23:00:02,
2227,0,14,1,600.0,UNSAT,0.5,10046,806720,,bd1914f13193115d1abedd853c14c75de0c25e2fe969fff067becdbd4ab52f46,drat-trim,0.4,True,876.9,23:00:02,
2219,0,14,1,600.0,UNSAT,1.4,31553,2447376,,a122108513a8ca658bbad20be4db9cf272b9534ac29cadb51d95da7943b10c16,drat-trim,0.9,True,876.9,23:00:02,
2232,0,14,1,600.0,UNSAT,0.3,7218,475721,,ea9c754106de42a627cc20667ea03487b6d6161fb1ed96af4041bbbdc821abc1,drat-trim,0.2,True,877.0,23:00:02,
2233,0,14,1,600.0,UNSAT,0.3,6018,347166,,ba86f32085eacb31f47219f312cc860b570ee35f49e4dac85d6b836f2b944d36,drat-trim,0.2,True,877.2,23:00:02,
2035,0,14,1,600.0,UNSAT,29.2,437103,32988113,,dc648f6edf38ad364364ef92cfe0d38662ada55d888d3db86a22c860ca3e67f8,drat-trim,24.2,True,877.2,23:00:02,
2217,0,14,1,600.0,UNSAT,1.7,41486,3031232,,f75619900262fd6f2e0cd9a5570bf0fcedc1f3c904ba97f0386dd43663b9537e,drat-trim,1.2,True,877.4,23:00:02,
2235,0,14,1,600.0,UNSAT,0.3,7698,548669,,7c20cc96d11a08447699cda9d27169f38dd3cfb727e4f2903febd24496b5cf5f,drat-trim,0.3,True,877.4,23:00:02,
2234,0,14,1,600.0,UNSAT,0.5,9808,785906,,a0bf9249017b9584e556e45448512ab62cd84b661e2a824445848dd3e81bfe71,drat-trim,0.3,True,877.5,23:00:02,
2230,0,14,1,600.0,UNSAT,0.8,17941,1322916,,36c12c12deceaf0081e317b2419abd068cdb99e9279b63c76b9c09c82e5a0faa,drat-trim,0.5,True,877.6,23:00:03,
2231,0,14,1,600.0,UNSAT,1.0,23643,1742747,,05cf14359743d609d00c92e79b944f62e1ac6d7434ba9b78c55db4b7d38d9142,drat-trim,0.7,True,878.1,23:00:03,
2238,0,14,1,600.0,UNSAT,1.0,20246,1513695,,efb2956f96e9b8682394f8a01116f698d95fcae37fa23fe3a96391d431b920ef,drat-trim,0.6,True,878.5,23:00:04,
2240,0,14,1,600.0,UNSAT,1.0,25420,1877599,,6ff87891c3bbc68665fc726a937777d94ad7b1e18c7bd22e93ccedf8fa719abe,drat-trim,0.7,True,878.8,23:00:04,
2239,0,14,1,600.0,UNSAT,1.1,24646,1811401,,e42c8ee75c88b44e9d90daec5d6ef5d2bb1b8932a68d11d5b46c4c88a62188a1,drat-trim,0.7,True,878.8,23:00:04,
2241,0,14,1,600.0,UNSAT,1.0,26857,1885338,,c36bfb905e7373ee050b896e13697369321502143642053edb739e036cbf3788,drat-trim,0.6,True,878.8,23:00:04,
2228,0,14,1,600.0,UNSAT,1.7,40104,2871038,,10240a46e2938674dac1d7e3eda838a24148dc9d0fe7010031b6f988e708e094,drat-trim,1.1,True,879.0,23:00:04,
2236,0,14,1,600.0,UNSAT,1.5,35655,2469771,,e8a9e27cf49bd7c297a15706667f05afe9d163f0605e864df8d3050d594919a9,drat-trim,1.0,True,879.4,23:00:04,
2249,0,14,1,600.0,UNSAT,0.6,12191,920671,,cdd449d96ddd31dd5f1c859804014a7d8490298831f4c19ec9f5ef78db6f6e27,drat-trim,0.3,True,879.7,23:00:05,
2248,0,14,1,600.0,UNSAT,0.5,13154,1050220,,526eb4bb8ef4dc43fa8dbfeaa214bc5a3d45e8c2a951340022925cdc7d9e897b,drat-trim,0.4,True,879.7,23:00:05,
2250,0,14,1,600.0,UNSAT,0.6,12617,788140,,3328903c41d75836847d4b70037f47e5ee90909bf6f3a67f636cd32da3242a09,drat-trim,0.4,True,879.8,23:00:05,
2245,0,14,1,600.0,UNSAT,1.4,33574,2240652,,d940ec9ac26262d5b54df55107b24a4c75356dbeb98e248429fd3cbeb71791a9,drat-trim,0.9,True,879.9,23:00:05,
2229,0,14,1,600.0,UNSAT,2.2,48424,3757775,,f11613ea88a1b0f91a12ba0c4b1688f88a172eecce503a264cd328e84240b51c,drat-trim,1.4,True,879.9,23:00:05,
2251,0,14,1,600.0,UNSAT,0.6,14362,996213,,f70b0357dac9f364c666cf84d4ac0fa75b90cd60a0696a338a7be2c147f91173,drat-trim,0.4,True,880.0,23:00:05,
2237,0,14,1,600.0,UNSAT,1.9,43764,2940331,,c38e1379986e2b7dcea9d29788909878eaef0f2a3a8a85e48619adea733bd066,drat-trim,1.2,True,880.0,23:00:05,
2242,0,14,1,600.0,UNSAT,1.7,43701,2944617,,36a3e34ce732c89eace2d3a31326affcd693027c3feb00d74a9a7609052377d5,drat-trim,1.2,True,880.3,23:00:05,
2244,0,14,1,600.0,UNSAT,1.7,42419,2995143,,c4f413b840ad922218251056dc4dd566067070ff5752dc380d2956b676704e5d,drat-trim,1.2,True,880.3,23:00:05,
2243,0,14,1,600.0,UNSAT,1.8,42366,3273110,,9fec42ad2b50a8f093365f81f5f4e8257e17152d43db8c8a77cef90a1d781f5c,drat-trim,1.3,True,880.4,23:00:05,
2256,0,14,1,600.0,UNSAT,0.4,8861,941853,,bf06b8197ccb65f0b41502a69f373a524bc23d007bb04577dd3ff0831df1d314,drat-trim,0.3,True,880.6,23:00:06,
2257,0,14,1,600.0,UNSAT,0.6,13496,942624,,23caf27ee15c258c1930d010b21e0cc2565d7d21b5d4e633b5fd6ac2231f3c32,drat-trim,0.4,True,880.9,23:00:06,
2047,0,14,1,600.0,UNSAT,22.9,366520,27341886,,b619e45d73e1dc1160a933a25ccf549f04d739a1ba8500c96408f94b81005a21,drat-trim,20.3,True,881.1,23:00:06,
2253,0,14,1,600.0,UNSAT,1.0,25589,1719046,,d3335716913e1a299a470f4f50b5d0f1249e0ff82f9eeb8ff97ec7c2a0692988,drat-trim,0.6,True,881.4,23:00:06,
2252,0,14,1,600.0,UNSAT,1.4,36053,2282295,,8c4d3ed7ea95e1190b1b4e0c5b65d3fceb25df1d61676cfecfa122ea8f070101,drat-trim,0.9,True,881.7,23:00:07,
2246,0,14,1,600.0,UNSAT,2.2,57817,3650864,,db0bfa0bba4b6388bf8055de05275b10f0e8e17c9de13b3a0d054b93dbddb05e,drat-trim,1.6,True,881.9,23:00:07,
2247,0,14,1,600.0,UNSAT,1.9,45597,3466264,,5a221424b71635a86608e1fc707b8d4c538e88dd77cf7f232f4f87200d0f270e,drat-trim,1.4,True,881.9,23:00:07,
2265,0,14,1,600.0,UNSAT,0.5,12399,775397,,9c86b3b31bcfc02b6402a59661c3987cbc129f592722f4f29fb4f3bda00aac5c,drat-trim,0.4,True,882.0,23:00:07,
2260,0,14,1,600.0,UNSAT,1.1,27408,1957983,,e251774fcbd5110764d7abb08f6cef793a276c10f72af23636192de744d692da,drat-trim,0.8,True,882.1,23:00:07,
2261,0,14,1,600.0,UNSAT,1.1,29675,2177545,,54d0c1a72940cedb961b776982d80a5cec5647924b11052641fb4762717d397f,drat-trim,0.7,True,882.2,23:00:07,
2264,0,14,1,600.0,UNSAT,0.9,21069,1539991,,9c11cc54b40143e6935024512fb614b858410bb73256b941eae4b0d39a28d81b,drat-trim,0.5,True,882.3,23:00:07,
2259,0,14,1,600.0,UNSAT,1.4,33146,2850716,,340a88cd2afde7d7df63f1ce8dd5f7ed607a63e0d4691d836fa4a9693c63aa97,drat-trim,0.9,True,882.3,23:00:07,
2255,0,14,1,600.0,UNSAT,1.6,44013,2959547,,b0cca70ebe40adf726a97e9954a5ddd81d94c9f538b313a918bc7f625f0f03de,drat-trim,1.2,True,882.6,23:00:08,
2258,0,14,1,600.0,UNSAT,1.8,43563,3024538,,53e2b983f06ad648d1187ef2717ab1fa30658880fc051880bbc15fb5ab5aea50,drat-trim,1.2,True,883.0,23:00:08,
2266,0,14,1,600.0,UNSAT,1.1,29049,2005805,,78071661327d5e91017254edac12fadaa2f91e6ca02f3b2a01028489ab7a1b21,drat-trim,0.8,True,883.3,23:00:08,
2269,0,14,1,600.0,UNSAT,0.9,18905,1491486,,e1057cc4dd13a6cc4691c4f0d0ac5a0ea75fd8808856986102c06e4b5bc8ec0a,drat-trim,0.6,True,883.4,23:00:08,
2268,0,14,1,600.0,UNSAT,1.1,28883,1920774,,6365924f61a6b7c0b88263b5da1f066675e365456ffecc56adb93d42fe23a588,drat-trim,0.8,True,883.7,23:00:09,
2272,0,14,1,600.0,UNSAT,1.1,25830,1792955,,1e21f20105db439998fcc771ac56626c2099c872ec334b1ab210e1f01fb1ae5c,drat-trim,0.6,True,883.9,23:00:09,
2274,0,14,1,600.0,UNSAT,1.1,26625,1942580,,c5d32dfdc5129ae2bf2df7ee8a60166ed67c697cb369325ef0c42984668bf1c8,drat-trim,0.7,True,884.1,23:00:09,
2254,0,14,1,600.0,UNSAT,2.5,60233,4196952,,afdfd06a736284311c0022de59c71892fcae28784a3508e9eba90a665a33b736,drat-trim,1.8,True,884.1,23:00:09,
2270,0,14,1,600.0,UNSAT,1.3,30979,2498503,,aabb3d4f9126590a87ce1e73bcab938821d0ba764c1ac0075ce5532d1a58de39,drat-trim,0.8,True,884.1,23:00:09,
2276,0,14,1,600.0,UNSAT,0.8,18810,1563016,,e2070dbb733e4de4c7149ed7ef523493517e9b301d193134f2b341757bd4ee07,drat-trim,0.5,True,884.4,23:00:09,
2262,0,14,1,600.0,UNSAT,2.4,56420,3960457,,3a9f86e7fdce327019b30dfea671fe51eb4a6b944410b913f014d76d996c9ffc,drat-trim,1.7,True,884.6,23:00:10,
2281,0,14,1,600.0,UNSAT,0.3,7135,393258,,ffdcf01f93471512b705cf1adde14bd65567534faccc3b45b76f18ae44157c0b,drat-trim,0.3,True,884.7,23:00:10,
2280,0,14,1,600.0,UNSAT,0.9,24176,1821561,,012f825956d869e83fcd0388eeb6138bc3f6e7d3e29e7012ff5d78782e653359,drat-trim,0.7,True,885.6,23:00:11,
2267,0,14,1,600.0,UNSAT,2.4,58855,3891280,,4d9442bf8d3d4d39c42d9912f86e3e1a910c4bb7ff2393fb15cb23ada01c3a69,drat-trim,1.9,True,885.9,23:00:11,
2284,0,14,1,600.0,UNSAT,1.1,24624,1889853,,04979d26d8b74860baefd1f78b0e21150bf2a3ac29292b948ac88e5060a90206,drat-trim,0.8,True,886.3,23:00:11,
2278,0,14,1,600.0,UNSAT,1.7,38501,2805728,,b312c2274db93316b380819295611dbe51e113d41740c358b8ef88ea3ac579f7,drat-trim,1.3,True,886.4,23:00:11,
2285,0,14,1,600.0,UNSAT,1.5,34698,2318401,,ecfa536c4ae808d13d150763251164d922f672dc783b9844ee9bbdd459c1f6e4,drat-trim,1.0,True,887.1,23:00:12,
2288,0,14,1,600.0,UNSAT,0.9,21540,1606589,,cc8338dbb3a42b91e8d2a4cb378e360f4f79233c56a1adde7dd8e82c58bfaa4c,drat-trim,0.6,True,887.6,23:00:13,
2282,0,14,1,600.0,UNSAT,2.2,48167,3688770,,b79124f235434698692df6900d980095b24d5709b06415199a1b39a288ca95a9,drat-trim,1.5,True,887.8,23:00:13,
2273,0,14,1,600.0,UNSAT,3.5,76467,5576755,,cd66d55775b4599c587f072fbfb8e51c704551c85813da14708e6f34bb647b71,drat-trim,2.5,True,888.3,23:00:13,
2271,0,14,1,600.0,UNSAT,3.5,78664,5482986,,5c2936abdf0a00f9fcabe0e9d8f9f273331a5db08fb6b5ff6776e3461a87207d,drat-trim,2.8,True,888.5,23:00:13,
2292,0,14,1,600.0,UNSAT,0.6,13703,814685,,4b8a16df42fcc44d92c9d86b5db714df6c4748b31dd577a6823718ce9dbaae13,drat-trim,0.5,True,888.8,23:00:14,
2263,0,14,1,600.0,UNSAT,4.6,97294,7807785,,4b0b8eb7a442f58e18b34cd62e33c7b400b1f58a6899c79f7ab1ff40cef876db,drat-trim,3.6,True,888.9,23:00:14,
2289,0,14,1,600.0,UNSAT,1.8,41993,3039573,,c387306ffcac3e6502b925ac7998a77f025f1e188ddc06b632a05194f9360a47,drat-trim,1.1,True,889.2,23:00:14,
2290,0,14,1,600.0,UNSAT,1.8,42958,2859568,,b43f52cd21596e8cb553946ff0c902ee47f1a5101de39df187421caa9ff2dc51,drat-trim,1.3,True,889.5,23:00:14,
2286,0,14,1,600.0,UNSAT,2.8,61271,4375632,,09550e0230552a719f2d8c013abc9a4b2399746ba99a595684a6d713f896f076,drat-trim,2.0,True,889.5,23:00:14,
2283,0,14,1,600.0,UNSAT,3.1,68308,4997651,,8517867f1c80882b3e3d668e3f24d0f9b746ddf46d020c846b0a3c9084475cea,drat-trim,2.4,True,889.7,23:00:15,
2296,0,14,1,600.0,UNSAT,0.5,12940,885691,,3dc77ae9ab5f90feec562f624666f9542d72a8c3a6b7a67b602565343ebdc251,drat-trim,0.4,True,889.8,23:00:15,
2275,0,14,1,600.0,UNSAT,4.1,87156,6626617,,fd799eb99518ee8c456910e2dae6468890c47e14091fb5491ca67263a391bbbe,drat-trim,3.5,True,890.3,23:00:15,
2293,0,14,1,600.0,UNSAT,1.5,34478,2429444,,20ad2bb9f154dd424ca7795cd9a2eed4be97c9cd656861780f74997d1169f16a,drat-trim,1.0,True,890.3,23:00:15,
2300,0,14,1,600.0,UNSAT,0.6,13209,883356,,34512bde80452d98c5a1ad92e586a32de90fbb6f7acdae828a72f703095cbd0f,drat-trim,0.4,True,890.5,23:00:16,
2304,0,14,1,600.0,UNSAT,0.3,6899,356498,,321c4a5b18a0dee820d163011871be2bf41e98d57f1d8eed6009b81f9e80e688,drat-trim,0.2,True,890.9,23:00:16,
2277,0,14,1,600.0,UNSAT,4.3,91866,6408663,,f4a892af6bba4cd3d75b15d369710fc1c7b1d3ee829438648d1e5e4912f1581a,drat-trim,3.6,True,891.1,23:00:16,
2305,0,14,1,600.0,UNSAT,0.5,10650,674851,,f25199f8556d687c17e40cfc4fe0e8487e5d2e35950030fb46c76859e81f9851,drat-trim,0.3,True,891.4,23:00:16,
2279,0,14,1,600.0,UNSAT,4.4,91514,6718629,,97f6f59c54163dbc5ca139c6cbf68205627203a71247e46d2506f2e913be44bd,drat-trim,3.3,True,891.5,23:00:16,
2298,0,14,1,600.0,UNSAT,1.7,40458,2652739,,5daa68049c2142ffb0e8de7f782e901aa2d5cd3d409da9ff435f6018cffc601f,drat-trim,1.1,True,892.1,23:00:17,
2287,0,14,1,600.0,UNSAT,3.7,80793,5647904,,e37f51d4c58dd8f6447c869d206c44e91a8048bab1318e95532595efc65adf04,drat-trim,2.8,True,892.1,23:00:17,
2295,0,14,1,600.0,UNSAT,2.2,50857,3676052,,7b395fb709cd9857b67387adc334be8f37974a596d178ed0c4debf6c38c4dff4,drat-trim,1.8,True,892.5,23:00:17,
2307,0,14,1,600.0,UNSAT,0.9,18570,1477353,,b2a6b4365e15d2111a2241dfd0e2bc378a8290ad2c044caeaef66319c95818a1,drat-trim,0.6,True,892.8,23:00:18,
2306,0,14,1,600.0,UNSAT,1.2,27048,1866364,,a0a00ad8659c172dfbc51d3fe7a29698580d0092a381a3347477004bb6b1e00c,drat-trim,0.8,True,892.8,23:00:18,
2297,0,14,1,600.0,UNSAT,2.4,55882,3884463,,1c0b369630380b2b2343fd65df66369abb911184a4750de813b80b6a8585ee6d,drat-trim,1.7,True,893.0,23:00:18,
2312,0,14,1,600.0,UNSAT,0.5,11000,639427,,2fcbeb557a26e60855354a895efc7e4626f081b7c07bfcf6c36b4ec5a4d487a7,drat-trim,0.3,True,893.2,23:00:18,
2301,0,14,1,600.0,UNSAT,2.3,48506,3516478,,a4b568695d558feb662886533b37f006825975ab105b3450e3de432f1357c42f,drat-trim,1.4,True,893.4,23:00:18,
2309,0,14,1,600.0,UNSAT,1.5,35059,2446625,,4137bba1cf7050d916a20a55ddc44581e6215b51e5eba704c3e2cfcbd88ab164,drat-trim,1.0,True,894.0,23:00:19,
2310,0,14,1,600.0,UNSAT,1.4,31158,2151848,,8fe8f278a96e9458437b1fe3bb3753219b169b0a6e734cf6f6f92c16aa815284,drat-trim,0.8,True,894.2,23:00:19,
2314,0,14,1,600.0,UNSAT,1.0,24377,1657685,,e6bf955203901e814f2b6d5489408d0f2e5bb2ec18852401477b3c4ad1a9f05c,drat-trim,0.7,True,894.6,23:00:20,
2303,0,14,1,600.0,UNSAT,2.5,59073,4145541,,7aaa0667103edd1b0d52b8c3628d21f120b324d72ec16e434df959c66442d4ad,drat-trim,2.0,True,894.8,23:00:20,
2308,0,14,1,600.0,UNSAT,2.2,49695,3463013,,fac6175306761b9d151032277e95eb6547552a7cb129712ee9ea56f2a8c3c9a2,drat-trim,1.3,True,894.9,23:00:20,
2313,0,14,1,600.0,UNSAT,1.7,44339,2749336,,9185ea3f1c77c267f6cc5d1c03d83278ec7866b54c6f0b592842dad9f1ab4f83,drat-trim,1.1,True,895.6,23:00:21,
2315,0,14,1,600.0,UNSAT,1.7,41228,2699220,,5f8d051e53fb90371623b0b3854f0803e60b40be9f66b8605a4e5e5c07a271b5,drat-trim,1.1,True,895.8,23:00:21,
2320,0,14,1,600.0,UNSAT,0.8,18237,1437501,,8faeec5269c03ee56f237fa1a007b3b07ac0a1bd1377708d66898f1416339c36,drat-trim,0.5,True,895.9,23:00:21,
2291,0,14,1,600.0,UNSAT,4.9,111617,7426250,,dd82444905d64b3f5c57bfca99701773d50880585dd6e15a98d45d51a1ccc3ee,drat-trim,4.0,True,896.0,23:00:21,
2321,0,14,1,600.0,UNSAT,0.9,18719,1571515,,1b84beed5c1bd37ec412d2236613cc2bc89d1c01b904f463f41e541b451e9bac,drat-trim,0.5,True,896.2,23:00:21,
2311,0,14,1,600.0,UNSAT,2.4,57156,3697729,,9c0cbf9ad9604aa6e8d01fd2c4b53874ebc457332a266239a95d01e374c22b03,drat-trim,1.9,True,896.4,23:00:21,
2302,0,14,1,600.0,UNSAT,3.6,78618,5335321,,f77e206ad3f5fee850f9ca91f01c704ea23874e01b5c867da8c94da3535eff3d,drat-trim,3.1,True,896.5,23:00:21,
2318,0,14,1,600.0,UNSAT,1.5,35752,2488866,,bdfdb751e5d2f33d838259c065bf16b2e05fd496bff4c54734758665a553d9bd,drat-trim,1.0,True,896.5,23:00:22,
2328,0,14,1,600.0,UNSAT,0.5,10296,563736,,9d7584286a1c94be0b6595b12c1b5d3df97d1f75710197d95fbbf772d6194205,drat-trim,0.3,True,897.3,23:00:22,
2323,0,14,1,600.0,UNSAT,1.2,29980,2067894,,3ba907c75678d0cf7e97ea99db15bffa930a766bc5e6660c51cec8c6817caa1e,drat-trim,0.7,True,897.5,23:00:23,
2299,0,14,1,600.0,UNSAT,4.6,96927,7090613,,1010d04beb383e8a247986a3ad1b7a15235c9b9baa7a9c04ed6eb8eb9fe85fab,drat-trim,3.7,True,897.8,23:00:23,
2316,0,14,1,600.0,UNSAT,2.8,63816,4159937,,b1ca8318c5b5d4c73b66f5beb24cba5910328aeee538e6f75ad289a36a5c5f92,drat-trim,2.0,True,898.0,23:00:23,
2329,0,14,1,600.0,UNSAT,1.2,29489,2071926,,755e9366cf2786753a6339d07e62707c62f5eb6344c66fde92041bf530e1cc06,drat-trim,0.8,True,898.6,23:00:24,
2317,0,14,1,600.0,UNSAT,3.1,69024,4866530,,adc8247d5837f19ab32b908606505580d905af3603313f54fa2616e5cb88098f,drat-trim,2.2,True,898.8,23:00:24,
2322,0,14,1,600.0,UNSAT,2.4,58256,3802173,,d7113749329b659c42c67f4a3eccdab76fa33106b7fc97850e95aa0e77566851,drat-trim,1.6,True,898.8,23:00:24,
2330,0,14,1,600.0,UNSAT,1.6,37249,2405452,,49dd5839860098e90afcb3d68ec67c5be7e90fb8ce0f54c5c53ba9f85da8f077,drat-trim,1.1,True,899.2,23:00:24,
2325,0,14,1,600.0,UNSAT,2.1,47086,3222794,,feb351a6e1ee4b16f186e00976b667798a3f7dc66d59faaaf0e0f052d5265572,drat-trim,1.5,True,899.5,23:00:24,
2331,0,14,1,600.0,UNSAT,1.4,32987,2245685,,4fe9933586ead5ae9412cdc0157304c79070e2a595a33be0e3e4c2690a793818,drat-trim,0.8,True,899.5,23:00:24,
2326,0,14,1,600.0,UNSAT,2.0,47916,3331883,,180d1b514e0cdff25b7ed362249d962260ef58aa1f6d8f553919cf4443152cfe,drat-trim,1.5,True,899.5,23:00:24,
2294,0,14,1,600.0,UNSAT,6.2,131864,9171932,,fff2a85382fa12079dfbf79742eb7315ec5badb5200a09a9de5ddb9fa818002b,drat-trim,5.6,True,900.1,23:00:25,
2324,0,14,1,600.0,UNSAT,2.6,64902,4289722,,1db582c0635321058d09ad350190ff9fe1662064f64ac3176a795f78a5c76a0e,drat-trim,1.9,True,900.3,23:00:25,
2333,0,14,1,600.0,UNSAT,1.7,40264,2610776,,b9c88cbdb4eb83f09f3fea0967794176a3a72381c2298d86508bdf764d11e63b,drat-trim,1.1,True,900.6,23:00:26,
2332,0,14,1,600.0,UNSAT,1.9,46502,3115298,,2762167f38494506b0bf8d135e39406255ec6ed9476ca5b9c9c47669c9207bc2,drat-trim,1.3,True,900.8,23:00:26,
2319,0,14,1,600.0,UNSAT,3.7,86464,5622975,,57b96165039c5531abd12d19ca5fd78eed6e130d62b02e0a645a6607bedfc7f3,drat-trim,2.9,True,900.9,23:00:26,
2336,0,14,1,600.0,UNSAT,1.7,41951,2883367,,353687daf190fc946f653e723421a2ae77c34a228834e1918bb204128638eeca,drat-trim,1.2,True,901.6,23:00:27,
2335,0,14,1,600.0,UNSAT,1.9,46873,3269323,,17c581f6fff40be1b7091cb9e2c88f0165906d2b46f24d49f5d5d9c8a013b4cd,drat-trim,1.3,True,901.8,23:00:27,
2345,0,14,1,600.0,UNSAT,0.6,12922,918404,,772323231b9fb68dd86782a40960ba2259eef147afd81ea99c313309c65f2f82,drat-trim,0.4,True,901.8,23:00:27,
2340,0,14,1,600.0,UNSAT,1.6,40457,2586849,,36c3db99b315aa97d6ed64469377186ee13a6f7fcfc35a1ec8c5b8c56ade6c2f,drat-trim,1.1,True,902.2,23:00:27,
2344,0,14,1,600.0,UNSAT,1.0,26402,1659746,,f99de2a187e7409328ae204375d33d7fd956460bace1e1055b552c6c02f15281,drat-trim,0.7,True,902.2,23:00:27,
2327,0,14,1,600.0,UNSAT,3.4,76432,5151680,,260f6205774532862185ab2067c422dbc95b3abeb1be45e90b2abb0d99768540,drat-trim,2.6,True,902.3,23:00:27,
2334,0,14,1,600.0,UNSAT,2.6,59686,4174627,,abf57fe9a27e159e4b30371986428ca958314ac83e4cedd21b989f06006a3349,drat-trim,1.8,True,902.5,23:00:27,
2349,0,14,1,600.0,UNSAT,0.7,14782,1196462,,5a6b65b7a51fdec1ab810b962fe402618c87ccd1736c56ce3b6263e52f3ef32b,drat-trim,0.5,True,903.0,23:00:28,
2338,0,14,1,600.0,UNSAT,2.3,54622,3647383,,4a794dccc395f1ce13100861e4e76669adb419fb0dcc0ab185b7d9ea06631b6d,drat-trim,1.7,True,903.2,23:00:28,
2352,0,14,1,600.0,UNSAT,0.6,12883,765989,,0b778746b72c4913688f74daf14019b21b0644aed37a5fbb2643aa01b6eae365,drat-trim,0.4,True,903.2,23:00:28,
2348,0,14,1,600.0,UNSAT,1.1,26639,1857266,,aea0224543cf9d0bad65085af9f895218bcd2c614b58252cc950b2e9e6f2c44c,drat-trim,0.7,True,903.7,23:00:29,
2353,0,14,1,600.0,UNSAT,0.7,18063,1313680,,24ba5b61e0fc0a62c40a54eaa4b0cf135f62c2835f49ace0bca2d300d4b480e3,drat-trim,0.6,True,903.8,23:00:29,
2342,0,14,1,600.0,UNSAT,2.3,54441,3813450,,0d9c2136e2095754c67b021d006e5434511045f70d4103d8d0718962e2a6ea93,drat-trim,1.6,True,904.0,23:00:29,
2341,0,14,1,600.0,UNSAT,3.1,66883,4481140,,fa366ed5ba3f58eccf721eee78fb352d7d4a422d7b840a3f314e2a521e18268c,drat-trim,2.3,True,904.9,23:00:30,
2354,0,14,1,600.0,UNSAT,1.1,27959,2043530,,cefe755399411b56eb0f8b7074cbf443e0634b0816ac1c0fdcc76e8650ddac67,drat-trim,0.8,True,904.9,23:00:30,
2357,0,14,1,600.0,UNSAT,0.7,17786,1347302,,673c08613059a4dd0afc38cb4db8606647525b3aa8747ac5642755638b0d6b6f,drat-trim,0.6,True,905.0,23:00:30,
2346,0,14,1,600.0,UNSAT,2.7,63381,4135054,,6f446f485203de0b9dd7c9a30c081dd131ff615d2595e548e91eb49d75f5beca,drat-trim,1.9,True,905.5,23:00:30,
2351,0,14,1,600.0,UNSAT,1.9,45610,3228269,,5ad870e04367256fdb0bb42ee6fb42b8e477fa2294e2c5b48b3785b67c28be18,drat-trim,1.5,True,905.6,23:00:31,
2339,0,14,1,600.0,UNSAT,3.6,83499,5592602,,c041640931393f144a75b31f19fe37a00a7ea0c5be5a468a41fbdb4a7a3101db,drat-trim,2.7,True,905.8,23:00:31,
2355,0,14,1,600.0,UNSAT,1.6,35870,2643145,,4356ab1dfab9ea5544e00ba0a6efb33309152f59ac59670ee68450a0ee30e194,drat-trim,1.1,True,905.9,23:00:31,
2356,0,14,1,600.0,UNSAT,1.6,40175,2518844,,629caea6ea9935d5fd72d72332bdc3517ae09c2f2fc852c3d6f4d83241833af4,drat-trim,1.1,True,905.9,23:00:31,
2361,0,14,1,600.0,UNSAT,0.6,13858,926503,,538e41f12b76e35e3c560662e4af42ad9abec3181f48caedf4d35cf232ac4cf0,drat-trim,0.5,True,906.0,23:00:31,
2347,0,14,1,600.0,UNSAT,2.4,57791,3666403,,2ccbd38f49af1c91a44b533b2eb043b80a0700cacf29b273e674517d3e9c2683,drat-trim,2.0,True,906.2,23:00:31,
2360,0,14,1,600.0,UNSAT,1.0,25434,1729609,,98f49190a08353a1e6adba3ba4b299d8d4d45acf818325f8359ebfdadf4ff899,drat-trim,0.7,True,906.6,23:00:32,
2337,0,14,1,600.0,UNSAT,4.5,95460,6586747,,608e4fbcc3e9c8205e4db35c7d1ddd7a2610f1d446cd06753a1361827c14e923,drat-trim,3.5,True,906.9,23:00:32,
2368,0,14,1,600.0,UNSAT,0.6,12798,745376,,0c5c3f4d08cff26415aaf41531f7c662c84ae7216f91203f6126bcda9b8bdcf4,drat-trim,0.4,True,907.0,23:00:32,
2365,0,14,1,600.0,UNSAT,0.7,17592,1363787,,5ecc3cb5d3f81399fa9ce708de1a2440dd6dc7a5ed78678b6eb34aa2770779c7,drat-trim,0.5,True,907.0,23:00:32,
2364,0,14,1,600.0,UNSAT,0.9,21454,1431373,,ca06fffb2535b14f3493979489fbd2cf35f3ea1af6e2c1798ac500aad57be310,drat-trim,0.6,True,907.1,23:00:32,
2350,0,14,1,600.0,UNSAT,2.8,63841,4439868,,de06d688124ec97190596c2a5ab13987a29a3332fcc94a8d507720587267175e,drat-trim,2.1,True,907.1,23:00:32,
2358,0,14,1,600.0,UNSAT,2.1,48055,3305402,,1c21bfd221b4ad8a58602edd65bfea45063066ef6b05f99426aeda3948aeec10,drat-trim,1.3,True,907.1,23:00:32,
2343,0,14,1,600.0,UNSAT,3.8,88319,6114542,,445a2bd49e99bebaac89b9f37ebd8b0c943b452fe026d6b28c3f05de13dad7db,drat-trim,3.2,True,907.3,23:00:32,
2359,0,14,1,600.0,UNSAT,2.2,48472,3871030,,55339debc039877c82ae133d2ae1251ac7ccd6632428e1decdee1f74510816fc,drat-trim,1.1,True,907.3,23:00:32,
2369,0,14,1,600.0,UNSAT,0.8,16458,1203456,,bb2174a87667b2035edec84f6c303d22b795a6674e911b441781da8215df3c73,drat-trim,0.5,True,907.5,23:00:32,
2370,0,14,1,600.0,UNSAT,0.5,12762,792181,,a26230ed0f37d9e9fcf7c0d43d3763bb1f839873406707f676469d8d575da976,drat-trim,0.4,True,907.6,23:00:33,
2377,0,14,1,600.0,UNSAT,0.4,8739,452127,,cbc04a3cc4725abc2490d2a08a7116d05ff4165628e15e7ee949ee62009ba52b,drat-trim,0.3,True,907.9,23:00:33,
2376,0,14,1,600.0,UNSAT,0.4,9946,729145,,217a4bd7283425f2c02a1692e01822edcdcb6e4e9d2e0b18291c96d4c59da3eb,drat-trim,0.3,True,907.9,23:00:33,
2371,0,14,1,600.0,UNSAT,0.7,15471,1320586,,eaa5749d6159e798129209a726d8c3c984195737a0e5fbf1c41621456d33a230,drat-trim,0.5,True,908.1,23:00:33,
2378,0,14,1,600.0,UNSAT,0.6,14031,774016,,87fb89352155f77bff9ada650ecaef9b61c33f7f9f36dbcbed09028ae43fe69a,drat-trim,0.4,True,908.4,23:00:33,
2362,0,14,1,600.0,UNSAT,2.2,51685,3650727,,015f520ea040d676a14611a5040af9d60e7d293e585ff86dba6788fc26da0cd4,drat-trim,1.5,True,908.6,23:00:34,
2384,0,14,1,600.0,UNSAT,0.4,8985,798198,,a5e6470e549fcf0733eebca911b1a9479c42436aee4237158e36b0d39be57689,drat-trim,0.3,True,909.1,23:00:34,
2363,0,14,1,600.0,UNSAT,2.1,53301,3507944,,eaf6e819797eab10473f3b923f63ca53039e5d1aec9298c135bb10bbe5af5ce3,drat-trim,1.5,True,909.1,23:00:34,
2367,0,14,1,600.0,UNSAT,1.9,46180,3305444,,d5ba13405d0062177b6a375f970446a6a974b114d3029db75a114aaad63c68d8,drat-trim,1.3,True,909.2,23:00:34,
2385,0,14,1,600.0,UNSAT,0.5,10555,683036,,0b4f7db26bd30f22aa8e89f3bdc64b46654e3fd081c588c2dc1708f81646c947,drat-trim,0.3,True,909.5,23:00:34,
2379,0,14,1,600.0,UNSAT,1.4,32456,2211339,,0e1b49d2290a69b752dd9cc33cafd3c3a057992435e9c52c0efcb16106bdca92,drat-trim,0.9,True,909.7,23:00:35,
2372,0,14,1,600.0,UNSAT,1.6,39864,2600272,,4395e0ed4deea53e5586579eef3683bc30b6fcb941474c5b2acff81840846c18,drat-trim,1.1,True,909.7,23:00:35,
2366,0,14,1,600.0,UNSAT,2.4,58682,4240775,,698a1d216b2de03dee784dd9c17037854421d721180157175cce694e58fab2dc,drat-trim,1.6,True,909.9,23:00:35,
2382,0,14,1,600.0,UNSAT,1.2,30102,2120191,,514bb3cfb7217d511fd1b0a21e9ef818ea8e637b892dea8cec369932879db9ff,drat-trim,0.8,True,909.9,23:00:35,
2386,0,14,1,600.0,UNSAT,0.5,9390,870776,,38a0be9460aa229b78b0e6c4f2e272f389934732148e389b1b319b4ba63cfe8f,drat-trim,0.3,True,909.9,23:00:35,
2387,0,14,1,600.0,UNSAT,0.5,10734,658046,,742da8f12e32e22387727f5042614bdb2b76f5fdf6a36d2145f325210e4076e2,drat-trim,0.3,True,910.0,23:00:35,
2373,0,14,1,600.0,UNSAT,1.9,46249,3052467,,996156c43ae29da7fbc054c61a3a9f1910b9b01cbfac19558fa5ac73dc4aaabb,drat-trim,1.3,True,910.3,23:00:35,
2374,0,14,1,600.0,UNSAT,1.9,47317,3237864,,387f0a86c156fd5be367a3cd8e3bcb2fc7e7b30f8e63439792cff8efb960d7f0,drat-trim,1.4,True,910.4,23:00:35,
2394,0,14,1,600.0,UNSAT,0.4,8460,468473,,77f11f65c337ba744dcbba85cf4a7e5cb089972f64b06f6989af3f1738340a7a,drat-trim,0.3,True,910.6,23:00:36,
2392,0,14,1,600.0,UNSAT,0.5,9279,606218,,a0c73f9909145b5b9dbed0a55762da6ef73857409f53585bc0c69fc85ef559ac,drat-trim,0.3,True,910.6,23:00:36,
2383,0,14,1,600.0,UNSAT,1.5,37237,2472861,,d547affc3075d34dabf27759c347c6e21b82b582736c1609856275cc489b659c,drat-trim,1.0,True,910.7,23:00:36,
2381,0,14,1,600.0,UNSAT,1.6,41955,2883667,,7c6c685be7411329446782796dd65a9bcc66d04fd007a7ddf8a55e8838d0977d,drat-trim,1.2,True,910.8,23:00:36,
2393,0,14,1,600.0,UNSAT,0.5,12341,877638,,bfc757bd0c6733be00fccaf3a1b7e06fb555cba515eb0aa7774adab26e1cb9c4,drat-trim,0.4,True,910.8,23:00:36,
2380,0,14,1,600.0,UNSAT,1.9,47704,3159055,,54705b53fe84cdb5656048cdcbc4e792cfdfba3f001db8300dcd7d3c0ccf31cf,drat-trim,1.4,True,910.8,23:00:36,
2395,0,14,1,600.0,UNSAT,0.6,13446,992411,,1b4c0cbc72c1f9a6d86fba46311d3cc1e9f93ed7f8334f1ff66e03b26b67780d,drat-trim,0.4,True,911.0,23:00:36,
2402,0,14,1,600.0,UNSAT,0.3,6135,373646,,2bfbb3a924fb631e073a76c39c068a2c015e532eb764b0b2759524de70ba1998,drat-trim,0.2,True,911.3,23:00:36,
2403,0,14,1,600.0,UNSAT,0.3,8163,427826,,c4b21617afbb1c3cc1473cacd32cdc933240b136bbe097be4e305dcc73124627,drat-trim,0.3,True,911.4,23:00:36,
2390,0,14,1,600.0,UNSAT,1.1,26726,1710051,,772b5ad5993a626fe6322c2a6e87467bc6e8943bbacc1bbf809a63ad3cf202ce,drat-trim,0.7,True,911.5,23:00:37,
2391,0,14,1,600.0,UNSAT,1.2,26500,1776035,,b402c3531b9e01b6f370ce93438b55461102521a41b8d73a20bd019a97e50179,drat-trim,0.7,True,911.6,23:00:37,
2400,0,14,1,600.0,UNSAT,0.6,14144,806627,,f3fa382c6bcf4917b8cc07f6a9e02f3953a40fbff0b66ea36a45bfef854eed47,drat-trim,0.4,True,911.8,23:00:37,
2401,0,14,1,600.0,UNSAT,0.7,16804,1288042,,5305e8e6097c1bccb6d015b96d0853716c6189e9adc74b10a4f6a48e748706e0,drat-trim,0.5,True,912.0,23:00:37,
2388,0,14,1,600.0,UNSAT,1.8,43727,2853848,,02bb8140ce1624475b36ad7248c701b7eebb659fd9c27fbbae28d6acd4ba61bd,drat-trim,1.2,True,912.2,23:00:37,
2398,0,14,1,600.0,UNSAT,1.1,27698,1938710,,11cc4964216b2cb2af8e57d538e50b667fa49c6ee35f919a47d753268105d84c,drat-trim,0.7,True,912.4,23:00:37,
2375,0,14,1,600.0,UNSAT,3.1,73669,5163679,,2ea264a8f6f71e511249590f2f6a257120f0c5c7af290759adb3bb81f1d7429b,drat-trim,2.1,True,912.4,23:00:37,
2409,0,14,1,600.0,UNSAT,0.4,8797,456183,,9bbd364f4a38ad746b34cdf35384d391bb68b16bf99e7b69801d7997ed7f1736,drat-trim,0.2,True,912.4,23:00:37,
2408,0,14,1,600.0,UNSAT,0.5,12522,814301,,efe0c0c83297d2a6b5283418d509d9d2ca86baccf7f31f8e2a540e1cc849ebd9,drat-trim,0.4,True,912.5,23:00:38,
2399,0,14,1,600.0,UNSAT,1.1,28569,1918549,,342977070ed6544adaf2a3ea61d3e655455036a4ee4ce4a858bc988aa9457b2e,drat-trim,0.8,True,912.6,23:00:38,
2406,0,14,1,600.0,UNSAT,0.9,20997,1543449,,77fee0d691b6f39cfcad33ce33cff2d10de02eeb93e7b6029f25373923846f34,drat-trim,0.6,True,912.9,23:00:38,
2404,0,14,1,600.0,UNSAT,1.2,31003,2104591,,676983b7d0fdd884cbdeb33c91f51be6ff1baff469a29335d6888b0903ab25bf,drat-trim,0.9,True,913.1,23:00:38,
2410,0,14,1,600.0,UNSAT,0.7,17114,1178505,,c9515c782e2a14bb910b980acddae248c704237a470778e36deee7de7ace58ef,drat-trim,0.5,True,913.4,23:00:38,
2416,0,14,1,600.0,UNSAT,0.5,10779,814212,,98ef5c1f11a4872977fe381afe686803ef4c21b36fe73d5132b7e70c01d93a67,drat-trim,0.3,True,913.4,23:00:38,
2417,0,14,1,600.0,UNSAT,0.3,7526,473038,,2ef0fda350b6aa788381bd313a9659a6bc620cb74cf494d08bfeff83c7cf3d3c,drat-trim,0.3,True,913.5,23:00:38,
2389,0,14,1,600.0,UNSAT,2.5,60970,3978685,,9688ac9bfec36452eda874779698d6ba191e1a5c4397027ab2505440de3c008b,drat-trim,1.8,True,913.8,23:00:39,
2411,0,14,1,600.0,UNSAT,1.1,30847,2022014,,289d7636404ec1ed3bd8c2817d9cb7de03c928ce640a9eb1433261e914693a15,drat-trim,0.7,True,914.0,23:00:39,
2419,0,14,1,600.0,UNSAT,0.4,9204,694522,,92a361022542cce681c3fad02a9970b516f4088745e787eb0293deae19c1c782,drat-trim,0.3,True,914.2,23:00:39,
2412,0,14,1,600.0,UNSAT,1.3,29949,2113885,,74196e8f6cab5ccb158e338ed5f2943d329d6b036abe60391ab7e35ff3224b1a,drat-trim,0.8,True,914.5,23:00:39,
2407,0,14,1,600.0,UNSAT,1.8,42349,2924004,,398dbe867d747a39fe003e48ce8a4b1be0fe87f30fdb8620f3a4fd821c84b8e2,drat-trim,1.2,True,914.5,23:00:40,
2396,0,14,1,600.0,UNSAT,2.5,60020,4041204,,5512fafa68f062e7b33851e1215bf46f987dd9f07912539cae932dd45c3153ce,drat-trim,1.9,True,914.7,23:00:40,
2397,0,14,1,600.0,UNSAT,2.6,63897,4136528,,2c100303885d3829386e44587a5344490a3368c5253c837c2785783a341f5c71,drat-trim,2.0,True,914.9,23:00:40,
2424,0,14,1,600.0,UNSAT,0.5,12678,802920,,52053536941a4085c2b6e3601e6376054668c7dabdaf066a9a94989ad4ebd1d6,drat-trim,0.3,True,915.0,23:00:40,
2405,0,14,1,600.0,UNSAT,2.2,52083,3337134,,1aa537c6509a5ff5f9e76c397c28fbebe7dcaa6b0330249119de9ccd3ebfc857,drat-trim,1.6,True,915.1,23:00:40,
2418,0,14,1,600.0,UNSAT,1.2,30003,2076392,,241783704f718fa41280c51b09ecce839b25737961179b570ad7cf423c5300dc,drat-trim,0.8,True,915.1,23:00:40,
2413,0,14,1,600.0,UNSAT,1.7,40695,2588545,,74c3a32489c2f8b00499261dc28ca54d7727582c40fbe91fae3536573b11d49e,drat-trim,1.1,True,915.2,23:00:40,
2425,0,14,1,600.0,UNSAT,0.4,9789,707545,,9a4a948c24741ff5fa7018b0ba6fb45c7b24f9472e8012d290a4f54f14352730,drat-trim,0.3,True,915.2,23:00:40,
2414,0,14,1,600.0,UNSAT,1.9,46249,3085913,,1933e0b75f14e90f4a98ed9e38d9afa24f6e7e38fa14a44164b6f9cc3f6e0d1d,drat-trim,1.4,True,915.7,23:00:41,
2432,0,14,1,600.0,UNSAT,0.3,8240,451450,,380087450869d6ac5384204d5102f5fee9d10d1c937ded603831df9400d68674,drat-trim,0.3,True,915.7,23:00:41,
2433,0,14,1,600.0,UNSAT,0.3,8878,501789,,368d81b6081da3b8f4c7c4a06d2e1bff76c02c8b5686642f0a92b4ec5f1e962b,drat-trim,0.3,True,915.8,23:00:41,
2434,0,14,1,600.0,UNSAT,0.2,5094,285273,,2b58bce58efcd21a60024865d26ccab566e18d471f4b23e56888fa2d88fe66a9,drat-trim,0.2,True,916.1,23:00:41,
2427,0,14,1,600.0,UNSAT,1.0,26270,1661718,,28a06f4ef60d4b05b2a4809af4d75b334a0b9bcdc879bc24c1ae6edc823207bf,drat-trim,0.6,True,916.3,23:00:41,
2426,0,14,1,600.0,UNSAT,1.1,29408,2003950,,10c90f71555e6c76b7b8914996425da71df807c3cd7c270e1b7849dd0408c093,drat-trim,0.7,True,916.4,23:00:41,
2435,0,14,1,600.0,UNSAT,0.4,9051,750041,,30be58f927f9d013ec97e0920526985d14b28f5e00965b041a644d4ac2ac1dd7,drat-trim,0.3,True,916.5,23:00:41,
2421,0,14,1,600.0,UNSAT,2.1,50512,3557675,,8619bc94bd9c57e940de3ff0a348171ae01a7e23524d3dc157c617463d892330,drat-trim,1.4,True,917.1,23:00:42,
2440,0,14,1,600.0,UNSAT,0.3,7450,479947,,730751e9a12ca843fb1ca3a5d5186594c84f90b1317cc0cafeea77e09db13406,drat-trim,0.3,True,917.1,23:00:42,
2415,0,14,1,600.0,UNSAT,2.9,67911,4461806,,cf77d30d8f78b847eac37ec2799c4ce73841fb7195102e117fa464286e43b246,drat-trim,1.9,True,917.3,23:00:42,
2420,0,14,1,600.0,UNSAT,2.4,57721,3918649,,f0c0d676a09ec2de0434649e43c5c8834754d648887e9fef64542df432da2619,drat-trim,1.6,True,917.4,23:00:42,
2438,0,14,1,600.0,UNSAT,0.6,14348,892169,,32c736959213db3cb4cee88faa72489e89cd8a5337ece3682821a3eb45c98f23,drat-trim,0.4,True,917.4,23:00:42,
2442,0,14,1,600.0,UNSAT,0.2,4837,264729,,9b604562c935b463682a20e3fb6971d26d65903b655cecd30dfcc13cf564e558,drat-trim,0.2,True,917.5,23:00:42,
2439,0,14,1,600.0,UNSAT,0.7,16322,1185410,,b1a6a0b5a17589983b73dff9178830da0c7c8b8d7eeaf00dd6e6a2c5ff09ac56,drat-trim,0.5,True,917.6,23:00:43,
2428,0,14,1,600.0,UNSAT,1.7,43503,2830536,,a2a138e4f33506c34288b06333425e87c4fbb628488f89a2512c94ab58e3caa9,drat-trim,1.0,True,917.6,23:00:43,
2436,0,14,1,600.0,UNSAT,1.1,28562,1933235,,501767f1fdce6458c3fee7dd76fc2c38066256eabc14a2f6b8db95f26ec7f6e4,drat-trim,0.8,True,917.7,23:00:43,
2441,0,14,1,600.0,UNSAT,0.4,9599,743213,,f4fdb1dfc3f6ded74741ba45416e6c9054d94cf86f42bab2e1a46444dad3a067,drat-trim,0.3,True,917.8,23:00:43,
2423,0,14,1,600.0,UNSAT,2.3,51537,3817989,,f35e6fb09e389af3aebe55573289033b3fb3e7e617f79d721ef27e2d92250633,drat-trim,1.5,True,917.8,23:00:43,
2448,0,14,1,600.0,UNSAT,0.3,6653,359270,,3c2d76cc4493f4bfdbbe9441853f5864e29721e617763c2a1b2df5dd72bc5c26,drat-trim,0.2,True,918.1,23:00:43,
2443,0,14,1,600.0,UNSAT,0.4,9594,870913,,77adb26247ab9570dfb5da903090b85fc42004a222c5f0235e8bc9265f147013,drat-trim,0.3,True,918.2,23:00:43,
2430,0,14,1,600.0,UNSAT,1.8,45403,2933339,,c557bce24729aaba46b39ee0868199eebe90612a6ced9795e9e0979782d1af2e,drat-trim,1.3,True,918.2,23:00:43,
2451,0,14,1,600.0,UNSAT,0.3,8799,482588,,958514d093680fc0dd5bb7bee80b591d0aa4b1768ce4e3164b1b36bff31cd199,drat-trim,0.3,True,918.4,23:00:43,
2422,0,14,1,600.0,UNSAT,2.7,65786,4491601,,e55e43c683c7b3cdfcb8f202a692c9380a11725c96136c9b1b0f50f8ad38d0ce,drat-trim,2.0,True,918.4,23:00:43,
2450,0,14,1,600.0,UNSAT,0.5,10962,760896,,e9d5e4e3c716be722e808421547b05ec71bf88a1798b5edd510094a2bebe5c70,drat-trim,0.3,True,918.6,23:00:44,
2446,0,14,1,600.0,UNSAT,0.7,17821,1340235,,0213e6c0ecaaab4af6235d0a5159e3dfa0c246e3be4f35c42036196a70847482,drat-trim,0.5,True,918.7,23:00:44,
2447,0,14,1,600.0,UNSAT,0.7,16286,1286565,,44d55434c35b479e640744a7d283323b271c0c6e5e3394b55117efb441562fb7,drat-trim,0.5,True,918.8,23:00:44,
2449,0,14,1,600.0,UNSAT,0.7,15927,1219776,,14f1fbad0af5ac4abbcfeb141aa0cbe7b1c2c61229b62eb0e939223bf78846d6,drat-trim,0.5,True,918.9,23:00:44,
2429,0,14,1,600.0,UNSAT,2.3,57532,3715589,,dfef9c894cbe63944aa33dbe7a82ea78b6a80ffce83400a15dbbcf3bbeb0ef65,drat-trim,1.5,True,918.9,23:00:44,
2456,0,14,1,600.0,UNSAT,0.3,6588,360925,,04a2be4488d7d74e3ae05c2a4235047538f3ddcdf7852523e8c27b3aa86c8559,drat-trim,0.2,True,919.0,23:00:44,
2457,0,14,1,600.0,UNSAT,0.3,6824,373671,,1a55a860df6562b2ee257b7c38c5d7215011fe0aa813c19f9bac64265fb185c4,drat-trim,0.2,True,919.1,23:00:44,
2431,0,14,1,600.0,UNSAT,2.5,58263,4255439,,9b22b9f4eefeaf2dcba06b27071c83e1d1007c030243dfa38e498b39e68ebcf7,drat-trim,1.5,True,919.2,23:00:44,
2437,0,14,1,600.0,UNSAT,1.8,44239,2891759,,96d2d4a19c8ccefc3f23d6e96887867bc967bacf8e2f8f0d394641774a178cb9,drat-trim,1.3,True,919.2,23:00:44,
2458,0,14,1,600.0,UNSAT,0.3,7988,436808,,f44ebf1ff913365bbab42b8afd60614dfa96207c9023f7fdbb6a61d666e3f601,drat-trim,0.3,True,919.3,23:00:44,
2445,0,14,1,600.0,UNSAT,1.1,29627,2209163,,89fe4ec3609d47b95a9fa8f087623f7604ccfa9c161a84e1f37f7c171d9eb943,drat-trim,0.8,True,919.3,23:00:44,
2459,0,14,1,600.0,UNSAT,0.3,7215,450474,,1b6e71b2d82f2d07fc220c48eb3f4253773e546bd14dac81f1c0587897efd0e8,drat-trim,0.2,True,919.4,23:00:44,
2464,0,14,1,600.0,UNSAT,0.3,7937,435279,,9bffb6aee3ec42ba39a201e286ea6ced1bbcd86174e925329fb8985fb5269220,drat-trim,0.3,True,919.8,23:00:45,
2466,0,14,1,600.0,UNSAT,0.3,5782,383067,,bd29a43116e0b2ab9c9f4ded93b0745739af7a40c63260906435d408359eed42,drat-trim,0.2,True,919.8,23:00:45,
2465,0,14,1,600.0,UNSAT,0.4,8803,549342,,ae586a14cfecfc532b851f44187fb1bb67468045ee18792499139c9b6d9b809d,drat-trim,0.3,True,919.9,23:00:45,
2467,0,14,1,600.0,UNSAT,0.4,8430,458343,,ac3d959bfa3b6411c594038811a78355a4e6c3448ed4b6d72bc6057c271f7a59,drat-trim,0.3,True,920.0,23:00:45,
2444,0,14,1,600.0,UNSAT,1.5,36917,2564046,,5cb5765e8d6f1dd9bafb43c36eecb62a81b97e9d01dad8c0c7d206ef9ee5dc92,drat-trim,1.0,True,920.0,23:00:45,
2452,0,14,1,600.0,UNSAT,1.2,31171,2177376,,4b08bba92218595e9f63262632bd16984715876b87eb0bda85d73d7c88f2f39b,drat-trim,0.7,True,920.1,23:00:45,
2462,0,14,1,600.0,UNSAT,0.8,18453,1428765,,753c7a9abfecf6fd7e338294df1aa0591c23283450c42212aefed4d53da73614,drat-trim,0.5,True,920.2,23:00:45,
2463,0,14,1,600.0,UNSAT,0.7,16803,1241107,,005d4a78351366b8e117384fea4ae35e1141ad1be1403739a777390b976b2b63,drat-trim,0.5,True,920.3,23:00:45,
2461,0,14,1,600.0,UNSAT,0.9,19227,1487714,,405b79f7a66400626b36f94f0b95a3d13b25c8f2b0a32a4db954d8bb6e5aebe6,drat-trim,0.6,True,920.4,23:00:45,
2474,0,14,1,600.0,UNSAT,0.2,5122,312618,,df7ba8b9234b4118c1feed24e496987169cbbf37bad1fce328ec024608be6d38,drat-trim,0.2,True,920.5,23:00:46,
2454,0,14,1,600.0,UNSAT,1.4,33674,2319951,,961a6d403dcf0d4e05c937f7e2fffaa8e29ae3c960e2a1330e1bb10bb8cc7406,drat-trim,0.9,True,920.6,23:00:46,
2472,0,14,1,600.0,UNSAT,0.4,9795,749774,,6312d3df7c9528dcd6a7c497d234eb3baa57eeaef3d5efa7bd46dabe653185fc,drat-trim,0.4,True,920.8,23:00:46,
2460,0,14,1,600.0,UNSAT,1.2,31285,2517076,,b38c4b1352906278839ac98952cb8048bc3e5c521a0725ebc45f92fa17736797,drat-trim,0.7,True,920.9,23:00:46,
2473,0,14,1,600.0,UNSAT,0.5,11625,634358,,ddfa983e3daebec02e0d33e557bf92991f6263231febcf3425a0752f6c00c739,drat-trim,0.3,True,920.9,23:00:46,
2475,0,14,1,600.0,UNSAT,0.5,11772,723501,,49546b45e035a0aee7923517e3207ccde4093ee18bc493ba522444164b25bcf2,drat-trim,0.4,True,921.1,23:00:46,
2471,0,14,1,600.0,UNSAT,0.7,15675,1229740,,a6f846fb9c55279437fac6164879e1e970f54db95d3464a98a1843912a52c7ec,drat-trim,0.5,True,921.1,23:00:46,
2470,0,14,1,600.0,UNSAT,0.9,18870,1493513,,4d316abba844d7215f7f974c31aa6e1eacc56f8b6cb44e0f2c5e96819e2d146a,drat-trim,0.5,True,921.3,23:00:46,
2480,0,14,1,600.0,UNSAT,0.3,8314,435114,,9a42b4d0cff1b4f0830d1c7293085cd9a3af96c8a54456766fee233982f4e918,drat-trim,0.3,True,921.4,23:00:46,
2455,0,14,1,600.0,UNSAT,1.8,45585,3225916,,a44e5d5dd9066ea244405d06406193d95128387d98d75c2654737e4bda7f6b62,drat-trim,1.3,True,921.6,23:00:47,
2482,0,14,1,600.0,UNSAT,0.5,10169,721533,,e4bd31918d69bb0cbbb7edf2053742799ae35be1b9464bfa15c9f4c752cfff6b,drat-trim,0.3,True,921.6,23:00:47,
2479,0,14,1,600.0,UNSAT,0.7,17001,1277429,,28697beb6b2d11128280171389b2a21c0414579194a630ce46909f9ef872d6e1,drat-trim,0.5,True,921.8,23:00:47,
2478,0,14,1,600.0,UNSAT,0.7,17439,1367585,,a32e60badec04e3644bdf56560e95d497592e6e6442cace4c0e259fdabdb1b5a,drat-trim,0.6,True,921.8,23:00:47,
2483,0,14,1,600.0,UNSAT,0.4,9092,678808,,e609404f31dce8573bce99a982708ee4106a5cdcc2ae71a947308e44b0a3d1e6,drat-trim,0.3,True,921.9,23:00:47,
2481,0,14,1,600.0,UNSAT,0.7,16340,1238234,,bc921f349e4ca043bd0c2c7ac343bf62367e1594af1ce2986083732e5401ad7e,drat-trim,0.5,True,922.0,23:00:47,
2469,0,14,1,600.0,UNSAT,1.4,34720,2444810,,7b4ef1562d40128322a294bdc9f36bd42553339046b77e1bcdad0ff1b47f8575,drat-trim,0.8,True,922.0,23:00:47,
2488,0,14,1,600.0,UNSAT,0.3,5999,384249,,627fd586d09ebaad2c4d9ec10123a4c13b6fa02145773691ba4e492cccdec9ab,drat-trim,0.2,True,922.1,23:00:47,
2489,0,14,1,600.0,UNSAT,0.4,8468,443864,,bd02bcbcd52b698ad4146f22c91b7f38dee375ae1172c0ea51c211fef53c7a5b,drat-trim,0.2,True,922.4,23:00:47,
2453,0,14,1,600.0,UNSAT,2.5,63253,4068457,,d4f0a89b27441db764f83ab8a15110717b10830c02ecc6136c27da400b997279,drat-trim,1.8,True,922.5,23:00:48,
2490,0,14,1,600.0,UNSAT,0.5,10745,604731,,7801af114b78c39a34764edf5a1975a758d49a8134c3fca94ecf2ebe84a13a3d,drat-trim,0.4,True,922.7,23:00:48,
2491,0,14,1,600.0,UNSAT,0.6,12501,856543,,db0bdf7cbc7fb64cc3bec8779fe8eef70144511272728ab18885d4931cec70f6,drat-trim,0.4,True,922.8,23:00:48,
2476,0,14,1,600.0,UNSAT,1.7,39906,2719975,,888db6b9cc8dda47e90fd44dd9ea3ca1a93e8deefbd37bba28badc8e97f0c18a,drat-trim,1.1,True,923.2,23:00:48,
2477,0,14,1,600.0,UNSAT,2.1,50210,3602675,,e9c0c2f0962d2028b2b09d333984acaf434f7a06c328caa1d7b7d0983edefdb9,drat-trim,1.2,True,923.7,23:00:49,
2493,0,14,1,600.0,UNSAT,1.1,27964,1916532,,912195b75c2e5faac747b75cedb3180e06635f1e0813dcbe8e955b9146fa9e2e,drat-trim,0.7,True,923.7,23:00:49,
2468,0,14,1,600.0,UNSAT,2.6,63297,4195107,,ca3e1ab509b69aa2c677a8e3e9293fd20a3a9d8c90c3643aa83445aa0cf56df1,drat-trim,1.8,True,923.8,23:00:49,
2494,0,14,1,600.0,UNSAT,1.0,26500,1777678,,5ed841c655d1117f754c978c228db512a457f20214a516d1c7d7a7c1ffbb499f,drat-trim,0.7,True,923.8,23:00:49,
2486,0,14,1,600.0,UNSAT,1.5,39979,2734119,,716451714ea20d90de02de1f17426747868f40918e6777e5a29cea348f5747bd,drat-trim,1.0,True,923.9,23:00:49,
2492,0,14,1,600.0,UNSAT,1.2,31001,2302188,,ccd294531fa1766590e6319d9ab4372035b42ee9ba6ca3b770fbf38e08c3a5d6,drat-trim,0.7,True,924.0,23:00:49,
2495,0,14,1,600.0,UNSAT,1.1,24668,1818618,,0148957064ac9c7a3c6a0455040b32b8a92c1f44d97e710d8fbda7e60071db45,drat-trim,0.7,True,924.1,23:00:49,
2484,0,14,1,600.0,UNSAT,1.9,46012,3036470,,89a87960a172fe0089ef42907259e39f2af514fdba73a5ddaecdf7c8588f3695,drat-trim,1.2,True,924.2,23:00:49,
2498,0,14,1,600.0,UNSAT,1.0,21628,1599038,,a4e7f36d80d2c10da4c125d76f1da55d70c8f7d0e28f017dba1248f63f25d58b,drat-trim,0.6,True,924.4,23:00:49,
2496,0,14,1,600.0,UNSAT,1.1,27100,1984867,,351ae440e20ff13fe8c0e98ede1418f92f8e5ee9e96e73a30faa380914e13412,drat-trim,0.8,True,924.6,23:00:50,
2485,0,14,1,600.0,UNSAT,2.3,60585,3835915,,6347384e74c463d7f3b76c02203fa62013deef90f3faf71ba6589bfb20bf5415,drat-trim,1.6,True,925.2,23:00:50,
2487,0,14,1,600.0,UNSAT,2.2,54876,3670056,,b7695cf8b5e4d069935407c705a3c9b06791ef68fe051a7d6ebb54931fb4a3ec,drat-trim,1.4,True,925.2,23:00:50,
2504,0,14,1,600.0,UNSAT,1.0,22580,1618018,,46c47d504d80b6fc00da65edca66760bcf75507da3f81beec18bd5bc81c3c7ef,drat-trim,0.6,True,925.4,23:00:50,
2500,0,14,1,600.0,UNSAT,1.1,27791,1945410,,8cd3a70917eecdd6959aaa0f24f358d0d58bfda37d84359dae0eb49e288d10ad,drat-trim,0.6,True,925.4,23:00:50,
2509,0,14,1,600.0,UNSAT,0.5,11994,871657,,8fecbdb36bcea66ef06a65f6a668e5c171c71c73251741a4964340a4d5fcc3cc,drat-trim,0.4,True,925.5,23:00:50,
2501,0,14,1,600.0,UNSAT,1.2,26474,1864895,,a33588207de6a5896d12b28652361b7305693b6327b319edf22693927e132cd6,drat-trim,0.7,True,925.6,23:00:51,
2508,0,14,1,600.0,UNSAT,1.1,26779,1730325,,79324041827c75409c337323095d6d3a439ffa57a934ebc262727543306c1982,drat-trim,0.7,True,926.1,23:00:51,
2505,0,14,1,600.0,UNSAT,1.5,37519,2416787,,d7529353d12906dbeda2b4a8d63ddc0686f1cf67fb5a45dbf1b776ed4b81bbf6,drat-trim,0.9,True,926.4,23:00:51,
2506,0,14,1,600.0,UNSAT,1.6,40330,2679986,,eef8e0e8173e9d882282bbcb953aeee941c6a0c55769f094651d664388f74e36,drat-trim,1.1,True,926.8,23:00:52,
2502,0,14,1,600.0,UNSAT,1.9,46689,3203103,,7904c261db02587feb2f93f4251991bded0056c62ef0afb784602e8b62d47748,drat-trim,1.3,True,927.0,23:00:52,
2497,0,14,1,600.0,UNSAT,2.5,60813,4019707,,2bdcd83e6d5752d1a57b772eedd233310a600f2d1255adea6f9b503eccea4916,drat-trim,1.9,True,927.1,23:00:52,
2516,0,14,1,600.0,UNSAT,0.6,16081,1258313,,b306f0970d888dae80ec3d3a06a3ec0cabe691d1116bc5292c506a6aa9121101,drat-trim,0.5,True,927.3,23:00:52,
2499,0,14,1,600.0,UNSAT,2.3,54914,3836505,,5c1dcce90f711cfd1c8e63079c9f3e81ed5fbbdacb4c4ba1b791c6a677abb8a7,drat-trim,1.8,True,927.3,23:00:52,
2512,0,14,1,600.0,UNSAT,1.8,44611,2785069,,2ddf4a79edefecbe20c20c3ab40db3821bd6883a68e4026341217978cd6be971,drat-trim,1.1,True,928.3,23:00:53,
2507,0,14,1,600.0,UNSAT,2.4,57967,3691830,,a4c044c53c84410d5dd6bda4a2d6bf8a8e6d61620df17fd661381d55a574d078,drat-trim,1.8,True,928.5,23:00:53,
2511,0,14,1,600.0,UNSAT,1.9,45254,2989962,,d700f76d5dc1be1719b7865d922196bbb9326b5d705e92ec6d1f4c471e8eb27b,drat-trim,1.4,True,928.5,23:00:53,
2503,0,14,1,600.0,UNSAT,2.8,67375,4617433,,ee915de6e950dffaf8ec9996c933677fae74fbd563a152e730b48087f1ebad2d,drat-trim,2.0,True,928.7,23:00:54,
2520,0,14,1,600.0,UNSAT,1.3,29236,2284479,,5079140e3eb2f722b49c08ab823e177315d9ea269afecfa9f3877e4df6194e27,drat-trim,1.1,True,929.4,23:00:54,
2518,0,14,1,600.0,UNSAT,1.7,42235,2729938,,231ed101469fca1f30d8eb1a0b058874f4b02c832aa718d243cd03ff459b9614,drat-trim,1.2,True,929.7,23:00:55,
2510,0,14,1,600.0,UNSAT,2.7,61856,4235518,,4764d199a9ac8699b625c56d521214364ade1b082e90cf6119ff27a2c8e26a18,drat-trim,2.1,True,929.9,23:00:55,
2517,0,14,1,600.0,UNSAT,2.0,46312,3323567,,225df6b516efd1ccb1c36209bbe3b31dea9856d4c1ed0b2ef957bb27e13b6584,drat-trim,1.6,True,930.0,23:00:55,
2514,0,14,1,600.0,UNSAT,2.6,66875,4234671,,824a16c38b6b98954018d841b5905b61008d07517f12fca71c4c135333d7e985,drat-trim,2.0,True,930.1,23:00:55,
2522,0,14,1,600.0,UNSAT,1.7,40586,2783051,,85471c33fd15e03b5295726ac561a3f311db9d7f949b57626fd3214696faa412,drat-trim,1.2,True,930.2,23:00:55,
2515,0,14,1,600.0,UNSAT,2.6,59935,4184741,,5b8c12e6a465b27c90baa60e3997d875a8ed542d039b011b116f216ebb543e75,drat-trim,2.0,True,930.2,23:00:55,
2526,0,14,1,600.0,UNSAT,1.9,43008,2899081,,469181f1b34c929eed5229a69fa32fff6d6f976af347e50d36f0fb68b1881af8,drat-trim,1.2,True,931.8,23:00:57,
2524,0,14,1,600.0,UNSAT,2.5,60557,3887161,,3be990d46273fc72eaeed69d6b65e05abab3d7f58753020f73db27e80abb1c04,drat-trim,1.8,True,932.9,23:00:58,
2513,0,14,1,600.0,UNSAT,4.3,91513,6024438,,731266495f25b6e8dee61546e7d4105eb8530aa69f74e86dcb5ad1128b998e96,drat-trim,3.4,True,933.2,23:00:58,
2525,0,14,1,600.0,UNSAT,2.7,63080,4492685,,f6fd341a25dc474fc8ff6bace8d96086a7211cea91f85af0d777bce36a818f0d,drat-trim,1.9,True,933.2,23:00:58,
2528,0,14,1,600.0,UNSAT,2.3,54569,3672834,,c82a5408a4608bcd15ed13eb08a7d7e3b4a4e9b7dc142ab40ab1a0aef6fdd983,drat-trim,1.6,True,933.6,23:00:59,
2521,0,14,1,600.0,UNSAT,3.6,80868,5436431,,d6efcc081dcd4244f0cab93724f76e6962e422aa960c1e04138efe55ef22303c,drat-trim,2.8,True,933.8,23:00:59,
2519,0,14,1,600.0,UNSAT,4.1,88322,6102034,,0f1ae2304c48bf2a2d3a5e8983247697159f31e8c81bfa79795459c43f85c7cf,drat-trim,3.0,True,934.1,23:00:59,
2534,0,14,1,600.0,UNSAT,1.5,33721,2364309,,70b27e53b2bcf1776ba663054b548f46c2624f238916cb5dbf47135c1f6e1f42,drat-trim,0.9,True,934.2,23:00:59,
2536,0,14,1,600.0,UNSAT,1.1,25961,1727642,,7b596b81e5e5c132deb5e5514350b5ec7524d4b03eb95d92c00fc3cd9605fe7f,drat-trim,0.7,True,935.0,23:01:00,
2527,0,14,1,600.0,UNSAT,3.3,75758,5194400,,28efaf6f21f3d2d82db52d58f3e26f585b91d3a159128bb792caa2b190f292a6,drat-trim,2.4,True,935.2,23:01:00,
2523,0,14,1,600.0,UNSAT,4.0,87395,6208981,,ab769dc4f9ab450d5e7564ac097b4c14e7ccd13e6d0efbbbf5f4ae5d4a48b164,drat-trim,3.0,True,935.6,23:01:01,
2532,0,14,1,600.0,UNSAT,3.1,68855,4525222,,f05b79845a67f1295b5b9c45f55af663f7f8b55521e99a2c1c488cd46c42f630,drat-trim,2.4,True,935.7,23:01:01,
2530,0,14,1,600.0,UNSAT,3.4,76436,5073238,,ec75949391d6927c0161461504c804b31ad1d7cd39eda56a3e6d6ea175f6d04b,drat-trim,2.3,True,935.8,23:01:01,
2544,0,14,1,600.0,UNSAT,0.8,18068,1431600,,04ba99b53153bf1cfdc0dafcb9c05617a34ff39a0ce897f8b86d71102ef26fbe,drat-trim,0.6,True,936.9,23:01:02,
2538,0,14,1,600.0,UNSAT,1.9,47009,3157690,,6e9feaf08985dd01bb7b400747af854633091d44f9c8a94d81a50a1f95a5aa45,drat-trim,1.5,True,937.1,23:01:02,
2545,0,14,1,600.0,UNSAT,1.0,20406,1585079,,80df9ec60c7aad37fd8a5f3e57e0c5b0d89a5c577950263af9207f3be021262d,drat-trim,0.6,True,937.3,23:01:02,
2529,0,14,1,600.0,UNSAT,4.4,92055,6528887,,627b45c28609462a078021ee6d63b4d8e2c9cae8eaa274110a53b9efc6a242ee,drat-trim,3.5,True,937.9,23:01:03,
2540,0,14,1,600.0,UNSAT,2.3,52221,3580502,,6eded0fab49da45176bb15aba24138874f181f93ccb08aa13bf6df24e6378a89,drat-trim,1.6,True,938.0,23:01:03,
2531,0,14,1,600.0,UNSAT,4.8,100687,6997728,,dbfe2b8487177e5083c50ca785c396a25d297ad2ed8acab80911a99be092dafa,drat-trim,3.7,True,938.6,23:01:04,
2549,0,14,1,600.0,UNSAT,1.1,25640,1859784,,9f95d735aca7a348a6a627d2f1e72c8a4b6568e2df14814fd5e02ccfb30366cb,drat-trim,0.6,True,939.0,23:01:04,
2548,0,14,1,600.0,UNSAT,1.2,29348,2195106,,3b0b7475461823a7ea17ebf0ac13684342c7e692cfc626e60b26856c806a8b6a,drat-trim,0.7,True,939.1,23:01:04,
2546,0,14,1,600.0,UNSAT,1.9,45339,2952823,,574a3d5cbf919121412001e5008ac84cd64e39e4c4cdff39e2aa21f67c5b81a0,drat-trim,1.4,True,939.1,23:01:04,
2537,0,14,1,600.0,UNSAT,3.5,76414,5357538,,18b6873a0f0276da2357ec4ff8fdc4548cf80105d6b1173ed7a0bb57db32978f,drat-trim,2.6,True,939.4,23:01:04,
2542,0,14,1,600.0,UNSAT,2.5,58844,3924236,,e2119960d1e63b7d159f9953cdc3a84348744acf057ea42747443789e4a26bab,drat-trim,1.8,True,939.4,23:01:04,
2533,0,14,1,600.0,UNSAT,5.0,101230,7530708,,a2bfe4469b74b070d0b03da00ac5474c7cb3558260929ddf669ade1843b45725,drat-trim,4.2,True,939.5,23:01:04,
2547,0,14,1,600.0,UNSAT,1.9,44829,3055629,,396dfb88122c2e8d9c4b53d9deddb1d8546bf6f0a3809357d800df3eee488ff0,drat-trim,1.3,True,940.1,23:01:05,
2556,0,14,1,600.0,UNSAT,0.6,12872,897858,,c5161211bc3950a863a568061b96167dffba42fe9ce32dc58710c501cd18bc13,drat-trim,0.4,True,940.4,23:01:05,
2552,0,14,1,600.0,UNSAT,1.2,30700,2062392,,8ffdc08c911115b35deb0e1114a64a5d1e8f5c1bbadc43a99589274a74a56f9f,drat-trim,0.8,True,940.6,23:01:06,
2550,0,14,1,600.0,UNSAT,1.7,40080,2768430,,ee3e48b8fbb01e7de6792b9e3f4f295ffbd5fb962363758da5b27de1b2554a70,drat-trim,1.1,True,940.7,23:01:06,
2560,0,14,1,600.0,UNSAT,0.5,11235,641150,,19d5712141e2d9a71a38f9a17e11dea70a61c9b649459f9243bbb20d1d7eee33,drat-trim,0.3,True,941.2,23:01:06,
2562,0,14,1,600.0,UNSAT,0.5,11013,765884,,c1649f2fbbc31142a3cba5b459d3381269a0c9043f9191f1a08384632eeeee4a,drat-trim,0.3,True,941.5,23:01:06,
2539,0,14,1,600.0,UNSAT,4.5,95388,6989598,,6a7d29a9c05500d47c34bdfd13381441d017b3eefdedb7041a041ac62ef69483,drat-trim,3.2,True,941.5,23:01:06,
2557,0,14,1,600.0,UNSAT,1.4,34555,2478484,,16cb01fc8f1a94cbbcb65f85999a5925c270de683096b19ebd9fce3bcac46094,drat-trim,0.9,True,941.7,23:01:07,
2561,0,14,1,600.0,UNSAT,0.6,13642,755537,,eec8fd98c5c9750e69b7187b453762dafaebd0405e2fa88020c661a33230d156,drat-trim,0.4,True,941.7,23:01:07,
2535,0,14,1,600.0,UNSAT,5.1,101265,7320539,,8b6a3a31d8baa8ad6f2508080204e1922ff022afd208c6b6af640818fa7e845b,drat-trim,3.7,True,941.7,23:01:07,
2563,0,14,1,600.0,UNSAT,0.4,9536,788481,,393a62cbcab48bfa3417f637b12fddf5720311544df70c0e7b7f3edaf2868787,drat-trim,0.3,True,941.9,23:01:07,
2565,0,14,1,600.0,UNSAT,0.5,13238,999031,,bfd9810d0f75dbb1ea638df5437029a400d7e0281df29816cd1a9e8a5cc960b3,drat-trim,0.4,True,942.4,23:01:07,
2564,0,14,1,600.0,UNSAT,0.6,12519,878699,,f9ab30e75747df3c8797743b62c2d4a64b3dad680572cc75954c1ba321bc3f64,drat-trim,0.4,True,942.5,23:01:07,
2551,0,14,1,600.0,UNSAT,2.6,63341,4284492,,6e1c99f56fb8c576d8d10f6751265128c4a69a34bb0b89df5a7709eb929d52e2,drat-trim,2.0,True,942.6,23:01:08,
2553,0,14,1,600.0,UNSAT,2.2,54366,3574646,,8c0392816e24ea5e970b8a9722dcb53a7f20d5edd12f3e5b45b97a288afc1488,drat-trim,1.6,True,942.9,23:01:08,
2566,0,14,1,600.0,UNSAT,0.9,21210,1472036,,737d84727c5953f678d74ccf9351f14e36e8a41fe87ccae76c744247d87a576d,drat-trim,0.6,True,943.2,23:01:08,
2567,0,14,1,600.0,UNSAT,1.1,27516,1888594,,3a222cbb773d26360abf4fff3a281511584e9641fc5bda91e33fdc044505180b,drat-trim,0.8,True,943.6,23:01:09,
2568,0,14,1,600.0,UNSAT,1.1,24760,1738558,,4d9937bce745eac57fa807580d44ddfea1ebe0d3e414e38598c6cc1b9765990c,drat-trim,0.7,True,943.6,23:01:09,
2572,0,14,1,600.0,UNSAT,0.6,13087,1007231,,2ae3915ccaad1a2d964c743495466c8c589693299fbc046eedb86d883f2c6601,drat-trim,0.5,True,943.7,23:01:09,
2543,0,14,1,600.0,UNSAT,5.0,100435,7068819,,0efa1bfb622a97985dec3721671101763a7904f76787a1c96090562f774564b7,drat-trim,3.9,True,944.1,23:01:09,
2554,0,14,1,600.0,UNSAT,2.8,63676,4747121,,1ab374fff0c0b13bfa07e5413ce686cf526d2d17bb3efe71e1733de357041d02,drat-trim,2.2,True,944.1,23:01:09,
2569,0,14,1,600.0,UNSAT,1.4,32606,2324396,,eaed33d17c58b8161d34ca471fa6f9cc61a90afa1af0ab1c1c0e2622fcfa0d16,drat-trim,1.1,True,944.4,23:01:09,
2558,0,14,1,600.0,UNSAT,2.8,62754,4373120,,839899244ea52b033535566922fccd396e5fcb3c0f20bd7e522c18cceae3ec30,drat-trim,2.2,True,944.5,23:01:10,
2573,0,14,1,600.0,UNSAT,1.2,25402,1729161,,74a1aa9068a219b364618d56bbf5db948a56ce7739c455c5a28853f7d98d89d1,drat-trim,0.7,True,944.8,23:01:10,
2570,0,14,1,600.0,UNSAT,1.6,37460,2436989,,e1925d8218751a8a352bbdb2b469b861ad335dfb29b0dac6a94c544ac0ceb528,drat-trim,1.0,True,945.0,23:01:10,
2571,0,14,1,600.0,UNSAT,1.6,34941,2550535,,b5a68f4e7a6137780c96fe7d408bb98a164c557a745ee9ced165c2de3b3742cb,drat-trim,0.9,True,945.0,23:01:10,
2574,0,14,1,600.0,UNSAT,1.2,25624,1758758,,ef0d838abf8c206ddab847176ce8e494b090ce3435fef9498f0d3435ea9a2159,drat-trim,0.8,True,945.1,23:01:10,
2575,0,14,1,600.0,UNSAT,1.0,20626,1780627,,c88f99a54f880adb7ed726e67782e169dbbae8608b2c616a964f992e008dffdd,drat-trim,0.7,True,945.3,23:01:10,
2559,0,14,1,600.0,UNSAT,3.0,68736,4647153,,e8e27de0636607b583f0a5e683387d605364570f9847cd9259d0a95694385224,drat-trim,2.4,True,945.5,23:01:10,
2555,0,14,1,600.0,UNSAT,3.6,79489,5668620,,2de234f1cbcaa5641ca2a41897cbeb2f06504a80e11d63b000299320a4b2c929,drat-trim,2.9,True,945.6,23:01:11,
2580,0,14,1,600.0,UNSAT,1.2,27935,1891691,,4e3421da3c8e6c68420d5540762c34956b62a5e3c17a3c8de3722dfded5069e5,drat-trim,0.8,True,946.4,23:01:11,
2541,0,14,1,600.0,UNSAT,7.2,147428,10433211,,f5d1b1871e679ccc52d571ed6cbad5dcd2147c29fe817647ffdf353c0f61b1c7,drat-trim,6.1,True,947.5,23:01:12,
2584,0,14,1,600.0,UNSAT,2.0,46787,3191746,,d0ee99d0d1e464e299955de97fb34a913c0bf6c0b132877c3210d21872f3e668,drat-trim,1.6,True,948.6,23:01:14,
2586,0,14,1,600.0,UNSAT,2.1,47525,3082093,,acc90882916d7a31551d707cffe4fdc82797f55bb828cd8aa2e6e7eb5343aaa3,drat-trim,1.7,True,949.2,23:01:14,
2592,0,14,1,600.0,UNSAT,0.3,6840,363162,,a4a656ef67c4a11e94c1b53012f447f1a09f3b0a6a81d74c0d84c7d544814097,drat-trim,0.2,True,949.6,23:01:15,
2593,0,14,1,600.0,UNSAT,0.4,8332,480691,,3e92c4d4e4452c387e14114143ed0e4b1d3bf4863517c96f2c62b12b1aa77399,drat-trim,0.3,True,950.4,23:01:15,
2594,0,14,1,600.0,UNSAT,0.3,6086,368841,,95e48a3079fbe7836d71c24b692bf7c8368fafb5315e24ad77e85303859b18c5,drat-trim,0.2,True,950.9,23:01:16,
2595,0,14,1,600.0,UNSAT,0.2,5199,331582,,d6262046009c6101f25ddcebbf63c06809114904ecd6e0b5e53addb4dd4c5e4f,drat-trim,0.2,True,951.4,23:01:16,
2590,0,14,1,600.0,UNSAT,2.4,55896,3690027,,b6995ea241a474b3d53e5a97b465dca52c292f2418cd2b815cc5ba233fb88fc0,drat-trim,1.6,True,951.6,23:01:17,
2597,0,14,1,600.0,UNSAT,1.3,29383,2111748,,7f62762117f67bfee6556ee955d3bedcda62190fe61bfac24e0f434c1d22577e,drat-trim,0.9,True,953.8,23:01:19,
2581,0,14,1,600.0,UNSAT,5.6,107201,7495132,,c0820820421e1da43e7a39b3deb712c876b020b1ed2de304d1c0c9b477371af1,drat-trim,5.2,True,955.3,23:01:20,
2588,0,14,1,600.0,UNSAT,5.0,101542,6905401,,8c9a4258542483822e990812c499854191f9889399681ef0662afdff0e14c2f5,drat-trim,4.7,True,955.5,23:01:21,
2596,0,14,1,600.0,UNSAT,2.5,50068,3561837,,0fa7dd1ba1dcbdaa495bee7c9e91d39a5f9b18fe20f8b6814d5b802f22efd8ce,drat-trim,1.9,True,955.8,23:01:21,
2577,0,14,1,600.0,UNSAT,6.4,126111,9198676,,39c578f86c77b6b0ffdc476157423cd57f43842717792fccbaca77556da0a7b7,drat-trim,6.2,True,956.4,23:01:21,
2585,0,14,1,600.0,UNSAT,5.9,117601,8465581,,ebce276cd7c6d352de7b901e1c1a1e802379ea50723ef26324eae025443d7f75,drat-trim,5.5,True,956.5,23:01:21,
2576,0,14,1,600.0,UNSAT,7.0,129442,9365235,,8fd7e6ff47dff3cff5bb8f233d6495ffef34d49ef8e53c3dd51df4831c3ed9ab,drat-trim,6.3,True,956.9,23:01:22,
2587,0,14,1,600.0,UNSAT,5.8,120442,8408852,,bcf6e8afed44717791a987f5dd8c7524bb2143726dadaef79f29df41558fa472,drat-trim,5.6,True,957.0,23:01:22,
2598,0,14,1,600.0,UNSAT,1.9,39088,2737525,,fc98295cc2d1c3c816639e29e427ceb70819db37ba10a964af0a32abb5cfcb41,drat-trim,1.4,True,957.1,23:01:22,
2600,0,14,1,600.0,UNSAT,1.1,25133,1642291,,caf2fafdf44300a09e0443d7a246e02aa0369af40b7c8078a9ff4bab5a55c5d4,drat-trim,0.7,True,957.3,23:01:22,
2601,0,14,1,600.0,UNSAT,1.5,31191,2140293,,062509bd093c17eefecd14be3d248a777ec9d269bd3c3be4aa323f5e5e0fcf68,drat-trim,0.8,True,958.0,23:01:23,
2603,0,14,1,600.0,UNSAT,0.9,18385,1504004,,1f6aaf8fca397f28631721390d0c84621804ccc5fc475233c3a01a72ddfa1ac4,drat-trim,0.6,True,958.0,23:01:23,
2599,0,14,1,600.0,UNSAT,1.5,29076,1907562,,5d263c8aec3f7edbae04730165ec8ae73adb97347ee54d2135bc190c658cdc5d,drat-trim,1.0,True,958.0,23:01:23,
2602,0,14,1,600.0,UNSAT,1.1,22490,1540139,,5e702b9427b7adf489369cc177cc303afd8206b2eebc3c2e229e73872b7871a4,drat-trim,0.6,True,958.1,23:01:23,
2583,0,14,1,600.0,UNSAT,6.4,124241,8916278,,0ce92c1bcd8de5d0064154fcb87a1f63c2f174f1c231406d012f4bb31cc5b865,drat-trim,6.7,True,958.1,23:01:23,
2578,0,14,1,600.0,UNSAT,7.4,149101,10610089,,5b7b132764df6b5578b8e636fedf96fefc41843cce1f7197b414b9b1c6a37e38,drat-trim,7.2,True,958.8,23:01:24,
2605,0,14,1,600.0,UNSAT,1.2,26396,1838355,,fed750a5bd9f61d9edd77935189de3eab59d0ad35a8c59e55f8556118278e793,drat-trim,0.8,True,959.0,23:01:24,
2604,0,14,1,600.0,UNSAT,1.4,31287,2276213,,b80a9869c8debb6e1ed6adb0d9698b87a17dae0cb069ea7e27e6fdf5643d0e4e,drat-trim,0.8,True,959.1,23:01:24,
2589,0,14,1,600.0,UNSAT,6.9,132538,9650652,,94c6f9215281095f9697ec4e9e7754fbbb5a190dcbe424129d317113ef31439a,drat-trim,6.3,True,959.6,23:01:25,
2606,0,14,1,600.0,UNSAT,1.7,39305,2717895,,2536d8b534ab1d96447648cb5848c6fabb344c744bf8c526c8ab71a12d32dac6,drat-trim,1.3,True,960.1,23:01:25,
2607,0,14,1,600.0,UNSAT,1.9,41247,2797917,,059f43e698ef6052efea158cf7712430d57125913eb9f5f86f560ffb6cac072c,drat-trim,1.3,True,960.6,23:01:26,
2582,0,14,1,600.0,UNSAT,8.1,155533,11520095,,da6637f141bbce1198fcf7b641ecb59e070e87eb8422379f13e0d1841b417cef,drat-trim,8.0,True,960.9,23:01:26,
2608,0,14,1,600.0,UNSAT,1.9,47348,3177456,,5a8a951083650a7d9240b9cf6f6f28e9590004f31cefaf41aaf9334b9458bcad,drat-trim,1.3,True,961.3,23:01:26,
2579,0,14,1,600.0,UNSAT,9.1,171456,12279288,,0cf059db9009a53a3eb9b2819105f46245fcc6361eb66aec24570a1baf2a9ad3,drat-trim,8.2,True,961.6,23:01:27,
2609,0,14,1,600.0,UNSAT,2.5,54939,3591368,,648b6f456897bac95c9203ce23fa972b421b2d53b508e699a25b589328b21bb4,drat-trim,1.8,True,962.3,23:01:27,
2591,0,14,1,600.0,UNSAT,7.8,135993,9877504,,06c18192bcf131c204e45a2c575d6dad8ae73e19c4d9cf177cf75eea4bcdbf15,drat-trim,6.4,True,962.9,23:01:28,
2612,0,14,1,600.0,UNSAT,2.9,67653,4589289,,55df190fa13a06a0f64e9247cbd5df8f38970f42912e4834b8d7baf1289f34e7,drat-trim,2.1,True,963.2,23:01:28,
2613,0,14,1,600.0,UNSAT,2.6,61139,4252439,,f6e2ea5c32697e5d040459745e7b3943c0f1b499eb9110d574afd3ba8dd9bccd,drat-trim,2.0,True,963.3,23:01:28,
2624,0,14,1,600.0,UNSAT,0.4,7698,502287,,bf56061cc5ef02c0cd05fd8e24d183a0d493209a6b008a0cafe397ff6ac8cb8d,drat-trim,0.3,True,963.8,23:01:29,
2620,0,14,1,600.0,UNSAT,1.7,41264,2536602,,d917325f0d4ed95e44513ff5437e7d914d92ff0ef6cb8cfd6ed4ca86d5dbddf9,drat-trim,1.1,True,964.0,23:01:29,
2625,0,14,1,600.0,UNSAT,0.5,10547,838279,,f8fb7df456c96c552c4df9379a741377134ed016877a912328a54c72c11b77f9,drat-trim,0.4,True,964.2,23:01:29,
2610,0,14,1,600.0,UNSAT,3.7,78361,5630869,,ddb4961abfee71608dc5d444302918eb15d3aaed6c369b404e6fda7ff73a6b9e,drat-trim,2.6,True,964.4,23:01:29,
2616,0,14,1,600.0,UNSAT,2.9,67787,4632799,,1a09b9ecfe12823caf4a10976ae324ad29e048a086d09c324d42ef5322d26064,drat-trim,2.0,True,964.6,23:01:30,
2617,0,14,1,600.0,UNSAT,2.8,62208,4165787,,203f61deee449dc16888bdf03b3223ff48eed81ec926ddda57c6be2324f7fd61,drat-trim,1.9,True,964.9,23:01:30,
2627,0,14,1,600.0,UNSAT,0.6,13287,961649,,77cd299ae98b3a3312448f1935414bfcd830e9ef12b67f049a465c42c4703856,drat-trim,0.4,True,965.0,23:01:30,
2626,0,14,1,600.0,UNSAT,0.9,22112,1509949,,5aecf421200247bdf9cce795aff1c8edb7d9a180b54f5238d8c7d2d0c107cad3,drat-trim,0.6,True,965.4,23:01:30,
2628,0,14,1,600.0,UNSAT,1.0,24164,1940662,,92f0f0664a4865bec8587b9004f566ad75378e87478697a4726c8996334dbe2e,drat-trim,0.7,True,965.9,23:01:31,
2614,0,14,1,600.0,UNSAT,4.1,88204,6100890,,f603fe6486c8dc243c7c717a0a5a3aee518e8efdde238a9e42df6f2048324e42,drat-trim,3.0,True,966.1,23:01:31,
2629,0,14,1,600.0,UNSAT,1.0,26516,1869493,,35fa7529268501c8477a857f29750e6cda6abe67a3771f2a30cfa483719dded9,drat-trim,0.8,True,966.2,23:01:31,
2633,0,14,1,600.0,UNSAT,1.1,25382,1791033,,5d39ae8cffc5ace1750273a235c33b8758ee236f31544ee70c1cddc076735720,drat-trim,0.7,True,967.2,23:01:32,
2632,0,14,1,600.0,UNSAT,1.5,39076,2351580,,8b912cadb27833d4a9b266325c2ce0752e1bd591e958dbe18ee60a2a47cc92f8,drat-trim,1.1,True,967.6,23:01:33,
2636,0,14,1,600.0,UNSAT,0.9,21992,1652077,,533fbccb097a1142722b67dfa8bec9f9b44ef65419996a272c3a105ca2305b42,drat-trim,0.6,True,967.8,23:01:33,
2621,0,14,1,600.0,UNSAT,3.6,80181,5301936,,b49f4622d583c70db1c8d9910783002d3ee1f44ae7c2c777554184e9fc0ec2ef,drat-trim,2.8,True,967.9,23:01:33,
2634,0,14,1,600.0,UNSAT,1.6,37117,2682970,,639dd52148b581b3b1d2fe0de4ed485ee4fce4953bf5b58882b50c55aa6100a8,drat-trim,1.0,True,968.7,23:01:34,
2618,0,14,1,600.0,UNSAT,4.5,95157,6893666,,1137d1850363cac64186fb57cfc87787033a4a728e0d30a39bd697f3fa76f219,drat-trim,3.8,True,969.0,23:01:34,
2637,0,14,1,600.0,UNSAT,1.1,26700,1765868,,3a18cb5abb9a36d01947b7d4e6621fdb08b6abc2061f8aa18625546edc8cc4c5,drat-trim,0.7,True,969.1,23:01:34,
2631,0,14,1,600.0,UNSAT,2.7,61962,4362641,,54b95899d72454db9dc43c3ba1a95d65b4ef774b30c88f1c2eea5d387f5b8201,drat-trim,1.9,True,969.4,23:01:34,
2635,0,14,1,600.0,UNSAT,2.0,44871,3142777,,e8e773ecd9b86283425050002a07ee58c520fa1d10f197b458f8c9206f36d674,drat-trim,1.4,True,969.5,23:01:34,
2622,0,14,1,600.0,UNSAT,3.9,89416,5865592,,dbb6a703c06939d7a96e8fe7e2239c8e7a1218c53a940dea5804bc4223d5951d,drat-trim,3.2,True,969.5,23:01:34,
2611,0,14,1,600.0,UNSAT,6.6,136513,9991773,,a775311bb66d3df54bb2ab63a70449e90d0b378494136cecbb6c9af3c26676f4,drat-trim,5.0,True,969.7,23:01:35,
2638,0,14,1,600.0,UNSAT,1.3,32726,2462447,,d7f094d928f4a540e475a3246605de10cf824643ed586dfdec3823edf1707dba,drat-trim,1.0,True,969.9,23:01:35,
2640,0,14,1,600.0,UNSAT,1.5,36904,2409062,,ccbeac3385ea6ecd2f4cf46dae627bd7a003288ed2b4b1b8030f461f98628c6f,drat-trim,0.9,True,970.3,23:01:35,
2630,0,14,1,600.0,UNSAT,3.6,80182,5527018,,098458487b08caca361222b0e5aad68dac8151d31bcfb8efa008fde56ff0de57,drat-trim,2.5,True,970.7,23:01:36,
2648,0,14,1,600.0,UNSAT,0.8,17310,1328926,,6da91098122e6ca476522da68d5a5372e8bc4265d076a43010f19e38467f909b,drat-trim,0.6,True,971.3,23:01:36,
2642,0,14,1,600.0,UNSAT,1.5,39366,2687646,,68c0d794f1ede62a4a8b88ad369563937adf40df6e136fc7728634bc2c9a37a7,drat-trim,1.1,True,971.7,23:01:37,
2646,0,14,1,600.0,UNSAT,1.5,31715,2520178,,616564677a402166719e57c85846b377e0d9e6d0f7a07939b2f841790075ffb5,drat-trim,1.0,True,972.0,23:01:37,
2639,0,14,1,600.0,UNSAT,2.4,57331,4124320,,2f24810256ad3197bcb538a89d5e309f2d377bb517476ecc3292b94f7c61a27b,drat-trim,1.9,True,972.1,23:01:37,
2615,0,14,1,600.0,UNSAT,7.0,140270,10132984,,8572b00200e699df95b36df57d3252f6c51c145a9b1a97876b78d5d69a7d5f18,drat-trim,6.1,True,972.2,23:01:37,
2649,0,14,1,600.0,UNSAT,1.7,39560,2762715,,c59c3865c581b5250d30c8975a27b73fc9d73192604e10a0b3e4d32d937f4c10,drat-trim,1.2,True,973.2,23:01:38,
2644,0,14,1,600.0,UNSAT,2.3,54336,3725172,,b0545b70851b3d0e74a37517b6b890794b0b614400465d37aeba8b77b64d9b81,drat-trim,1.9,True,973.6,23:01:39,
2657,0,14,1,600.0,UNSAT,0.3,6647,333536,,ecd02cb4daa94ea275c6f474d82b03a8550fbd86bc010ecfb9d9db4556439510,drat-trim,0.2,True,974.1,23:01:39,
2652,0,14,1,600.0,UNSAT,1.7,38519,2642889,,005068434e1141ef59212b5aa04c6f648d6f1f9f11d6229aad8ab437d4043c9c,drat-trim,1.2,True,974.5,23:01:39,
2656,0,14,1,600.0,UNSAT,0.9,19600,1384585,,ff052aeebf3f6cd62f8bdde2a3f5248f8793eabdbd9e27089642249ecd0db4b5,drat-trim,0.6,True,974.7,23:01:40,
2619,0,14,1,600.0,UNSAT,7.3,151367,10849011,,50f7ba9460d8f16b13744f82f3105503aac25fcd41d72197593ab54ad9727dd7,drat-trim,6.6,True,974.7,23:01:40,
2658,0,14,1,600.0,UNSAT,0.6,12482,811520,,d16cda3ba74cb957f0a9005e4121519f98cb70bb30afa05809cb67d166080120,drat-trim,0.4,True,975.1,23:01:40,
2659,0,14,1,600.0,UNSAT,0.6,12849,810818,,7f50ef34ee0e7b097616f6670263baaaf88e4276e05bbacb8e2279b7b838502f,drat-trim,0.5,True,975.6,23:01:41,
2623,0,14,1,600.0,UNSAT,6.8,135909,9851954,,7ca54143efc6aa845a12776a7a872a36f891c80d9f49e663d09fda1a517b1fcf,drat-trim,6.2,True,975.9,23:01:41,
2654,0,14,1,600.0,UNSAT,2.1,47199,3214848,,ea4c2c5a1e8e3f1b7c26e29f376a5d44d62e43831ca66bfb61d94939ea6b7bbb,drat-trim,1.7,True,976.0,23:01:41,
2660,0,14,1,600.0,UNSAT,1.1,23003,1701242,,52a2c65efa545e9da551c32f074427482598110f48dc833e711f73b1741b4ce2,drat-trim,0.8,True,976.5,23:01:41,
2641,0,14,1,600.0,UNSAT,4.2,91727,6351867,,634e50f8126e2065f23873ab23cd3f1ba077d4345f0b4b65e819e41e20deed6d,drat-trim,3.9,True,976.7,23:01:42,
2643,0,14,1,600.0,UNSAT,4.0,87229,6120053,,f94355137b3915291f438663931ff0dcd43ddd03997c6b070d798d28cd9c5fb1,drat-trim,3.7,True,976.8,23:01:42,
2664,0,14,1,600.0,UNSAT,0.6,11401,625672,,36124d95d10212ae0bdf5cab7d0ca256e1eec834cc8be7dcbeb98e58428700e2,drat-trim,0.4,True,976.8,23:01:42,
2650,0,14,1,600.0,UNSAT,3.4,68954,5290183,,01c4cb2a04b1659dac283159e756683e1cae21873b08a04904d537923466a111,drat-trim,2.7,True,976.9,23:01:42,
2665,0,14,1,600.0,UNSAT,0.5,11526,666165,,16eb8398897c3a5bb354b7b1dd6bedeb1b3d86a82d14442c1de0f64e29f01a43,drat-trim,0.3,True,976.9,23:01:42,
2661,0,14,1,600.0,UNSAT,1.4,29336,2213152,,43d46825f8524ed69eee6fb60a9f74e9f96a2bdb5444b258a5f8887690e3d556,drat-trim,0.9,True,977.1,23:01:42,
2662,0,14,1,600.0,UNSAT,1.6,31475,2481178,,487d65293d445c86806ceeb5b821cebcc6554f397d53accc8f918b184dac859a,drat-trim,0.9,True,977.5,23:01:43,
2667,0,14,1,600.0,UNSAT,0.7,15154,1276083,,e190705aede7d154a2d18354c705ca2df60a3c4c35bfc2461b03ef020c9d3c62,drat-trim,0.5,True,977.9,23:01:43,
2666,0,14,1,600.0,UNSAT,0.8,19599,1419245,,44db5234fb53be3a9e5353c98a047d4cbb55b1dd107e725d96775d839a37c4d8,drat-trim,0.5,True,978.0,23:01:43,
2669,0,14,1,600.0,UNSAT,0.9,19690,1531927,,44b30ea4a5e1098b85617b79e8222d7fa044e890ba615b2dac6faa43bd23cc0c,drat-trim,0.6,True,978.3,23:01:43,
2672,0,14,1,600.0,UNSAT,0.7,16299,1207570,,90d63f04c5d34b1093634ac0f74dbdb97f2db632f23ba839f74c1363d36ba1df,drat-trim,0.5,True,978.3,23:01:43,
2668,0,14,1,600.0,UNSAT,1.0,20549,1698207,,eab723844e5cab974552eb9fa6fed41c10242a1f9a00ca1f7310c46eb81eaf42,drat-trim,0.7,True,978.4,23:01:43,
2651,0,14,1,600.0,UNSAT,4.3,86989,6652382,,685aed109d389d1c1e9871a3df38ba9bfcb56ce65ffed1c40f65ff189df4680d,drat-trim,3.2,True,979.0,23:01:44,
2663,0,14,1,600.0,UNSAT,2.1,46050,3217479,,028083770bee63e3ac04a055ca8e01d703134bec862220bdfeac63cddff1acc3,drat-trim,1.6,True,979.3,23:01:44,
2670,0,14,1,600.0,UNSAT,1.5,31248,2561949,,89866769728c0e8abff265328409ad1b6b313457bc13cd562c9efc57a5bc4623,drat-trim,1.0,True,979.3,23:01:44,
2647,0,14,1,600.0,UNSAT,5.2,107672,7767193,,c37c77d136a4cfb9a25fa4bf0692251411f3b84da03b58b6360a6ab960428f4e,drat-trim,4.5,True,979.4,23:01:44,
2676,0,14,1,600.0,UNSAT,0.7,16483,1230655,,5dc7eec46506e87053b304263d28c8984d42c33539a83b883ffbcd0adabb8069,drat-trim,0.6,True,979.5,23:01:45,
2671,0,14,1,600.0,UNSAT,1.8,41308,2858076,,96fe44e6ad8385a1cdd5b364c8cb950b15c13d13ff84cf143a475977b2e710d9,drat-trim,1.3,True,980.0,23:01:45,
2673,0,14,1,600.0,UNSAT,1.9,46682,2935014,,c071d014cf807c2f96d6aa1961fa4bed7d3686be4f89f2bcb4052f6efbf9c557,drat-trim,1.5,True,981.0,23:01:46,
2684,0,14,1,600.0,UNSAT,1.1,24875,1703859,,62c373946e353855494ef88e9036b528e55fc4cb01b562078082e4b45d839f06,drat-trim,0.6,True,981.8,23:01:47,
2653,0,14,1,600.0,UNSAT,5.2,101522,7350397,,aee9e47f1ab103506e8fc7a85fd9b9e6f4b9b3f3fada8a4371800e26653f52a3,drat-trim,4.6,True,981.9,23:01:47,
2645,0,14,1,600.0,UNSAT,6.8,135481,9222433,,8b7937c6598168db2dc3e5e399bc513e48c647be26d24e338cbbe96ac4578f49,drat-trim,5.9,True,982.1,23:01:47,
2688,0,14,1,600.0,UNSAT,0.5,10766,651616,,6895b99dd21c7b002b6ba09b0f2f87570ae29c6418d9a468bcab9ad9b13f18af,drat-trim,0.3,True,982.9,23:01:48,
2677,0,14,1,600.0,UNSAT,2.7,61540,4053623,,df408e86149da87da8768c962bffba8824d9d642608815f5897102130a59b140,drat-trim,2.1,True,983.1,23:01:48,
2680,0,14,1,600.0,UNSAT,2.2,51736,3483383,,fa65e182a2196566418eac59a78d766467a6309873a5adfc73434333da83501e,drat-trim,1.6,True,983.2,23:01:48,
2689,0,14,1,600.0,UNSAT,0.3,6266,405442,,cb27af3e32fce87f35ced0954fc61a6c41906757ddbe31c649bb9e6828b1d0ee,drat-trim,0.2,True,983.5,23:01:48,
2685,0,14,1,600.0,UNSAT,1.5,35472,2307619,,0459a1cc9aa56fafc28d45d67ef79952cd684e6f9659e150119ae3018164e39b,drat-trim,1.0,True,983.5,23:01:48,
2678,0,14,1,600.0,UNSAT,3.1,67080,4302089,,e9705ea746b6b7dfbe06bc9299d62bdadbafea382bf82504b5f2491c91e9cbac,drat-trim,2.3,True,983.8,23:01:49,
2681,0,14,1,600.0,UNSAT,2.6,58713,3837518,,a99365a98f3856105b17e0cf0dfdcee3714fd69ed6d27e0176763034e23d2f03,drat-trim,1.9,True,983.9,23:01:49,
2691,0,14,1,600.0,UNSAT,0.7,15551,1314701,,83599e8b1a4a1f71b85754729f34e7834b08250059ffed6a4ea06b35da60a26d,drat-trim,0.5,True,984.4,23:01:49,
2674,0,14,1,600.0,UNSAT,3.7,77501,5347739,,7054239e3349b6b6ac4070b63aec1bf467a67bb2e7f8a894c24cb65ec85753a7,drat-trim,3.1,True,984.7,23:01:50,
2690,0,14,1,600.0,UNSAT,1.2,26677,1750447,,b063580ef81fc2b33f53f6bdab1b0d89e81853989e804e6a26947051fec0c999,drat-trim,0.7,True,985.1,23:01:50,
2697,0,14,1,600.0,UNSAT,0.3,7371,506726,,6a2a8889785e5839660fa0c1f7e6ade9984d7aabd4b47c3f0b557f34388ecf68,drat-trim,0.3,True,985.3,23:01:50,
2696,0,14,1,600.0,UNSAT,0.6,14364,755791,,e92fb452c813e8bbea1517d94f914e2e2dca9b8d8bf5b859fb25c80074b51667,drat-trim,0.5,True,985.5,23:01:51,
2682,0,14,1,600.0,UNSAT,3.7,80068,5333431,,ef5b054618c9797c792ec958bb8b6d44c9b51148c045c6f723443fa777489f87,drat-trim,3.4,True,986.6,23:01:52,
2699,0,14,1,600.0,UNSAT,1.1,20963,1476585,,2c31bf0374de005f96087e4594b90f9fc3e38fa3e0ec6d8eaaf5405ba1257b35,drat-trim,0.7,True,987.1,23:01:52,
2694,0,14,1,600.0,UNSAT,1.9,40577,2714468,,b45330ea6e3b805519a2af7b85d36c72e69fa4d9e541e9661772d2d1bb005719,drat-trim,1.6,True,987.3,23:01:52,
2698,0,14,1,600.0,UNSAT,1.3,24539,1711539,,381ddb1e3ffa3a29c4dba1d23b1ee3d0c55a32d344fda0164b87d3a54d42765b,drat-trim,0.9,True,987.3,23:01:52,
2695,0,14,1,600.0,UNSAT,1.9,40325,2718018,,253ed7f32f49f55bb89d5e5e5bd53fe56405858d19def8d508e6f613d7e25c7b,drat-trim,1.5,True,987.3,23:01:52,
2675,0,14,1,600.0,UNSAT,5.3,103559,7481845,,8076f9d61a2211d98d6331d81643f7448d764e9cf00139e799b275f68143b18b,drat-trim,4.9,True,988.2,23:01:53,
2692,0,14,1,600.0,UNSAT,2.9,57336,3738229,,2ad8a4fd715c4cac5adfc98d0fc83d92629cd8b86e4ab4175b03bf902183f285,drat-trim,2.1,True,988.5,23:01:53,
2704,0,14,1,600.0,UNSAT,1.1,25791,1570113,,eb00d87cd0de2e35f638118f500e64ce35922629fe5aa6cb471ced91bacce3df,drat-trim,0.6,True,989.1,23:01:54,
2686,0,14,1,600.0,UNSAT,4.3,84833,5925195,,7d9e5113fb069f178ea60917364c4ce438297c2c2f5a424f5af6d53fb3dd8c68,drat-trim,3.1,True,989.4,23:01:54,
2703,0,14,1,600.0,UNSAT,1.3,28476,1958518,,cd3310036aecdfe8905d72df153793aef1d26e10fe56a054b96109e8f2eb42b7,drat-trim,0.9,True,989.6,23:01:55,
2655,0,14,1,600.0,UNSAT,9.1,175881,12347877,,c8486334bb66dded4dcb1a1718f43f6d1a027f71de2c49fcbb9b4291a6fd9ec9,drat-trim,8.6,True,989.9,23:01:55,
2693,0,14,1,600.0,UNSAT,4.2,78972,5223003,,0f3e0e2458efde45b56c2b2a51821b8d2579f8279bc3a8443bbfddc067da009e,drat-trim,2.7,True,990.4,23:01:55,
2702,0,14,1,600.0,UNSAT,1.9,43551,2876017,,9cf6f87cd20fb1cfd863f556deafebb419026e4eb1d52c24416da14627e2cf16,drat-trim,1.4,True,990.6,23:01:56,
2705,0,14,1,600.0,UNSAT,2.1,46975,2935216,,746a0d7c959d0acfd655645eaecbc124201f7c83dd3d451f5a0c9c3fc5ebddad,drat-trim,1.4,True,990.9,23:01:56,
2700,0,14,1,600.0,UNSAT,3.2,64583,4366091,,54239927870b78f9219ae5e07fb87f93c2e1e88078b9a86488326b4b2e8c25a3,drat-trim,2.1,True,990.9,23:01:56,
2712,0,14,1,600.0,UNSAT,0.3,6961,355993,,83f9fcca41619d1ef91d36d3fc1db1b59d8d7d25a841d5d8422d08796e514761,drat-trim,0.2,True,991.0,23:01:56,
2679,0,14,1,600.0,UNSAT,6.5,125296,8856834,,c05bfd2681dbe13481c193d4c66db9a0f5fd3c2e99bbf77a84897882474a6343,drat-trim,5.6,True,991.1,23:01:56,
2707,0,14,1,600.0,UNSAT,1.7,39001,2475358,,3d2413fdd9b248839e33c10d59f5f3f8c387ba09aad598c415c6aff9390591ac,drat-trim,1.1,True,991.3,23:01:56,
2713,0,14,1,600.0,UNSAT,0.4,9502,806359,,c95e62c228f5ed86371ac8f4a3dfa95d5991af049772b39fc0ee7511b6d71208,drat-trim,0.3,True,991.3,23:01:56,
2683,0,14,1,600.0,UNSAT,6.8,122605,9368682,,79af9a12436247e60c4179ec8619171f356f6e0319b4b9e89c266e395484ff13,drat-trim,5.3,True,991.6,23:01:57,
2706,0,14,1,600.0,UNSAT,2.3,52165,3430262,,48b2976388b60ce6df4ea945e069bfaf159035c71a8ba0c6d817680ece86d688,drat-trim,1.5,True,992.0,23:01:57,
2715,0,14,1,600.0,UNSAT,0.7,17182,1253421,,16b6fb59c3adaad8df3a50c01a1ed1ded8a72a5ddd504953a1d28517ed5f57be,drat-trim,0.5,True,992.1,23:01:57,
2720,0,14,1,600.0,UNSAT,0.5,10884,670600,,8c6112f1d39f13deddb5f7011a768295f22eba8e2dd48468ec0bf14f27fe6861,drat-trim,0.4,True,992.5,23:01:57,
2687,0,14,1,600.0,UNSAT,6.3,119587,8293767,,a7c94fc4479f94af7c643306409e5f0769cae253ada581d26a593a4e97abb55c,drat-trim,4.6,True,992.8,23:01:58,
2721,0,14,1,600.0,UNSAT,0.6,13693,899016,,66040b6ed794ac0d5b2341e5242538a49348f7d10e45eb9afd511dbfc724e3c1,drat-trim,0.4,True,993.1,23:01:58,
2714,0,14,1,600.0,UNSAT,1.7,40007,2673401,,afc6c684b17c300279e6703fa2db5b55325c2aca5825c4ad025daee05dc59f35,drat-trim,1.0,True,993.7,23:01:59,
2723,0,14,1,600.0,UNSAT,0.6,15405,1276814,,aa21688094eca56cfbc670cc3a9f4c8a2a28207fba213d64820670d984d1f1b8,drat-trim,0.4,True,993.8,23:01:59,
2722,0,14,1,600.0,UNSAT,1.0,27349,1845481,,65793c04d3a939dd2f1c8c07852de0f82766be68382f0191a7a88faffe0741b3,drat-trim,0.7,True,993.9,23:01:59,
2701,0,14,1,600.0,UNSAT,4.3,88981,5761862,,51951add640d53d396b875323e5a69b4768330e93b61f65e668a2239057f12a0,drat-trim,3.0,True,993.9,23:01:59,
2719,0,14,1,600.0,UNSAT,1.7,41407,2667075,,8dd1536439dfcc967b0dce926fda57493bffec1b5f65985c1aac3a1387634a93,drat-trim,1.0,True,994.0,23:01:59,
2718,0,14,1,600.0,UNSAT,1.7,40321,2748326,,1f590734fd299f53ab0585becc5980361428407082df226f5ebea65118573b0f,drat-trim,1.1,True,994.1,23:01:59,
2716,0,14,1,600.0,UNSAT,1.8,47005,3101158,,e2dfe9c4e4de61181351997f058da74082746beb0657b0b6f51f2efe15491272,drat-trim,1.4,True,994.2,23:01:59,
2729,0,14,1,600.0,UNSAT,0.4,8939,924909,,f64e5211cc488e5cf47966b5c0237aceda341d07c2897c50b63a9e2659e33ea5,drat-trim,0.4,True,994.7,23:02:00,
2724,0,14,1,600.0,UNSAT,1.2,30262,2179944,,ef23525db214fa6cbce07e6c98a3e8ca7b46e2ae5baa79080b7ae56f5548e350,drat-trim,0.8,True,994.8,23:02:00,
2728,0,14,1,600.0,UNSAT,0.6,13899,879423,,e45975270815d62bce287871d8a46bafd27aa58e76d0155458eadfa4fd710786,drat-trim,0.5,True,994.9,23:02:00,
2708,0,14,1,600.0,UNSAT,3.6,81159,5209245,,7c717abd646b78eca891d4159cc6868645db08986de9c1b16dd7402aae12c2e8,drat-trim,2.7,True,995.4,23:02:00,
2717,0,14,1,600.0,UNSAT,2.6,61597,4296725,,0a78faf786ced4410743b9e7228709ad78aeb5d26a761ee3d4e5995d1a762e62,drat-trim,1.8,True,995.6,23:02:01,
2725,0,14,1,600.0,UNSAT,1.6,37823,2674586,,240b9178ed13093453b0e7927fb236d1c3792f8b2cbd598ced5c8ad0c868957f,drat-trim,1.1,True,995.8,23:02:01,
2710,0,14,1,600.0,UNSAT,3.6,83891,5786310,,ce69c3f5696d24c672990e1af3a7e27fd221929cb383a23d9c1beb983c91fc6b,drat-trim,2.8,True,995.9,23:02:01,
2730,0,14,1,600.0,UNSAT,1.3,31877,2369384,,001a5fbbc0c5c518b052356e190f7b3dd315d0acffe1f2fd35a89d63e412a5be,drat-trim,0.8,True,996.2,23:02:01,
2727,0,14,1,600.0,UNSAT,1.5,31729,2592867,,651bd929469872c7aa31a0fc77481189dcbf37e5b83a9bcd9130a015147c07af,drat-trim,1.0,True,996.2,23:02:01,
2731,0,14,1,600.0,UNSAT,1.3,31307,2175172,,9e6261021006eaea6440a480c86bc1ed52a8a4f2d77ce1abca8577c4958d1430,drat-trim,0.9,True,996.3,23:02:01,
2709,0,14,1,600.0,UNSAT,4.1,91684,5883603,,123ed58445140c1a929b1de2e063dff88e48ecadca51b0052ce8dad7715659b9,drat-trim,3.1,True,996.6,23:02:02,
2711,0,14,1,600.0,UNSAT,3.9,86272,5777664,,f100203188911468e384c6d81806b7d462b9e39693cea44ef55e3010a505e433,drat-trim,3.2,True,997.0,23:02:02,
2735,0,14,1,600.0,UNSAT,1.9,47412,3374862,,0dcb4ea723236cbbb91b0f5283801f4d12dd05b289f45274ce45f6d65aadf0b6,drat-trim,1.2,True,998.1,23:02:03,
2734,0,14,1,600.0,UNSAT,2.0,48197,3353748,,db9076ce0f1f880853d87432cd99c30c68e5cb284000840af44e658e79796ddf,drat-trim,1.5,True,998.3,23:02:03,
2732,0,14,1,600.0,UNSAT,2.6,60118,3933608,,2c6be2610388099b8dcbcfc5ab4d98bb831c7e916cdb8de84066cbf6ebab8c47,drat-trim,1.9,True,998.6,23:02:04,
2738,0,14,1,600.0,UNSAT,1.9,45076,2895712,,a90040dd98690dc51a890cb757da4e5e6d6551dcf29f0bf8759eb4ec58bbd0f1,drat-trim,1.4,True,999.1,23:02:04,
2740,0,14,1,600.0,UNSAT,1.8,43416,2900639,,3ada78792aa91617ceb9dae1f76ac2aee2281bf272473104c73f39d71701b6b6,drat-trim,1.2,True,999.2,23:02:04,
2726,0,14,1,600.0,UNSAT,3.2,72439,5050439,,96868c475308a6590fedd5c4756605f339f59a78a38ee8469ead7642c74af129,drat-trim,2.4,True,999.4,23:02:04,
2733,0,14,1,600.0,UNSAT,2.7,65200,4311143,,b3d487338d078dad3ec3816f36c4e5bf1534a8351901325192b7760226f13485,drat-trim,2.0,True,999.5,23:02:04,
2742,0,14,1,600.0,UNSAT,2.6,59872,4257604,,442c813ae998278f525dfad6c4515baea2d3e4872c86e90902d387aadfbc8a7e,drat-trim,1.8,True,1000.7,23:02:06,
2752,0,14,1,600.0,UNSAT,1.2,29882,2079105,,1d538bb2d962265a1071f223cf5de7f18ade4af69e87c2a5b306dce7f72e66fc,drat-trim,0.8,True,1002.7,23:02:08,
2753,0,14,1,600.0,UNSAT,1.0,26331,1783693,,cf4eb9925e392cb4ce566d0e48fa8111160b5d870b7566dcce8392e9a66802f9,drat-trim,0.8,True,1004.5,23:02:10,
2744,0,14,1,600.0,UNSAT,4.2,90270,5941987,,bd058274d10052c987840ac593607f07edf76a314cc89e843dfb97261eb327cf,drat-trim,3.6,True,1004.8,23:02:10,
2750,0,14,1,600.0,UNSAT,3.3,69458,5383351,,33b384c18d471edbb2bcf392087e7f674f49695ebbfbd3217255fdd541668349,drat-trim,2.6,True,1005.2,23:02:10,
2746,0,14,1,600.0,UNSAT,3.7,83328,5627637,,32e465457bef5532a726dbb833abaebf942794ef6d226fcb9063392193f7725e,drat-trim,3.2,True,1005.2,23:02:10,
2737,0,14,1,600.0,UNSAT,5.0,108877,7776815,,b6d86153b4d7077c5f45de84014e425e8bad65df5f7387a8d1c9f93036d68ca1,drat-trim,4.8,True,1005.4,23:02:10,
2741,0,14,1,600.0,UNSAT,5.9,128271,8981277,,fe93b4dae4ca13094ee25673a22a95e9b67c17dbd7c1de40105f239f07df9136,drat-trim,5.0,True,1007.2,23:02:12,
2736,0,14,1,600.0,UNSAT,6.4,134780,9202194,,eb60928e23eac2e320af15b867dbce116100fd892aa4e1d86ad7ffc2c88ba6e1,drat-trim,5.7,True,1007.4,23:02:12,
2754,0,14,1,600.0,UNSAT,1.6,36415,2366964,,425cb919aa78051344e689f26b168560ed2a5085909be17f919c52bafac28777,drat-trim,1.1,True,1007.4,23:02:12,
2743,0,14,1,600.0,UNSAT,5.9,121855,8595150,,cf06d5a7f850f53779ffc8a4e52af9aec764fc58eff6f7585e297315c1825c2f,drat-trim,5.4,True,1007.9,23:02:13,
2739,0,14,1,600.0,UNSAT,6.2,131841,9105156,,6631124f6092083ede71ffc2d87b14babe6fa6cb382db09be717a3e95caf4a01,drat-trim,5.9,True,1008.0,23:02:13,
2758,0,14,1,600.0,UNSAT,1.8,41697,2958974,,325a6f3b5c5fd340ed0ae9db374f928107f02e4c9d2f2de0a5664482b944b5a2,drat-trim,1.1,True,1008.3,23:02:13,
2760,0,14,1,600.0,UNSAT,0.5,12469,937902,,2a4b867d5b38bfa3cc7cc07abdb7595efa066a88a1bf53e878f8c0ba2a29ddd8,drat-trim,0.4,True,1008.3,23:02:13,
2756,0,14,1,600.0,UNSAT,1.9,45114,2873154,,2d3242c61214de17b08619f9382669b2aec1540eef1fbf09e3b7285b35c41e51,drat-trim,1.3,True,1008.5,23:02:13,
2747,0,14,1,600.0,UNSAT,5.5,110572,7852800,,9a79c274bd49539a90e23f00f16f59df584632b069802ac42037b81c70ecc008,drat-trim,4.5,True,1008.7,23:02:14,
2762,0,14,1,600.0,UNSAT,0.6,13761,890674,,a83e9cfc6afc4a2b6063178efe8c5f98dfeefe7c8e081bdb4d3162b4930b566b,drat-trim,0.4,True,1008.9,23:02:14,
2757,0,14,1,600.0,UNSAT,2.3,50908,3637486,,e4232d19a859b7591cf53731077a3dfab01d36781a40175a763f4bbacf737d33,drat-trim,1.6,True,1009.1,23:02:14,
2763,0,14,1,600.0,UNSAT,0.7,14727,1228209,,9dab6c5d7ceb2a0a83982d48ba7d1baa7f3cb44817c57d28ca5f47381f25bc96,drat-trim,0.5,True,1009.1,23:02:14,
2761,0,14,1,600.0,UNSAT,1.1,29780,2011562,,9015015e9989d75226ef58546b942da6324c12cc317771d56d7f134731a19145,drat-trim,0.8,True,1009.3,23:02:14,
2745,0,14,1,600.0,UNSAT,6.1,120099,8422366,,01dad19e562bce43c107f84fc7e7f86f4e7227def695ebb7d8c4582b72e99298,drat-trim,5.1,True,1009.5,23:02:14,
2751,0,14,1,600.0,UNSAT,5.6,111685,7844395,,d46e325e34eaf87d6f138701b8fc8b9edf1b1a72f7b4a707b7a7f122396763c5,drat-trim,4.7,True,1009.8,23:02:15,
2764,0,14,1,600.0,UNSAT,1.1,28306,2003806,,3c7a4c0bce9517114844643359787be49204d770682f4230b21f75e3e3b4c70c,drat-trim,0.7,True,1010.1,23:02:15,
2765,0,14,1,600.0,UNSAT,1.1,28229,1842114,,fd0473f317234da944df5ef7f82abb5f4760af2b9154c0ef8613e3d03bece425,drat-trim,0.8,True,1010.3,23:02:15,
2759,0,14,1,600.0,UNSAT,2.0,48109,3487239,,b2e78c5cbc42f9f1ddf58a9b68531fb6297a43ece95a52c0f6b837f6e718ed9c,drat-trim,1.5,True,1010.7,23:02:16,
2766,0,14,1,600.0,UNSAT,1.8,43379,2881740,,5d8d18cf9de7b4292c4938d5e8cdb758d038db63be2dc6485ac0d026b95c40e7,drat-trim,1.1,True,1011.4,23:02:16,
2770,0,14,1,600.0,UNSAT,1.5,36372,2467116,,ca825c5a320187c614596732777f80fdad3ebcb617dabd91aea8a6e5ad29d0ba,drat-trim,0.9,True,1011.6,23:02:17,
2755,0,14,1,600.0,UNSAT,4.2,88050,5974892,,43b95d57448c54e94b4381db7128336d5be11f6f8d994fd714a1456c3e245840,drat-trim,2.9,True,1011.8,23:02:17,
2768,0,14,1,600.0,UNSAT,1.9,46762,3228339,,e513f79787ba737095a9f7859a990f53fd61b25c702ceae8a8d08b300bfd69d3,drat-trim,1.3,True,1012.1,23:02:17,
2776,0,14,1,600.0,UNSAT,1.5,35733,2419506,,76dce94dee1d14f155adacd21d5a131790ac0bd7352b1cadd993c94d1e343142,drat-trim,1.0,True,1013.2,23:02:18,
2774,0,14,1,600.0,UNSAT,1.8,42966,3001201,,85a362a5f9d102408caed70f1227cdc4eeaef95dbf9c614bab7232b3acd73afd,drat-trim,1.3,True,1013.2,23:02:18,
2767,0,14,1,600.0,UNSAT,2.7,63058,4319118,,8e07424c601833640a96a2306e273d096ba2d56cf32a735930fd484cd9d05b9d,drat-trim,2.0,True,1013.4,23:02:18,
2780,0,14,1,600.0,UNSAT,1.1,25055,1754030,,5d17b52c37acb247cf18d1699c513ca0d946211128793951b1fbf261eaa7c46b,drat-trim,0.7,True,1013.9,23:02:19,
2748,0,14,1,600.0,UNSAT,8.4,162396,11106343,,f5bae9b0d8b9e4a101edf188fce43f731db3f7461756d376449c562c291241a0,drat-trim,6.5,True,1013.9,23:02:19,
2772,0,14,1,600.0,UNSAT,2.7,67756,4516829,,2873c584314e9d252154494d8063c66a1230af5646f513de666c8b8ab74d2535,drat-trim,1.9,True,1014.1,23:02:19,
2778,0,14,1,600.0,UNSAT,1.6,38028,2811708,,98fcbb7edbaa0798aab3dfc38ef1c1941ebfc3e2955bc00c5426832feeaf3422,drat-trim,1.1,True,1014.3,23:02:19,
2785,0,14,1,600.0,UNSAT,0.5,11245,779099,,bf4c7ca8d68360060a9492570801ae5056bc4f59bc5d0bb091cd274c02239017,drat-trim,0.4,True,1014.8,23:02:20,
2784,0,14,1,600.0,UNSAT,0.7,15558,1259922,,979c0880d5fe66ee98e21eb1958215e60eec33ac7cd6461ce4c899810a60f78f,drat-trim,0.5,True,1015.0,23:02:20,
2786,0,14,1,600.0,UNSAT,1.0,25485,1686727,,cd25ca4d503f0e033176e11e994bc197d59684f9856fa8695fd148f5bdd598de,drat-trim,0.6,True,1015.8,23:02:21,
2787,0,14,1,600.0,UNSAT,1.1,27168,1798745,,3746b646bf2e7b27b76b82df067958b917adda3fd47838eff3f7d6074c2df46a,drat-trim,0.6,True,1016.0,23:02:21,
2788,0,14,1,600.0,UNSAT,1.1,23935,1806100,,aea20cf9b14307998d0e45fc5cfc3da96901779bb716b6d4e85ebe86160227c3,drat-trim,0.7,True,1016.6,23:02:22,
2781,0,14,1,600.0,UNSAT,2.3,56075,3746580,,30d46c5435eb397604d66e772e3acf36726b6fad5b2912a51f454cad7d31202c,drat-trim,1.5,True,1017.0,23:02:22,
2792,0,14,1,600.0,UNSAT,0.7,16752,1300074,,072c5a218f1e12cbe1a6cf507ee7bebb0bd22037c1a9e7706bf642d133280f3a,drat-trim,0.5,True,1017.8,23:02:23,
2793,0,14,1,600.0,UNSAT,0.7,13973,780579,,3ddbfa0320ddd1009c49e50b955ef6dda19e21acd3c58eda980721d3fc17b365,drat-trim,0.5,True,1018.1,23:02:23,
2789,0,14,1,600.0,UNSAT,1.8,42069,2894266,,ac0b6fae51eefbb5ca50f067609bf07e66f431bcf3fa98c27154857f4f0de3e5,drat-trim,1.3,True,1018.3,23:02:23,
2782,0,14,1,600.0,UNSAT,3.2,70537,5316385,,24dfa04e4540333950061b0e33cba341d143e4cf349bbdf579af7e8b2423183d,drat-trim,2.5,True,1019.0,23:02:24,
2777,0,14,1,600.0,UNSAT,4.1,91024,6305602,,b8f49dcbfd157f3b22d577c4f4e87df3cb883512280040f12d0cb1ae4b839f92,drat-trim,3.7,True,1019.2,23:02:24,
2783,0,14,1,600.0,UNSAT,3.2,76102,5202670,,247f75da2e22a67c90a4d7db19410188258d43d2a6e345f00e04ac9fad67ad5d,drat-trim,2.8,True,1019.4,23:02:24,
2769,0,14,1,600.0,UNSAT,5.4,115859,8209597,,f90b73ae4794c53f3f13dc05049ec5d2bf90bccbc52b1c631f54325b6012b151,drat-trim,5.0,True,1019.5,23:02:25,
2791,0,14,1,600.0,UNSAT,2.1,48199,3555400,,59df08c51c34e4f45f7327d4e2edde9803d8b413bc90923023f6896474bb458f,drat-trim,1.5,True,1019.6,23:02:25,
2749,0,14,1,600.0,UNSAT,10.9,210659,14581260,,733e799ff3085d21cad2dee48076037795dcc159e3573ba4ff92387a8f9b4aff,drat-trim,9.7,True,1019.9,23:02:25,
2775,0,14,1,600.0,UNSAT,5.5,116981,8251067,,305e3e13103f5775af50ea9b17c8b358e9ac620c0565d61df08f191f7b8f624f,drat-trim,4.8,True,1020.5,23:02:26,
2794,0,14,1,600.0,UNSAT,1.9,42026,2763081,,c11aeab797fc83381cfdd10c84eeed22733a012a614d138d5d139f3475fd2e79,drat-trim,1.0,True,1020.7,23:02:26,
2795,0,14,1,600.0,UNSAT,1.7,39104,2588485,,a30fdc129dddfd86d42827743faebc1a146a3e32d4f8e59f2ca6ac4b8b6583eb,drat-trim,1.0,True,1020.8,23:02:26,
2771,0,14,1,600.0,UNSAT,6.0,125133,9030586,,06def212159ad0ae44ffbe15529a9afd2a0be664a3d459051ccd5cc1a554085a,drat-trim,5.5,True,1020.9,23:02:26,
2773,0,14,1,600.0,UNSAT,5.9,123703,8840729,,c38bf49157e53494987be2ee8f9bfd83544fb35412fbc2d4f03d32999b9fcde3,drat-trim,5.1,True,1020.9,23:02:26,
2799,0,14,1,600.0,UNSAT,1.4,32516,2564575,,884747ecf0163b196224af9c5d7a63a9db87780af2e7dc8de6eee4c1631a702d,drat-trim,1.1,True,1021.9,23:02:27,
2790,0,14,1,600.0,UNSAT,4.0,82715,5653921,,d17c21f00a0d468a12c02dc1395b1b01e2557df1fc9a899249eeb06deb0fbfc5,drat-trim,2.6,True,1022.4,23:02:27,
2798,0,14,1,600.0,UNSAT,2.1,48468,3676695,,acae0995839373eace4d68d3506ee8a87bdc840bf5244523c83bb669e9a0fc82,drat-trim,1.4,True,1022.7,23:02:28,
2797,0,14,1,600.0,UNSAT,2.5,58048,3940649,,cd511a863f3d4e276532a3541f94e01e76f28dfc12e06ecd27a0cc7131226a86,drat-trim,1.7,True,1023.2,23:02:28,
2796,0,14,1,600.0,UNSAT,2.9,66060,4153740,,176fb3de849f660104e89fe9e594194ea705694a00431ab1d0e91b2b3cae7593,drat-trim,2.3,True,1023.5,23:02:29,
2802,0,14,1,600.0,UNSAT,2.6,59872,4020903,,fda5668357fad97e5dc5557049751721c710ad38c87049fe89813825b1b190e8,drat-trim,2.0,True,1024.4,23:02:29,
2806,0,14,1,600.0,UNSAT,2.2,52822,3521784,,84feb9f865b5bdb0a21ecc87d9ff7e7f4f014abca199b7d5cdf471c5bb9d544b,drat-trim,1.7,True,1024.8,23:02:30,
2804,0,14,1,600.0,UNSAT,2.5,57629,3868413,,2e0f9eb844fd2f7d5e1416e5d271777feda75dda3758d68312e4c7df499b8cf9,drat-trim,1.9,True,1025.1,23:02:30,
2808,0,14,1,600.0,UNSAT,3.0,67743,4663303,,21f3edb08162b0fded1d6a20c92c70366feac25b386bfad70f59d5a6a3f2dbcc,drat-trim,2.2,True,1027.1,23:02:32,
2779,0,14,1,600.0,UNSAT,8.3,166918,11750312,,f9569a8e0eaf96b2ede66d433f769f4b48b6e80233131bd68bad98b009c47e9f,drat-trim,7.3,True,1027.5,23:02:32,
2810,0,14,1,600.0,UNSAT,2.8,63971,4474169,,ca44638c0722b0f8d12add528d4a959c47535109ee5b5333758bacc2cf9d49bd,drat-trim,2.1,True,1027.7,23:02:33,
2816,0,14,1,600.0,UNSAT,0.4,10377,653854,,29b0ebc1eb6f8c0ca63227a24e8a4668596e53ef92233020ffa1da48298261ee,drat-trim,0.3,True,1028.0,23:02:33,
2817,0,14,1,600.0,UNSAT,0.3,8069,414174,,8daaed75e7af7ee9371587b418b3276378b0b908b180b6b0e79155c4f690870e,drat-trim,0.3,True,1028.1,23:02:33,
2818,0,14,1,600.0,UNSAT,0.5,10512,682026,,d0d79fcde0246db17595898d4fc9649e033fd6bfbf6a1938697e93b72c4d657d,drat-trim,0.2,True,1028.4,23:02:33,
2821,0,14,1,600.0,UNSAT,0.2,4961,269967,,716b51adb93717738381a1f088a3fea7ee7617d040b417991623ea9bc9f8c929,drat-trim,0.2,True,1028.8,23:02:34,
2819,0,14,1,600.0,UNSAT,0.6,16064,1207060,,e58b8a4283e4fde1db97e819d139e7c4d951a7ed733383b9973a74e7d23a000f,drat-trim,0.5,True,1029.1,23:02:34,
2820,0,14,1,600.0,UNSAT,0.7,17329,1285052,,8c432b2c59d183d50e6b9051aef342625a42581055cc474d955a17340ed969c6,drat-trim,0.5,True,1029.3,23:02:34,
2800,0,14,1,600.0,UNSAT,5.4,120090,8511299,,7ede9c0dbf3a5a684e0fab89ab5a305b45daf92542932382610f09eb24ecd30f,drat-trim,4.7,True,1029.7,23:02:35,
2822,0,14,1,600.0,UNSAT,0.7,16737,1204690,,0feaa6f2092cc5522db2549790306d6f4ea221c2b4ad87b42864e212417494a5,drat-trim,0.5,True,1029.9,23:02:35,
2825,0,14,1,600.0,UNSAT,1.1,26841,1995886,,e734e3d28aee9705c26c34252486aeb0b1700a8141017b3c3ba0bf2368516a92,drat-trim,0.8,True,1031.7,23:02:37,
2823,0,14,1,600.0,UNSAT,1.6,40335,2666483,,475d8d2ff79c2b60860ea438fdc39c37329f3a54271d7e3b26ee042e9c99eeca,drat-trim,1.1,True,1031.8,23:02:37,
2826,0,14,1,600.0,UNSAT,1.1,29335,2102216,,af1b1de9d002a52f01bf12bf6dd8900e8197ddc8b5962f11a27f307e410e27c1,drat-trim,0.9,True,1032.0,23:02:37,
2824,0,14,1,600.0,UNSAT,1.6,39168,2838628,,8453d3dd27c26d02db932e8e8c382f5ab12a3c5a46d748c4d1c3430a26c29a66,drat-trim,1.1,True,1032.0,23:02:37,
2811,0,14,1,600.0,UNSAT,5.4,116423,8094437,,7ed6720a5c7354fa452dc86068d4a0b7efb8d65837b16bdbe63fe677c8b68754,drat-trim,4.6,True,1033.1,23:02:38,
2829,0,14,1,600.0,UNSAT,0.6,14313,1019688,,45b37667587092d191b3bad13929f66d1dbe9f9b6b38df51f5d5c028d2348adb,drat-trim,0.6,True,1033.3,23:02:38,
2830,0,14,1,600.0,UNSAT,1.1,27569,1996545,,b0a1d8434ca73a54dd5b64392a071e6026b1c7923ce10fd4d5b2d9d06253960d,drat-trim,0.7,True,1033.8,23:02:39,
2828,0,14,1,600.0,UNSAT,1.5,38385,2677298,,d17d29797833e5baf0b86d8f5bd9e53f4e6e51f65da5358c28af315deab10673,drat-trim,1.1,True,1034.5,23:02:39,
2832,0,14,1,600.0,UNSAT,0.7,17517,1234930,,6af1b108978f139b591f73175d2bad78a1698a4cd0a9afc3beb7065575998aa2,drat-trim,0.5,True,1034.5,23:02:39,
2814,0,14,1,600.0,UNSAT,5.2,115021,7810729,,8f2c3ab438df306eefe94f92bdaec93675a5ba30213110ddd9480cdc644f8080,drat-trim,4.8,True,1034.8,23:02:40,
2831,0,14,1,600.0,UNSAT,1.1,27482,1983998,,206ae973a30b6ddc70711b1173528712b1eaacb9e59b872a220454fa6ba1c37f,drat-trim,0.8,True,1035.1,23:02:40,
2815,0,14,1,600.0,UNSAT,5.2,110475,7956121,,d2915ad46692a9f22a36150686a33ac75bc882751cf7fa7d61bd0bf73234ad33,drat-trim,4.9,True,1035.3,23:02:40,
2827,0,14,1,600.0,UNSAT,2.3,51191,3335133,,a8f591e1cf1ae3857d41cc7404c0decc09f7325ec9b71835384871e08f8b064d,drat-trim,1.4,True,1035.4,23:02:40,
2833,0,14,1,600.0,UNSAT,1.1,26528,1628271,,de0b8b04c36a4c4759e9a003aab246159cb6e59102d0163e7315635f59d60a2c,drat-trim,0.7,True,1035.7,23:02:41,
2809,0,14,1,600.0,UNSAT,7.0,141007,10101079,,b370b696ac44c5522be3ece3e37ecd76a8d22e8750a915715c65e9aee48f09c4,drat-trim,6.3,True,1035.7,23:02:41,
2834,0,14,1,600.0,UNSAT,0.9,18661,1429275,,f52adcf9ab35fe4584cd071c8571112139cff4347fb8f2c1cfd32aed24e35062,drat-trim,0.5,True,1035.9,23:02:41,
2801,0,14,1,600.0,UNSAT,8.7,165550,12360687,,6c4e922fc89e3e70f4215f53bc56e321ea20354ba2840dfb1caa952e9fe108a9,drat-trim,7.6,True,1035.9,23:02:41,
2835,0,14,1,600.0,UNSAT,1.1,27065,1872552,,de496daaff068d030fd4420177888390f2241c994792cb3e2301487324413af7,drat-trim,0.7,True,1036.3,23:02:41,
2807,0,14,1,600.0,UNSAT,8.2,164639,11458408,,3f526017718f5cac49bde26bb7c8caee6c6ed75d34dd2ac8c1054be5dc1852b9,drat-trim,7.3,True,1036.5,23:02:41,
2837,0,14,1,600.0,UNSAT,1.1,28444,1960292,,4a720f411a1d732b1260ba6eb4213fa3e03d09bd9655a3c01311f0a48a205750,drat-trim,0.8,True,1037.1,23:02:42,
2805,0,14,1,600.0,UNSAT,8.4,177163,12231647,,b020624996a951fa5d06bf06b0c8df0a0d5dd8f9ecc3efd35d33ea6d439bc4e9,drat-trim,7.9,True,1037.2,23:02:42,
2803,0,14,1,600.0,UNSAT,8.9,180375,13175637,,5bfc4c93c44e03567197dd88cb672c23ea2ceee2060572cd4333b19d088e07a8,drat-trim,7.6,True,1037.2,23:02:42,
2836,0,14,1,600.0,UNSAT,1.5,36450,2456562,,f1e46943620fa6c354bbd4abef186e265aa668ac71fc50c8d4d8ee93b93ab13c,drat-trim,0.9,True,1037.2,23:02:42,
2812,0,14,1,600.0,UNSAT,7.4,149595,11145006,,2df06f4ab0c0e4050232abe80cda4e3476e08d691f894a5fd49fbb6ac3fcf721,drat-trim,6.4,True,1037.3,23:02:42,
2840,0,14,1,600.0,UNSAT,1.1,28367,1876441,,48bc0ab67b56da7b6dc028fab7e25be3304bf180fe0abe12e4c0a51e61ee5101,drat-trim,0.7,True,1037.4,23:02:42,
2849,0,14,1,600.0,UNSAT,0.2,3233,225784,,822298395c8b3186f85eb6646810fc1a263f55c46938c0f6d26a4947a829cfa8,drat-trim,0.2,True,1037.6,23:02:43,
2848,0,14,1,600.0,UNSAT,0.2,3568,249259,,e0cc2990f94472f79c6a51da0f23daad356980fb9e4c3a7d90da1ed953a7567d,drat-trim,0.2,True,1037.6,23:02:43,
2843,0,14,1,600.0,UNSAT,1.1,26373,1717979,,cb6b5ce22a7a55d4964888a3376680a12c991b3b69b7b878ff2fd11611f5f03e,drat-trim,0.7,True,1037.8,23:02:43,
2838,0,14,1,600.0,UNSAT,1.5,35627,2628074,,f99177fd20e395d498e0302d8eec2f40fcb15754faac961dd3f0ff0d09d194e9,drat-trim,1.0,True,1037.9,23:02:43,
2842,0,14,1,600.0,UNSAT,1.2,30628,2165039,,2a0a555ff3244d0baf798bf3b922813928f7ae0890004a99c27cbbc5a519f95b,drat-trim,0.8,True,1038.0,23:02:43,
2844,0,14,1,600.0,UNSAT,1.0,25164,1831863,,39a0832a04e51f48faae99ef81023da3c72728c058127ce395cbfcba70167064,drat-trim,0.7,True,1038.1,23:02:43,
2850,0,14,1,600.0,UNSAT,0.4,8998,750428,,8098e7fffdf02d4600c36e0afce7855d7caf464540558402a652a8fd7c052ffb,drat-trim,0.3,True,1038.1,23:02:43,
2841,0,14,1,600.0,UNSAT,1.6,40785,2639472,,e8a476c8973350ed074aa2828511b840f7c18fa3d3dfb91784df7b0342b49c30,drat-trim,1.0,True,1038.2,23:02:43,
2851,0,14,1,600.0,UNSAT,0.5,11500,713019,,7e08a610ffe13f94dd74c0b3862ed64d88a3940e7c7610a662bfb31543377d91,drat-trim,0.4,True,1038.4,23:02:43,
2845,0,14,1,600.0,UNSAT,1.3,31050,2344555,,9c3cce996330d938ed69ddd151d5daca4710a83755165b36ed06eee4d6d68009,drat-trim,0.8,True,1038.6,23:02:44,
2857,0,14,1,600.0,UNSAT,0.4,9870,638129,,fee8ce84989d63906c94faefbbfa4972f02036b321d49b01c98c5d80589eff84,drat-trim,0.3,True,1038.8,23:02:44,
2846,0,14,1,600.0,UNSAT,1.2,29790,2241197,,ddb7e97a5a122dbb93d410d26d668c1f331dbcea7e584f54581db988ef333d4f,drat-trim,0.9,True,1039.2,23:02:44,
2858,0,14,1,600.0,UNSAT,0.7,17117,1155342,,44b194c82e528ca0373871fada8a4af812c46026c69b8f9d024d3767b6977efe,drat-trim,0.4,True,1039.2,23:02:44,
2852,0,14,1,600.0,UNSAT,1.0,23621,1831817,,6620e2b9fc1da32ec6157253c38385db205bec648e574a6ed1c9db10904c1068,drat-trim,0.7,True,1039.3,23:02:44,
2856,0,14,1,600.0,UNSAT,0.8,18284,1474586,,0787a1a1c69ce69c43a71b11f9e5487bc26af8c13848779a3492fa0d843b23ef,drat-trim,0.5,True,1039.3,23:02:44,
2859,0,14,1,600.0,UNSAT,0.8,17890,1312355,,c3f77ff48ef2bd6da9ae490dcaf6f5ddcbd8f6c421a9c58429ddf3b2ced58582,drat-trim,0.5,True,1039.5,23:02:44,
2839,0,14,1,600.0,UNSAT,2.7,64791,4593443,,bc6412beb6cc98f0289f36c61dc5a610a8f95c5ec24c329f21a4ab4cfd764bcb,drat-trim,2.0,True,1040.1,23:02:45,
2854,0,14,1,600.0,UNSAT,1.4,34629,2703664,,1f409d25a05288e856c821a388dfe50019411bacf856cc03c899214bd2b8ece7,drat-trim,1.0,True,1040.2,23:02:45,
2860,0,14,1,600.0,UNSAT,1.1,26461,1875947,,a29fbeea3fb33dc10b72452dfb3b5f16085cb6599f4df40a3c377e52d03672b6,drat-trim,0.8,True,1040.5,23:02:45,
2864,0,14,1,600.0,UNSAT,0.7,16399,1315650,,4e4d794c0e0595d6439a771f04482b92720085ccf47c7a6728f77bb083437060,drat-trim,0.5,True,1040.5,23:02:45,
2861,0,14,1,600.0,UNSAT,1.2,27916,2078287,,15f336391f23d64f691150f49a4b9110a963c7d703acb2714d7c8abab0cd8cc5,drat-trim,0.8,True,1040.7,23:02:46,
2853,0,14,1,600.0,UNSAT,2.2,49120,3626261,,cf489d1c6689f16af2231cab45ac9ba0adf29e6c731c956da74280fa97f02112,drat-trim,1.5,True,1041.3,23:02:46,
2862,0,14,1,600.0,UNSAT,1.6,35941,2546136,,3f07736327750b8d323839df66236e4890e45bbd82b6112a82c2a3c9649bd4e6,drat-trim,0.9,True,1041.3,23:02:46,
2855,0,14,1,600.0,UNSAT,2.1,48248,3704063,,ab298f768cd7053ee9afbc9a790e274914f50dcef809a7a432ae7afc6fbb1b36,drat-trim,1.5,True,1041.4,23:02:46,
2865,0,14,1,600.0,UNSAT,1.3,32183,2299891,,c5cfa0ddf86d0b148313ab9bd79f6fff2d4cb717bbda183d2ffcb6315a145813,drat-trim,0.9,True,1041.5,23:02:47,
2872,0,14,1,600.0,UNSAT,0.9,23472,1716761,,ff48f16ac4d8bb6ec375bf1b56734bd840ef96ffd7a1aa1071d9e4f0872c335f,drat-trim,0.7,True,1042.3,23:02:47,
2847,0,14,1,600.0,UNSAT,2.9,64728,4729295,,ffc8806bc40cc634f9177d21acf3a84864fb4b7b25f1f1636b0aa2197cc57ea2,drat-trim,2.2,True,1042.3,23:02:47,
2870,0,14,1,600.0,UNSAT,1.2,29479,2241165,,0b98958132c0603b803e9983ed7bb9bc1816bf9a369d055045abbb7649441bb0,drat-trim,0.9,True,1042.6,23:02:48,
2868,0,14,1,600.0,UNSAT,1.6,36489,2651004,,7fa31f699b02cf30b505f96578338e6668ad1e2a40e94bfaa0f1c3e72281d117,drat-trim,1.1,True,1042.8,23:02:48,
2880,0,14,1,600.0,UNSAT,0.4,9138,761407,,6067ccaf244ec653fa95107505691e4a0eca8b4218148b6f371b5f234bf9eb0c,drat-trim,0.3,True,1043.5,23:02:48,
2866,0,14,1,600.0,UNSAT,2.7,63172,4721160,,c46dc3bdc877ce5d5e38ec11a0c6f55cad023d13b2c727b5f1df4eacf9540932,drat-trim,2.0,True,1043.9,23:02:49,
2873,0,14,1,600.0,UNSAT,1.8,43125,2886261,,a12e1c65acf6a5a4efb4ef0134b71658505f862101629ba653d506d44251f416,drat-trim,1.3,True,1044.3,23:02:49,
2881,0,14,1,600.0,UNSAT,0.5,12091,988180,,62ffb02833d279d41cc8c3fb6b7f798e47495e4025135b15042f6c16b0a1144f,drat-trim,0.4,True,1044.5,23:02:49,
2876,0,14,1,600.0,UNSAT,1.9,46646,3266751,,3565376f0c7dbcc537e671ccaf2cdc2971acc7c5b821eaca65164ef1f86da771,drat-trim,1.4,True,1044.9,23:02:50,
2878,0,14,1,600.0,UNSAT,1.8,42715,2928942,,596309d93294032411c6b4a1c676d85c6f80d0b44e8de511a9826665eaedef8b,drat-trim,1.3,True,1045.4,23:02:50,
2883,0,14,1,600.0,UNSAT,0.8,15678,1325170,,0526fde6a0d84b02482ac7eeb935c2450578c5b53d5a44aaab2a124697c911b5,drat-trim,0.5,True,1045.6,23:02:51,
2863,0,14,1,600.0,UNSAT,3.5,82836,5922853,,ed5f9d47eeeda0bfa8586636c68a1d2fd6e39589c659cce73614c581e5f2b62c,drat-trim,3.0,True,1045.6,23:02:51,
2882,0,14,1,600.0,UNSAT,1.0,22333,1634280,,b45b95f2494ffe7479d95beda238e7c1cae4a0f5da4f094c602890ea01ddae50,drat-trim,0.7,True,1045.8,23:02:51,
2888,0,14,1,600.0,UNSAT,0.6,13567,948758,,283bcb72dc8ccb0ff1de0cdd42a88998dc711fbe8498aabc8cfdde5e18fa1ec8,drat-trim,0.4,True,1046.7,23:02:52,
2889,0,14,1,600.0,UNSAT,1.2,27548,2023810,,f1918bb9e42052362e2c7bd550222bae3123a1f34b6f973c86d414d4e8d590c3,drat-trim,0.7,True,1047.7,23:02:53,
2813,0,14,1,600.0,UNSAT,13.1,235736,17160554,,67b8f0b1b49fc9a948669ae4ebb6d2b84f6e795316707e405e57efe4e6944ed7,drat-trim,10.9,True,1048.5,23:02:53,
2871,0,14,1,600.0,UNSAT,4.3,92452,7195989,,0871fc19c1ef3d11ed745ed718d4f3c2b2e96dcd797b1a652868bd5336663a40,drat-trim,3.9,True,1048.7,23:02:54,
2884,0,14,1,600.0,UNSAT,2.5,54217,4071493,,62d240c2aeda1992a49d85209abe596618d58acbb90a61e78f763e55bcc065e1,drat-trim,1.7,True,1048.7,23:02:54,
2867,0,14,1,600.0,UNSAT,4.9,106451,8144632,,b105ba19603da5fdf86e56104ecbb5cbb85605c9fb230b571e96fbb812ec441b,drat-trim,4.4,True,1048.8,23:02:54,
2885,0,14,1,600.0,UNSAT,2.3,49147,3779400,,ae0ba656087afa77d1f84b9e8ee7bde1cad70eab260566b9fe941eaa53516d26,drat-trim,1.7,True,1049.0,23:02:54,
2875,0,14,1,600.0,UNSAT,4.6,94550,7045507,,d23f286157e1622ce6515dc4a71074a86cbb156adae7cd2a2f8f1d0afd9b0ab9,drat-trim,3.6,True,1049.6,23:02:55,
2887,0,14,1,600.0,UNSAT,2.4,50345,3793209,,d8f6b00e802a00371b3e317d65b0f48596290c25febabd35048261d4a8e9cf18,drat-trim,1.7,True,1049.8,23:02:55,
2896,0,14,1,600.0,UNSAT,0.5,9921,720235,,65cf558ac16ce8eac75adbb3b7fe845f673361ed5f4672e7696c6fdca162b78b,drat-trim,0.3,True,1049.8,23:02:55,
2869,0,14,1,600.0,UNSAT,5.0,106270,7967101,,7a97a7c76dc872c4acc9f6a2bfe31eb0baded30626c3f6a627d3d8f2891dedd1,drat-trim,4.8,True,1050.0,23:02:55,
2874,0,14,1,600.0,UNSAT,4.9,98316,7686082,,7197b0a12a156996973a2b71d0db9ecd5ee052ba0e2314014e033a80c5e0ae3a,drat-trim,3.8,True,1050.1,23:02:55,
2892,0,14,1,600.0,UNSAT,1.1,26917,1862287,,44a6a36520e72e4e81cfb740506d88c676fdc8dd59671107d94318cdf8cc0c05,drat-trim,0.7,True,1050.3,23:02:55,
2890,0,14,1,600.0,UNSAT,2.4,50758,4086439,,72b72d91b5a0388e52ca2bb7a77b07702497b0851d744f444bf24166ecec5d19,drat-trim,1.6,True,1050.7,23:02:56,
2897,0,14,1,600.0,UNSAT,0.6,14295,844283,,a5049552cabdb4b72128530305558b737adcae442de989384a1f21dc4bb3a28b,drat-trim,0.5,True,1050.9,23:02:56,
2893,0,14,1,600.0,UNSAT,1.5,34663,2343738,,97f2000fd5ac825bff891e0b1c69eea89b28022b787f03c494b41798731e2933,drat-trim,0.9,True,1051.1,23:02:56,
2899,0,14,1,600.0,UNSAT,1.0,21465,1603541,,f64c91a8c07e901b389205c405936a9bcf9265757b7668fa809637f15e6bb870,drat-trim,0.7,True,1051.5,23:02:56,
2894,0,14,1,600.0,UNSAT,1.6,40871,2976148,,453a4c693067cbbb2c3784dd7d2e8f16bc53c0a48f82225310337e39f8f967b8,drat-trim,1.3,True,1051.6,23:02:57,
2898,0,14,1,600.0,UNSAT,1.1,27067,1946852,,b367300c164d12f7c8956a0a07ddd78deee248f773365a7d4fe185d6c097985c,drat-trim,0.8,True,1051.7,23:02:57,
2891,0,14,1,600.0,UNSAT,2.2,52306,4078852,,329b0be2c56d016cd5315fe6f8265d5a8db25703f5ad19c7675b3c0881505d05,drat-trim,1.7,True,1051.7,23:02:57,
2886,0,14,1,600.0,UNSAT,3.8,80423,5566147,,32e47e4ce33aa66399513fe45e39127857d31506bb5624859d4b1b3ac575874d,drat-trim,2.7,True,1052.0,23:02:57,
2904,0,14,1,600.0,UNSAT,0.7,16530,1292984,,d0a6593d31e8327016dae5c7a1044d34d8d083223937ab3d7d6e4e0fa95eca40,drat-trim,0.5,True,1052.1,23:02:57,
2900,0,14,1,600.0,UNSAT,1.3,31263,2496152,,ac4716f5bf15e863a5ef82d111d575e35986dcaa10d0697972c7e5592555a312,drat-trim,0.8,True,1052.1,23:02:57,
2901,0,14,1,600.0,UNSAT,1.2,27730,2041399,,432c333bbbdd7c84aabf56d791d6fe77d4b13a96f04f19142683c8b68b6f6493,drat-trim,0.9,True,1052.2,23:02:57,
2877,0,14,1,600.0,UNSAT,5.9,120137,9044232,,dfe4e4a37026e3587d7c7b59b4caaa1ef914cb44cedf948150a6c0b759bc23a6,drat-trim,5.0,True,1053.3,23:02:58,
2912,0,14,1,600.0,UNSAT,0.8,18892,1567727,,61e1247ac6c06739df14b77536e1a2538b0020e3dd016cc8ec8499e7305e1199,drat-trim,0.6,True,1053.6,23:02:59,
2903,0,14,1,600.0,UNSAT,1.7,41919,2838665,,c186ebdea1b0538fee88ddf9c4a1d53e31c0f92df34fa99c5b103626ffb9d85a,drat-trim,1.2,True,1053.7,23:02:59,
2879,0,14,1,600.0,UNSAT,6.3,120326,9038213,,bd7a8ce850e3130b0011223331347a74dd3cbd8a34ea9bd634252104630fca7b,drat-trim,5.1,True,1053.9,23:02:59,
2905,0,14,1,600.0,UNSAT,1.7,41481,2970847,,07c74758bf1607c00b061acf763b5eb43897f8b6a98cbb97348ba1819ae07274,drat-trim,1.1,True,1054.0,23:02:59,
2906,0,14,1,600.0,UNSAT,1.7,40301,2989644,,b19c38b4061e6acb28cf85dd76a84f2241fa214b33b034ae8e6b7532305c8067,drat-trim,1.3,True,1054.5,23:02:59,
2910,0,14,1,600.0,UNSAT,1.5,33475,2531513,,c40d42e21ba25ab78750449e3e3480fdf40b4b8eb8c1d1f3391554d77421ce6c,drat-trim,1.1,True,1054.5,23:02:59,
2914,0,14,1,600.0,UNSAT,0.9,19892,1667660,,85c410334d00639d034b416dddb58491997726ce65752833ccbb0b003f7ed630,drat-trim,0.6,True,1054.8,23:03:00,
2908,0,14,1,600.0,UNSAT,1.8,45473,2871787,,09a67a4b625ebfca472b97252e0be4992c8138c5a849ceb8084c4c805b3d1df5,drat-trim,1.4,True,1055.0,23:03:00,
2909,0,14,1,600.0,UNSAT,1.9,46744,2999336,,0d6b7df790d1a598d4ea6d0713781d38e63c8528250739fd3179739d1e6ece10,drat-trim,1.5,True,1055.2,23:03:00,
2895,0,14,1,600.0,UNSAT,3.5,71223,5518839,,ac086a35e153fea43d710e9c5257f69a8ce17ac3afd346bf6e5df46ebbcc6f0b,drat-trim,2.9,True,1055.2,23:03:00,
2902,0,14,1,600.0,UNSAT,2.8,64169,4493371,,a02184494a4841cfdc52239fff1fa1497ec5c6671076a0adefa4a2f32e897c07,drat-trim,2.2,True,1055.4,23:03:00,
2907,0,14,1,600.0,UNSAT,2.3,53663,3789092,,3d6341ec7910c772ade106f58a9e9990c0f8e9372399ae6bfa77216a563da0e2,drat-trim,1.9,True,1055.8,23:03:01,
2911,0,14,1,600.0,UNSAT,2.5,57734,3973086,,48b2feb6587bc653994d280812ba746d1796bcba2ad84a4f2e67f5495ce24c69,drat-trim,1.9,True,1056.6,23:03:02,
2917,0,14,1,600.0,UNSAT,1.6,37057,2433792,,4efb2061a2eecd73cc361d4849408cd76541bf46022bc0b75861ae4dc9424bb3,drat-trim,1.0,True,1056.6,23:03:02,
2916,0,14,1,600.0,UNSAT,2.2,48437,3594641,,2921a6e8ef7362479935c38409787660977fd3abd2bbd7ccf8629f6743af3da6,drat-trim,1.5,True,1057.4,23:03:02,
2920,0,14,1,600.0,UNSAT,2.0,47253,3211352,,c865237ae907365aa2b8f0e81e680cec2f4d8e923bfbf3b7242c18fd058c05cb,drat-trim,1.4,True,1057.9,23:03:03,
2924,0,14,1,600.0,UNSAT,1.9,44183,2893195,,2a5cccba3fba2cb21c8c92719420f1e34c7364bd6aa885f6745bb48672c3bb6a,drat-trim,1.3,True,1058.4,23:03:03,
2913,0,14,1,600.0,UNSAT,3.6,77869,6028557,,8b763fd74cec17409d225a3b76014feeab8c5a55c5c67f506bd548f75f00e65d,drat-trim,2.8,True,1058.6,23:03:04,
2918,0,14,1,600.0,UNSAT,2.6,58974,3992441,,12e489a5d3dd2b986d267667de0b3c8ae4212c2158b4f9f4469a1d17efe92889,drat-trim,2.0,True,1058.6,23:03:04,
2921,0,14,1,600.0,UNSAT,2.6,59654,4320360,,6c8b60ae0a350fa9c30ed2a901bc2249ba2e2f294889598aebadfdb6244ef478,drat-trim,1.8,True,1059.5,23:03:04,
2926,0,14,1,600.0,UNSAT,2.2,49855,3693872,,c684c967920cf0631145e42b41a60dc15ffca0f546f4cb7c07cec22c205b200f,drat-trim,1.7,True,1059.7,23:03:05,
2925,0,14,1,600.0,UNSAT,2.5,58838,4189846,,119fbb7231b72c8e2b954e8f2206edeb0dafc18a2b8edb579d74c3f08d99c149,drat-trim,1.8,True,1059.7,23:03:05,
2922,0,14,1,600.0,UNSAT,2.7,62537,4298311,,42b48d3a19d48dcb6677a36824a16ee1518432ae05cf08c188585c0a6754e397,drat-trim,2.1,True,1059.8,23:03:05,
2932,0,14,1,600.0,UNSAT,1.4,32305,2536194,,92a123296526645f9c39425cde25c0e322b6c99c2d2bc662a3154b3d09f75326,drat-trim,0.9,True,1060.9,23:03:06,
2935,0,14,1,600.0,SAT,2.8,62362,4578141,,,,,,1062.5,23:03:07,
